subject_id,mean_HR,std_HR,RMSSD,SDNN,mean_EDA,std_EDA,SCR_peaks,mean_Temp,std_Temp,mean_RESP,label,stress_binary
S2,64.29788071628595,2.88906806437049,46.075431061024176,67.73733620139556,1.176307027031533,0.06952618252962206,1,33.53725365496764,0.020943010818552786,15.106452976420185,0,0
S2,70.02100992723115,3.7840064109141682,49.656982357704315,52.0804732917438,1.6368787711984367,0.046845520834917935,0,33.616259894852256,0.022898840889641357,18.40984584355715,0,0
S2,69.86156635727417,4.032600404017977,52.10198767674686,28.4482395243653,1.4024330933509972,0.01379737350007968,1,33.79213972175322,0.011745869658715623,13.606679061572956,0,0
S2,72.78746232769973,3.362476458805302,52.15465864087009,58.45517943888766,1.3342349867169319,0.06142695020653576,4,33.635819361064314,0.06941047640026421,17.541356659046222,0,0
S2,66.42188865237956,3.741963016529465,51.039982377957884,51.044835484197066,1.1850605942612615,0.07953317250859258,5,33.028777817970514,0.06400485906724838,17.334112206939583,0,0
S2,66.64472195976103,2.8677005560575375,43.34267287916341,52.10863143530058,1.343690798679458,0.048527777684161874,2,33.982153141220344,0.04435557622025579,14.601706843816165,0,0
S2,66.45988052545705,3.2954775244231835,40.01218084012032,59.52936326533509,1.6175508459701058,0.028053082628666834,0,33.41345080938571,0.05681844397117907,15.982365907508385,0,0
S2,65.0490698374852,2.9135864931683866,32.934773683620136,53.33939091648935,1.7638724896855136,0.05551270315774816,3,34.231386205201986,0.05557446069941323,11.819964502739442,0,0
S2,58.29520513769921,0.5477353986842668,53.79717580627856,57.14938830094755,1.608648754810325,0.03197412362670664,0,33.8040454665469,0.04782742671822289,19.540863033133437,0,0
S2,72.54687991806124,2.9445150417023265,43.578143029834756,34.77685066804265,1.8598802637350478,0.055187786179993883,2,33.61928263740903,0.056046965806632855,15.381814981606157,0,0
S2,72.01118151227894,4.516233322933896,41.71693353050959,45.56943191532738,2.2124631212907158,0.05624916962195895,4,33.72978905474814,0.04373952583567119,17.607626102752516,0,0
S2,62.64989719801018,1.4008765274625175,54.43773075760561,69.03958738659293,1.3533670190612481,0.022628197689162858,1,33.56544154614805,0.0607098361995041,17.22768268295085,0,0
S2,67.03321693176868,4.060446814110468,37.81433648435458,54.8144919548836,1.3889542912812647,0.08082741993836365,5,33.4520610829014,0.03344213842168574,18.715761576199977,0,0
S2,65.77577383999693,2.6961355645690728,51.67836335384342,38.26495378009777,1.018701872104777,0.054846673721662256,5,33.66027039110283,0.09094797842260477,15.13339318619488,0,0
S2,65.93202598164399,3.1148614682138955,47.37249107463177,44.27468165564342,1.8079324832440082,0.08102525709465942,1,33.86348805287311,0.053399458058146165,16.407645455054933,0,0
S2,60.186918564168664,4.153245186428456,36.697360987876145,45.0741382059681,1.8405333506892623,0.07053159693104157,1,33.45863198812362,0.05332176265016303,17.118218405229054,0,0
S2,66.22750134477661,1.9796167527378452,44.39357003977452,56.023476825496665,1.1905704595950501,0.044618111241420996,2,33.411319763245224,0.07978090347768958,17.74508318286096,0,0
S2,71.13628305612406,3.8778251684801135,52.7837082700463,50.67390719451987,1.6360065600632596,0.04132699346456306,1,33.4913443204422,0.043153827227512015,18.308708676817847,0,0
S2,78.98335331262479,1.2691268962344326,51.364763711167534,48.40817697563522,1.8158355455039492,0.07888677583963621,0,33.88359424087112,0.06772127120492306,15.045236538849359,0,0
S2,70.32233327599202,2.862922178958147,56.96347402306779,55.039373044314026,1.5186007872595786,0.05400268838346846,2,34.03375598695582,0.006582683437391802,14.671545113391154,0,0
S2,69.23427784936435,2.513285503957251,47.70545001594656,59.77754099433527,1.7049347361829077,0.07668891281728271,2,33.70659508629985,0.06963094753460163,18.720222732496342,0,0
S2,66.6836585401038,3.330700557063932,71.97837002901338,52.409713552611095,1.5031642100073577,0.04970563482730127,1,33.772385152927825,0.06592810859392653,11.925848130055723,0,0
S2,66.34438578804998,2.7186148934489136,37.636873559460994,49.252907923866005,1.0856578387021445,0.016706136076099845,0,33.40908065553757,0.04987601720652255,19.140064561085346,0,0
S2,72.53516047266018,3.403119327085577,41.81089287987839,50.78501779660117,1.765518524106176,0.07245355369596043,2,33.86101730770281,0.02117608479008003,15.395351515847384,0,0
S2,69.90953719352235,2.877088693448545,44.51308730020203,58.39820964186644,1.8482460048641765,0.04849392690489754,3,33.763512015856634,0.027974961903057764,15.990874342019408,0,0
S2,66.20316222737506,3.487673274923294,33.64999633126878,54.92619850055427,1.67106462587393,0.06494736063223604,1,33.38495252533886,0.04418615383937914,14.635314797759692,0,0
S2,64.65919240977124,5.0550926086214725,53.339932938715364,62.67296838706404,1.16436512782149,0.04361279984932684,1,33.06168942913757,0.04106633058618666,15.903609028928374,0,0
S2,68.09837964288354,2.524328652031398,52.22825992500674,43.50207422505642,1.2253604790107377,0.03369001853423023,0,33.23181988143255,0.03881949013532286,18.54227645196183,0,0
S2,66.61080597310368,1.565911130767476,45.152002648497195,47.24663894043056,1.1115858904737572,0.046169343521734144,4,33.397230094262746,0.05114948006048594,17.54172620292808,0,0
S2,68.72328973919312,0.7171975099592021,40.72466837061196,62.73140855889249,1.6817075143891542,0.04796100975040288,0,33.94657210804114,0.050842681634838585,16.98537296760081,0,0
S2,67.8275993731458,3.514588990690539,33.039569033485314,46.98172156650306,1.8312311631310867,0.0740927014515165,1,34.063848845468904,0.06702708529201021,16.177746012263487,0,0
S2,70.30279684149812,2.379636277464448,38.68593337041664,68.84015718932679,1.5780601796268514,0.03527175655484707,2,33.466135550074824,0.06159008803099708,13.108780055055835,0,0
S2,63.68492473278305,2.4527201636624785,50.94969027016981,69.05205305878188,1.732874981898519,0.02543891961752752,4,33.47561630688572,0.09748283486801193,14.311726172964521,0,0
S2,73.1133702459043,2.689275735382806,43.30270862630699,68.92325753491903,1.1904219794161037,0.03746951634622912,1,33.67647782950885,0.006157398875160425,15.313597526737665,0,0
S2,79.85865335468338,3.851402092378829,41.58504964768222,46.19359181470231,1.494472862138409,0.030241283084069176,1,33.601634865439074,0.050572411191356526,16.915352908857678,0,0
S2,73.51996008560289,3.968623156304421,49.01158665219844,55.76894948584572,1.0397529893950272,0.03055462904551857,0,33.87727113790933,0.05158964903635077,16.139305329037757,0,0
S2,69.61995445268907,4.523787410193808,54.26549322345622,50.06567517796673,1.2191800815619387,0.0008650588627304168,0,33.44103448464097,0.033789883060415624,17.96700861271693,0,0
S2,72.27244534426806,2.095458116212929,47.056934960450235,64.23162608341953,1.714316370867185,0.04626189754879183,0,33.88273380905141,0.04904418245252924,16.94725477545513,0,0
S2,64.70905981701318,1.9387373670534096,47.516103166905374,72.06604953678462,1.3788359539517734,0.03691253307773969,3,33.52622347335618,0.03453550059094354,16.108701155877142,0,0
S2,62.41222433432607,2.649210754827131,55.974897068398214,63.735894156353794,1.8135288976159063,0.05436445465062193,2,33.854183326037464,0.06821128244742161,20.551522595134408,0,0
S2,71.84020285580834,4.055330996546415,46.40442635163866,55.091443457401375,1.612102307517515,0.06307268522670648,1,33.516678774030545,0.032520517610298075,16.812453370099856,0,0
S2,66.59283454182179,2.996704079672646,42.525691628443376,51.34460703167457,2.2710409541284386,0.09748658806984778,2,33.4140625078446,0.07029065385374596,15.136115596783256,0,0
S2,63.358688799028236,2.559495441126475,50.3850040221918,61.49086732629106,1.4788439354555,0.08164076365927561,2,34.1716862046691,0.04223861620405172,19.71993401297386,0,0
S2,65.2230361242852,2.331598031696732,42.94695853845956,42.77126463324693,1.0287927262554515,0.07791463871857128,2,33.91755903748118,0.023807014199762035,18.400823096826798,0,0
S2,64.22319196974735,1.0862224197316437,42.05739420693791,60.36336032382065,1.4403554095814737,0.0688256915612095,0,33.06037738267654,0.050553818632324256,19.63217558048763,0,0
S2,87.50959405969655,8.88752920814652,25.85819074650668,37.483962331390345,5.0307906604736745,0.24178488216074312,5,31.93425036989736,0.1446918332635251,27.732359839290424,1,1
S2,84.57686415191176,6.685450692755408,18.38330458774383,35.79553204775754,4.878532175164948,0.2956753219153784,5,32.98474012356759,0.12279069120928816,22.714113402839143,1,1
S2,85.31444098416927,6.8954171200346295,34.169240392012085,30.492329226916787,5.5755729205030775,0.3142722759867544,3,33.715814058124224,0.15316610120529728,23.83706457731102,1,1
S2,83.99674177148536,6.39304233940294,13.14878405829054,27.075629856473114,6.981667187799905,0.3209003757588512,3,32.79094639310264,0.09641057222851093,24.82368952914962,1,1
S2,82.98944360694722,8.880234430898945,16.836854654828528,32.422923352075834,5.369876440096151,0.182360769794073,4,33.08750609337267,0.17203761731643263,23.559827369469076,1,1
S2,84.45393985426105,5.919684098711313,22.84864642195187,23.451657376239176,4.480244845358273,0.10692248978819519,7,32.991421754288005,0.10512417659643157,21.660699156348414,1,1
S2,84.26469375556742,4.637896685050238,22.44696959572825,25.097991364434634,4.843993620096681,0.33406435489887243,3,33.47334822209634,0.07389504082790437,23.582269978694924,1,1
S2,81.77389856236121,5.107633133570441,24.440220396893746,39.05862787475774,5.80751148017412,0.061045926905446884,2,34.00876388306656,0.08190774723003694,26.220895249579314,1,1
S2,83.47438599248255,1.1522413467420867,29.90067047537601,32.41220688028153,4.484473825279518,0.09160971765142767,8,32.78564340354898,0.1304165862457719,19.92045410176682,1,1
S2,71.72884405850033,7.571600317301664,21.400745403172007,27.91483959736227,5.63251149763413,0.2925457561784965,7,32.802215135709815,0.06132095427483149,23.398909022440627,1,1
S2,90.85325439780463,5.90457728771604,22.568647301064903,34.97483210751161,3.094124407227411,0.24963974609094317,6,33.415655263544735,0.0536654124322983,20.89963755518248,1,1
S2,89.08692080237248,9.006796603534301,19.027419736378754,37.72184978309757,4.766810649252807,0.33773622905756717,7,33.27074750856763,0.09116143304681344,26.585139886774527,1,1
S2,86.23594819349863,6.053771677989062,24.94164259230321,27.33217465052616,5.453226317194451,0.27083828079475525,3,33.73667384301152,0.018330605263028377,18.430439285648674,1,1
S2,88.16934749703208,5.5056452349588065,20.407607446748305,27.435552345303147,5.966814743670488,0.18180157520022014,6,33.23156218684749,0.05993519960420338,21.323234458185233,1,1
S2,88.3868656073054,5.43779941422809,20.404714894668285,26.684125359917967,4.295934932776003,0.42976865268495223,8,32.854274076402284,0.1256337144506804,24.131635625193564,1,1
S2,82.40139040884783,4.857642020434406,24.717415764818888,35.78310191229217,3.7485022923054325,0.30725827813561585,3,33.23425284499403,0.1559742174634401,27.69657208770302,1,1
S2,83.54991937515119,7.849267365825538,27.174604635402993,35.841344685120745,4.742126174496461,0.2559630369920174,5,33.44147234495027,0.07412252889177705,22.802749216781038,1,1
S2,89.91530084625587,7.39644662722718,10.959467241630614,38.31541992774659,4.050379100212405,0.28934853854217496,8,33.32618378519605,0.1358077288011093,21.334401419920404,1,1
S2,87.99042209942844,7.270343603363939,23.80389212336714,36.051617699093015,4.831484973026292,0.3549552715319335,3,33.20090052516002,0.07859059153757729,28.64347120832177,1,1
S2,99.00532412656746,8.634788131268651,20.64898340661231,20.206691523428887,4.945391542704926,0.26975996046923995,5,33.42466078855277,0.18301043490501062,18.65595829875127,1,1
S2,96.46307412109749,4.621624363820864,26.738084688307048,31.685785925509194,3.89539827024836,0.4235963803165249,9,33.46570914889538,0.10791643133850592,16.403582130139753,1,1
S2,92.34347403080372,4.697163992771103,20.749386994627443,23.649687582917686,5.594265594498608,0.20161141659456783,5,33.550854509132115,0.0871861076722272,24.32004335016,1,1
S2,82.17499169410671,6.848331892803833,28.505262165811498,26.922513750171507,4.824943191718355,0.30228354880354996,9,33.25747486775296,0.07705199984245684,21.493837326942167,1,1
S2,83.35805916885617,5.951290815478035,18.617934897579808,31.02356522148518,5.815082201614196,0.4642270358611864,6,32.93114368059037,0.16910172680402846,19.93630154860786,1,1
S2,80.73312084670121,6.872647339348064,10.848350461870556,35.013392390099426,3.4747901141730404,0.25380034781682004,8,33.05667638729044,0.10480125306873046,25.12506934189806,1,1
S2,88.42394528719387,7.227035945460833,27.25796520335833,24.654939945293535,4.136960569973603,0.14772074348015946,6,33.480594499320446,0.0897049385030662,23.731402141313595,1,1
S2,70.29967212171542,2.662831852244821,17.782275188772648,16.051682031285594,5.364049753328414,0.28992231226052795,3,32.671216644322215,0.12588783758810965,21.307764107789815,1,1
S2,83.99368552681563,5.033627075401252,14.098740316282365,31.08318505083259,4.311425849749703,0.4073986763290033,5,33.14546023626627,0.050969373479906356,19.159086803987318,1,1
S2,84.90510279254272,3.0712502395803596,22.080267093219653,45.8614295003913,4.819085779970159,0.2724451818559972,4,32.840655387786164,0.1418839321044862,25.617371984840435,1,1
S2,77.59965798945368,9.367855382915737,20.804106669849155,28.782922681979084,4.9512736004556555,0.204111573713106,7,33.009488841891034,0.14314723333725182,24.950603533875984,1,1
S2,91.53181907594544,5.922983060998585,26.115524878725033,30.28149260970155,5.07731909117261,0.23273727000591804,10,33.50937165776003,0.1353463974994669,22.70247240866185,1,1
S2,79.91055081693433,7.304645756826839,26.462054099076056,40.692981711216476,4.40866133622295,0.09236078430157504,4,33.07443053992507,0.15906161398903584,28.539910988143,1,1
S2,88.3518571826932,8.760182708294902,22.47810222944696,33.541647714370725,5.070143557187897,0.18744372984904706,1,33.016565531979566,0.11583214133749636,19.78974570102154,1,1
S2,103.44806572940793,6.988060372565478,17.575920290410075,31.30116622189763,4.324679342222332,0.2760673765823907,7,32.45404845632514,0.0779877938461832,18.423424487225784,1,1
S2,77.0793675287423,4.656753264123897,23.43470630612149,32.65269999188084,5.490138681407336,0.24744459290085546,9,33.296492339127994,0.14690916077037458,20.924275790356266,1,1
S2,85.85409275843132,7.087200309188865,22.825971900602884,31.50146359544189,4.858839090823497,0.2129385667913894,5,33.256184585173536,0.1308679484259338,22.863241950933507,1,1
S2,84.30064036266204,0.3029147587398491,24.844683372348207,23.161473431059765,5.074743605286331,0.36487657003721036,7,33.86329280203929,0.03041144884887602,23.730018347968077,1,1
S2,83.13358911509532,5.275118117193736,17.625966431276492,21.951329053201814,7.006655778162183,0.1380330105373856,6,32.8748796187359,0.04821274097116377,22.27629182643101,1,1
S2,91.30690775628578,8.32165357475704,19.998135634162235,41.32096867274542,4.065030742729898,0.20322987986881086,6,33.08565104378268,0.11386015526922863,24.05616618954289,1,1
S2,93.38337581744427,5.906158842241632,24.54689058168053,31.103300111430944,6.061580121642146,0.29770408272231214,9,33.097744386201406,0.10307287564241022,19.24538172742867,1,1
S2,68.33044006753077,2.9487524817008715,36.186704979255076,46.88328297475861,2.5512638297673997,0.13211606472582743,5,33.93405120317131,0.04879103697020951,17.552591862014573,2,0
S2,79.72673528570932,6.729359570047983,36.62555105640515,56.86546253390013,2.9760415044137223,0.06687224074936945,3,34.252346181493984,0.06478954923411794,19.15922098412904,2,0
S2,72.27661827266706,2.826973544638589,37.49879118410155,39.68075258299575,3.003477272888908,0.188907825165403,1,34.02991586947037,0.03524358111825768,20.179903333116524,2,0
S2,66.96249169517486,4.786544120879366,37.73944434443111,52.90219124050056,3.044229459190106,0.07060358342088803,2,33.616993843150595,0.05291784717104026,19.348038521612256,2,0
S2,72.60482538364406,4.680306750617763,43.093406805458855,39.57267549461075,2.7700794174245083,0.14898337750504573,3,33.32194739803858,0.0924679312459809,22.01538348917648,2,0
S2,82.24920014164518,1.6945780599605191,38.363621200651096,43.00984831443356,1.8792118500446744,0.11071004897457849,2,33.75771048170986,0.08918987206767043,19.959928881367155,2,0
S2,78.99650989904109,1.4720335918570893,43.12848054050905,63.31225083093429,3.2674300725604644,0.11257533976219389,4,33.7502237492881,0.059958324051596325,18.290145472793665,2,0
S2,73.00214051643432,4.6218127215696825,37.43498393923992,46.474540793893226,1.8775416099005722,0.06910783898694099,3,33.50723102962298,0.031287623435731195,20.002980540817227,2,0
S2,72.99911266688147,1.1303403622314625,38.55044633221264,49.73946298543778,2.602032039029433,0.13905535813848413,3,33.96330210338987,0.08208098272966707,20.249092752814892,2,0
S2,73.13722593238671,4.454028023493978,24.012595208275247,54.960541845510036,2.0735763814002373,0.07863406601247613,6,34.351978862966256,0.027539082130685087,15.759060201840395,2,0
S2,85.12914110627783,4.845018193757536,44.41429372291737,51.96545510378084,2.41864513311342,0.05596882868653261,1,33.8646757279546,0.04577402750478925,21.873549320659286,2,0
S2,76.65507844963139,3.1201538806559217,40.42541933128595,49.20335124114861,2.6150955115616563,0.09209859097212128,4,33.846133774816764,0.04481919105582703,18.247739951596603,2,0
S2,76.89560942442897,4.050188156488454,44.986070769017566,50.919688019729804,2.6113929141350525,0.07512726797974435,2,33.516822498066965,0.07402746129678445,18.311691941236425,2,0
S2,79.89681845863284,5.5465943709820795,17.726212352644175,67.2273246819062,2.6616746835275586,0.10434170704113754,2,34.21721532363522,0.06925252670762205,20.878439967689864,2,0
S2,75.93934698360619,7.176783924438835,52.61862293346509,47.539049623731316,3.2575699409392396,0.05309586972554736,3,33.775447662674104,0.03533063797439788,20.867913060648952,2,0
S3,78.38515909933271,3.1132704105377647,52.93633879629218,29.46078865098045,1.2908247502955357,0.02123444043365267,3,33.535024658847426,0.06838457869150408,15.928717035405032,0,0
S3,73.37094558944608,2.331855914461006,43.60032194643673,64.34319911239274,2.0981555354791546,0.08746595552435091,2,32.96222697510521,0.07160096131429297,12.769736368188982,0,0
S3,68.87482212894827,2.5526781043412488,38.95403872405724,41.33121301584579,1.5350999605459887,0.07562032723470226,3,33.589709099029506,0.05135711021054807,18.329478708914344,0,0
S3,71.47179324135107,3.8527736751222195,49.29207874856323,52.75234598107316,1.384542895827535,0.059694656345889496,0,33.448478008884464,0.03307286690018253,14.530816846403901,0,0
S3,73.92817720206878,2.356450167682538,37.812256145671704,43.298869739406406,1.54954345298064,0.07059921635162322,0,33.352947834213595,0.043304493357869185,14.379495125971237,0,0
S3,71.99889111763154,2.5963515367580032,45.22544925895303,36.9801956241998,1.0900014743622586,0.030897548413012944,2,33.01434786459403,0.058471981311869224,16.401138394461885,0,0
S3,73.84989352176737,5.062524919243145,44.92704802684637,60.41462728204788,1.202655149667972,0.028649341714914546,3,33.64683881674498,0.05048438913345516,18.29727469885743,0,0
S3,68.01217517966442,4.412220555415429,53.68716452665262,62.59155160302647,1.8542635336044953,0.0484071721750857,2,33.33294853287549,0.05904743592499468,13.968356362043206,0,0
S3,72.37231284812621,1.9376064718531203,48.79758586303962,49.2348959927328,1.2970710775297487,0.05856614194415297,3,33.14178373406098,0.04625711469990903,16.123359699695943,0,0
S3,66.04001156436198,3.985729995679863,44.79978433003885,29.089577078550903,1.1800660664165856,0.07374772103129502,1,32.631080120789576,0.10179127284037229,16.857633000661146,0,0
S3,71.2499653065871,3.5796331732135758,51.5421303936023,49.53755551747517,1.6551351869793534,0.05651592633164333,1,33.484504313258874,0.05388768603154672,17.386211214526288,0,0
S3,68.07923898612273,2.6468337071893115,56.12166039213851,58.91804005402547,1.8498506076200667,0.05676967686923383,1,34.02443426377499,0.044091971797219416,16.35288311055445,0,0
S3,68.75274978162282,3.168460976269614,49.462482450814896,40.21088431225871,1.7098253544206876,0.0763519507121592,1,33.99113654913843,0.02986914869440718,15.265944321833356,0,0
S3,76.63924225282365,4.139878561129045,45.08282095874704,56.83359919779156,1.7929536669629125,0.07634230134679731,2,33.35562990779819,0.047638629460178425,14.34481955870256,0,0
S3,76.06011003435897,0.8781451009914054,34.50531014119872,54.846901508270044,1.2671008346503294,0.03784356025811135,3,33.312095166665536,0.07593989093122219,16.17228776609275,0,0
S3,74.1314220356106,2.977131937701118,36.47909069539702,60.792914996010886,1.0675961611986144,0.030013955354101788,2,33.633391061596576,0.03990450157543565,13.855721976028786,0,0
S3,67.32561849329159,3.840620026504553,42.55820236516266,56.19580368414153,1.9445394568078136,0.06093467136402759,0,33.19324315301758,0.045221358016606115,10.157299033010785,0,0
S3,70.42923575320269,2.6331755881853125,40.12390238272573,45.26931059118444,1.3973354095685269,0.04216483701912356,1,33.583296354719906,0.03155179631002995,16.873119608315335,0,0
S3,76.54726035189863,4.615375689469442,43.50422957611643,66.96571501664491,1.4188894562846532,0.043553590615773206,1,33.72258286828948,0.07434317041650994,17.80786968217239,0,0
S3,72.26173720654151,4.521316051922451,45.45319939917686,53.4147042697303,1.892597603775885,0.06996621796295921,2,33.86083875193936,0.04136759374563903,11.274135128916324,0,0
S3,80.97218771190867,3.4037300903366097,49.237542034853846,54.72695460490068,1.6610083640413655,0.04951608787218168,0,33.46271256183008,0.031925962785397444,13.980538590580124,0,0
S3,73.26814090955938,3.3243592817216028,44.43600977552727,45.667320409268044,1.6309056928456498,0.02641920417680395,3,33.43165665972098,0.07375358776923127,17.238308522010396,0,0
S3,72.46306601794203,2.535382702701607,48.892013150609614,50.567177488084894,2.1436400646914926,0.05402319311745679,3,33.2293640087471,0.05566575743092285,20.114990939423397,0,0
S3,70.4584036951719,2.741095026295923,45.51579531848096,46.15197285973099,1.3010838921071246,0.061733876029505495,1,33.24469467856211,0.04050192686754951,16.041587415350815,0,0
S3,72.22903317111103,3.871297297457244,29.19626746916903,53.27053940076577,1.7724913996455387,0.02308040639506503,1,33.42481511720361,0.05252759159092824,14.54399411754173,0,0
S3,71.08499020645972,4.938928999058285,37.485316849449966,72.11708480142343,1.5112432986902928,0.02999337350788851,1,33.60296843681892,0.03644510058950297,15.63420711779032,0,0
S3,74.52730425873625,3.513907849658915,43.84729955422708,41.28098857068643,1.5747170448801446,0.05359163563879196,1,33.766834172644046,0.05701260198547119,18.74975283829637,0,0
S3,75.52167881916023,3.4891871301476636,35.32244205727114,38.86438602123259,1.952679889144927,0.0626944293712354,2,33.251805099569964,0.07219399683912447,14.70807164175093,0,0
S3,68.5509117099501,3.4098186569285125,49.79942983996963,69.71170327493608,1.6464900881080546,0.04517484690762916,0,33.94056535546193,0.06345147402405463,14.401615986699493,0,0
S3,66.36993773775079,4.899881934895216,57.24600665874958,52.90676322848134,1.6556281849360575,0.04734732507234853,2,33.4114217044613,0.030509413906587173,15.034512955635936,0,0
S3,64.3500480595687,4.107080669286972,54.750094813578535,48.309272613400836,1.815891562414108,0.04759237672092804,3,33.48634859646954,0.006546609079719282,14.093342783482575,0,0
S3,73.72683485963206,3.8474216771504217,43.29245703255834,65.39904687396077,1.384653542358302,0.03929343628092155,2,33.26859528102972,0.048189334353916785,16.245340631989592,0,0
S3,67.2814031272864,3.3319803305690145,56.92580909479962,48.94384460263136,1.2423764610194656,0.05380999359558133,0,32.76548670669219,0.0641890363427808,19.24935691693912,0,0
S3,63.083307180171964,2.5645136294301567,46.18933965761689,73.26009713546937,1.1806966030148573,0.060262115963521656,2,33.75797240368238,0.04480906644832166,16.64615854623206,0,0
S3,73.24918397010575,3.738810480887503,42.303312231055685,61.77925871339269,0.9042323844083671,0.06230734968026107,2,33.713811953901796,0.03129122595910809,15.495292995747425,0,0
S3,81.66686762171305,4.085982116175032,40.09277869167248,50.120885918542974,2.111001500203264,0.03928073109771904,0,33.408360517638606,0.0661611559656229,15.416377462168912,0,0
S3,71.67058590582232,3.3672873134013406,42.580242508094976,76.57308213265503,1.1631768515046625,0.08676367353590245,1,33.51285599994153,0.04553068035256296,12.873618382606686,0,0
S3,75.04883264978847,2.6506832038818025,41.89458545167017,48.94285076996662,1.427763274145436,0.04961160788224535,0,33.647540550085296,0.04393640434331449,17.766219554294317,0,0
S3,72.02218698617216,3.79994190194205,46.363329779003905,62.42095372009307,1.4110953712544914,0.017673787831268245,0,33.023995027708104,0.02892635161707292,15.844325605974396,0,0
S3,71.29931093921732,1.932197078420807,46.28459184839892,57.99292580406492,1.5863613705638977,0.06900615183947152,5,33.33404298157018,0.08421226745163851,15.63904017281875,0,0
S3,75.37117548393297,2.8955507814625285,45.024368161227315,68.01741289398798,1.7388605249829565,0.04662356553619979,2,33.73103818866062,0.05140104326226363,22.38621513568972,0,0
S3,70.53377137522729,4.161878302608191,48.4955053579708,70.61511196726853,1.7522814077290911,0.03145293731618852,2,33.11647195782329,0.054767379654695705,16.597505816731374,0,0
S3,72.7644388082695,3.97519762978243,54.52517019829073,55.320041490657665,1.319216129650486,0.06002188339879691,2,33.58082616442406,0.05379163233197487,14.496417899809632,0,0
S3,72.98166077676595,4.001046092567141,52.59643308353059,47.46582129653817,1.4440028470852442,0.004064645859984742,1,33.085784243387046,0.06355750639061816,15.147284807588914,0,0
S3,69.0225077374097,2.3459243168725763,33.12081625240077,59.59972142939117,1.5789133463676575,0.013387342062870865,0,33.632687779504124,0.060224051990499614,18.29689141839351,0,0
S3,97.93682082295965,6.531756459304097,18.240153341305906,32.169021151236606,6.110686409853132,0.20632802639594044,3,32.67568926488046,0.09735469541496711,29.26861616508432,1,1
S3,88.87017846421574,10.199443578333032,20.40473032166691,23.13764275607603,4.544404939958525,0.22529742992540033,6,32.93350130287886,0.08566639391915112,18.177016918645826,1,1
S3,95.41211683519953,4.704916388729682,18.019870715982556,30.65135823465914,4.8267618622255455,0.3244191971499937,9,33.51236684537214,0.09275103307127588,23.554221736687172,1,1
S3,99.36853909991376,4.701253923357148,27.38003569299299,29.800620056133234,3.6473888074444067,0.3821304032273012,3,32.39711595451251,0.1567841201805455,29.070818657688918,1,1
S3,97.58435627348618,4.79915286852259,22.10655824335971,28.751298856364762,4.349443308024217,0.06334600486393838,9,32.305748678473094,0.14030054759347688,23.020399533679992,1,1
S3,99.53465672821025,4.630740348479992,31.50595342876504,29.228774931366416,5.7660206676991335,0.32906255991627686,9,32.95866312126867,0.021195847291526584,22.429882894995515,1,1
S3,94.14763449841325,7.785194676598619,21.696695930926897,18.708905727014166,6.286605620059753,0.12888280707192187,10,32.91311386551647,0.12923056476266098,21.927663731568718,1,1
S3,90.14747138539146,6.028546135672868,18.457966165447687,26.70765055355423,4.0066602637172295,0.1546060580603355,8,32.96209545052223,0.08371854748292878,22.458824954712778,1,1
S3,80.08307468059888,7.372636913913402,14.431428036935865,30.55706940684669,4.520167953898852,0.26058944531152345,5,32.99034006393747,0.12337651921889937,27.11854542402959,1,1
S3,88.2184946232022,9.95288116903097,12.984301618720275,30.959138351984404,4.973014755654026,0.09357583882889486,6,32.80347788292014,0.16468850299874496,16.36441426601148,1,1
S3,84.63538998008474,6.208711875046426,14.079320284972551,23.83394915444425,5.218268288276853,0.16012159516768718,4,33.4887041602149,0.046787454970440415,27.600301103888977,1,1
S3,102.72052585696878,5.621759218445933,23.335633255057417,37.594247045188204,4.34645654528385,0.3421650111924459,4,32.25239719338346,0.09489803518489864,18.728128542649564,1,1
S3,88.63955467738788,9.022309860494694,24.54362511614967,24.802950910712994,5.3333881967924395,0.1048824309948441,10,32.561359974861965,0.09951644208615783,22.200043012296756,1,1
S3,90.43409839268881,3.495213111173762,14.094046489839332,35.81674320316042,4.615067883564435,0.2863631882624968,4,32.85145688071445,0.13547549560389202,21.712266739104013,1,1
S3,93.0037818082247,5.158476412637894,26.475191570380577,32.56316617123011,4.982577544518544,0.010421385662713445,4,32.2354832603124,0.10795792587185979,24.765659809312158,1,1
S3,89.95648423021662,6.873477103467019,19.5846947415828,26.122636140937182,5.431166759624127,0.29042947549616976,7,32.822417023001236,0.14943128767288616,18.205626944348758,1,1
S3,99.86517579456641,3.8578926407019023,22.733965059927748,40.65186535565707,4.999277177069917,0.31802161054504496,3,33.557346851065276,0.147700300499119,24.38651799824583,1,1
S3,85.95897338157518,2.4428248319869663,30.061103141277123,22.838179009461122,4.645030648799913,0.28196518259189773,8,32.901113380092454,0.07983280675969315,29.072928869860558,1,1
S3,90.86251428340535,5.836954653796708,26.48419657932766,35.51492504166001,4.906451518080503,0.2847676483538336,8,32.98503914706154,0.08051085743545791,18.91047798622157,1,1
S3,85.2400460377936,4.648583841676777,20.657346760470837,36.003493908257866,4.9234489938568995,0.2534152417488025,7,32.38869287870504,0.0565101624454879,23.569118502831188,1,1
S3,81.77473448465766,3.828349742229629,17.544038872923565,25.97627874554013,4.698130537315465,0.31793732829565036,5,32.646214221558274,0.054048238593653763,21.01405346661017,1,1
S3,86.02425500655018,7.332625001818424,11.240922993353475,38.354791800385975,4.787102511087485,0.2962591292853951,4,32.74268023264449,0.030967730848376132,24.277661618579106,1,1
S3,89.47264876969142,4.64487069532869,18.4042334037879,28.499720912406282,6.273057097624941,0.36941094030473726,0,32.76567274607157,0.06075337875441274,23.057443332247257,1,1
S3,87.11905620487833,5.071191475381225,20.944348805861527,31.732161775679142,5.442874919574158,0.29620608932518966,4,33.40541630277558,0.1313356203713038,21.075539272867072,1,1
S3,85.54034367273876,5.496922227911009,17.06410236424408,31.561931032627324,4.757755106797839,0.19024898053083583,2,33.115835209064116,0.1568947944679403,24.46361685461322,1,1
S3,81.2569647699509,9.477799327595157,21.343715164538477,29.194147551176712,5.551702884829756,0.34788580507817957,4,32.44817560199925,0.10341272570260097,28.41304432936023,1,1
S3,89.19623611620973,4.383468556718148,22.384259414793842,34.864849638958695,4.727083769416359,0.16695555934434347,8,32.99136069614687,0.1209005642106303,22.427288624818104,1,1
S3,80.66654730779588,6.836796441777367,20.875720090959607,34.76093232331328,5.93263907129048,0.3901598592946429,5,33.09204748417278,0.12601800370144556,25.159273826444547,1,1
S3,94.25520533411951,2.993839396480364,18.7499870958827,19.508808160570915,5.289853114979643,0.35519476177229187,8,33.34881840018257,0.060077574907423485,19.12018112638651,1,1
S3,90.18950806958891,5.232057456095297,22.84327335983364,37.826041457268914,4.908297646017784,0.27502002062516945,6,33.52497505940141,0.17982669959135858,20.130690869545973,1,1
S3,80.9495605551923,12.219837112010723,24.209703247847045,20.025048071785953,5.352312901869389,0.3106723059136183,4,32.48672110804292,0.09267213525118449,24.417218833641133,1,1
S3,87.83961508968271,7.069011296961101,16.548004612785768,36.195277226049946,3.737438439566368,0.3387655425873836,9,32.56841578028993,0.08717329497771234,27.452348085607895,1,1
S3,85.1819311184384,9.590422711824644,29.05466189873135,36.7602308209655,4.092725386093323,0.2730070759191402,6,32.38972764120822,0.11990972356365578,24.06684004635698,1,1
S3,91.60991661449698,7.3318485041089225,21.507059338578692,23.454201418708813,4.038999356101923,0.29215866106144556,6,32.79915084113127,0.1335576200187845,22.060825908430537,1,1
S3,97.73757222812077,4.765493626906154,22.094248114724238,27.53511427227249,5.108493837032133,0.19416982460539695,4,33.0793021345526,0.05599383068113221,22.997874216270063,1,1
S3,78.44383473410743,6.879002461240453,25.541072116282784,23.365771989084386,6.380151360809241,0.32789365035121143,2,33.28769259140971,0.11831091464607543,19.248776798090848,1,1
S3,90.3850260268664,9.348984866695075,23.166080656317508,28.710473818267587,6.779179478175273,0.24944039811709534,6,32.86237837531706,0.1267496662237005,24.8135459790661,1,1
S3,88.73407277858205,3.8165982477213714,26.765683169566223,28.15179429488555,5.504580242373773,0.2112900297525599,9,32.76481977547213,0.12782151030263111,25.646999186970227,1,1
S3,93.72291001068469,7.698204221486288,23.43562082600912,34.67796319361604,5.394814941176733,0.22060330523358176,3,32.95346198167356,0.09713602992567734,21.64372900150076,1,1
S3,90.97404932140803,2.964252506638381,18.93781312679781,37.86185247671765,3.553293173898976,0.21429707991933905,2,32.55870162412206,0.13561532654079145,21.589873556721496,1,1
S3,80.57089463251472,3.6860292706309576,45.41955468832635,60.269821679332,2.012259898115862,0.1429191219106405,3,33.25786521886451,0.10727744989238722,20.70513016428155,2,0
S3,80.19819815888795,2.8210209510475264,42.31904164703688,43.713588295581616,2.015563903773646,0.04475821587384901,1,34.2176339560357,0.06607637191209752,22.718115388339818,2,0
S3,77.94373798788669,5.082343757689215,42.784985262403346,34.34113633925642,2.66603330199611,0.09076534504620924,2,34.10719500838122,0.08906521326642068,17.549866896574894,2,0
S3,77.73018534512278,1.9920913004151268,28.43831002159626,39.06780448041073,2.4698131854359415,0.12771674492126445,2,33.30507997624238,0.04788278358482213,19.598511251338444,2,0
S3,74.39326385461466,6.579066859310945,46.4836078977048,57.886492960055506,2.5105378589269605,0.17970061412672472,2,33.89967112634763,0.04466686824433304,20.249212775757336,2,0
S3,81.18901165299457,3.1756642961371297,39.82875371863699,46.75281457650666,2.1148916938711326,0.13438351547919208,5,33.54186635360867,0.052257387004209704,20.180005677298187,2,0
S3,79.79973427392885,3.931883173101643,35.41506002527658,43.61370162807519,2.378939004118284,0.10101553682169641,4,33.77180494937339,0.02160653687604687,19.18988816979022,2,0
S3,80.15496379194589,3.979243380858644,39.00371927139576,49.280145806822304,2.0320227890870153,0.07241088903743305,4,33.78102602347812,0.05013754355200456,20.856706045899305,2,0
S3,75.064695338644,6.1654480052032214,25.56635336971176,52.01426188934036,2.9392385667835605,0.04973972422882975,4,33.622436444679174,0.07626410373495954,20.205622381701644,2,0
S3,66.92815495262568,3.581555604502287,40.8605696803647,56.93919052721969,3.011764028583044,0.08880959326016663,4,33.457629085098155,0.07580743792103423,15.905843944181756,2,0
S3,83.18063311075038,4.5100769418533355,30.7943994427255,59.58799383914341,1.5710454301021204,0.12282451988878124,4,33.48559646907919,0.07936369321065723,21.172890160973182,2,0
S3,75.30068227193988,3.503037425225016,28.531307999095258,45.12185083368731,2.029383931124962,0.07551053061968999,0,33.4179012101297,0.03829698946884404,21.218227093166856,2,0
S3,73.38099073176629,2.761884205031567,27.34348569647476,37.391618511343694,1.7458747336761278,0.21796377701234904,1,33.443212122304935,0.08489359161473573,17.091784739553546,2,0
S3,81.16226411155186,1.9733884506879678,45.788818624929476,44.69227871101379,2.169127394017718,0.0471016817302572,4,33.67260529775926,0.06963732123436983,19.094844588619004,2,0
S3,75.73480635238624,4.820897196066951,33.59515624415048,50.082244052663086,2.452420376325987,0.12195535341269459,1,33.47803078804085,0.05490088412892604,20.708322482027672,2,0
S4,77.358695864859,2.063493625210404,62.75361017569423,42.45701137064248,0.6829414835977854,0.03664440887062228,1,32.80063860333034,0.05584385456652747,14.15106802374089,0,0
S4,74.56430291607428,2.8126709815936253,47.014694004988954,40.29091242812402,1.1735080672878508,0.005235375333500561,1,32.64280242391461,0.007585996947298682,19.125777537016397,0,0
S4,78.78765712718601,2.393134822142825,37.664922466251504,53.13228085804708,0.7004608763223554,0.059153731721071044,0,32.894801174947325,0.00495009685450469,15.452013836341392,0,0
S4,65.96708665491315,2.5002698238483694,42.31415204064223,48.82390818199213,1.159243848021186,0.03947504286965158,3,33.08606540922377,0.07776675556416895,15.513232041249964,0,0
S4,68.9254542055508,2.6149781882871364,38.6844371180721,72.61688930792192,1.0057773759325337,0.05765977969481857,3,33.21014626294025,0.05282514280174927,15.40032360745024,0,0
S4,74.58547840940169,0.8694335201927994,48.46791773958818,52.17153453822207,1.104724194443363,0.06536414433263475,4,32.864410507257084,0.05430793010912576,19.808273179146013,0,0
S4,76.1988449639602,3.5082686396745895,38.551459530001566,67.89396863430025,0.49717728978812237,0.12852475412872655,2,32.90773807654655,0.008317741210028234,19.251917830724125,0,0
S4,77.9161385207829,4.724696649761109,41.21718862120285,64.68006474940634,0.8562355997014716,0.04425104961199289,1,32.75362793053539,0.05574657808806019,20.43756046689627,0,0
S4,75.22742124526017,2.954487754698758,34.724557004739204,52.91045844775986,0.8108941406576101,0.04151527333203913,3,33.02220567207715,0.03860334143522483,15.681909579199898,0,0
S4,75.18677079145934,3.3295087355730093,43.94330395584685,76.10135582085623,0.4001405845577809,0.01965652606656642,0,32.777108832932335,0.06501158335043532,16.59124897749419,0,0
S4,72.97054399790426,2.583805595114746,46.4140383464164,57.685339864648085,1.1582607609709137,0.027398613219192847,5,33.20357576716194,0.04099974284008373,12.966714901158419,0,0
S4,80.89176978964312,4.257149216862572,23.52169562306006,70.13009266003989,0.5815222729578359,0.03929329825967554,0,32.49587747560935,0.05716907236419241,18.95386885223655,0,0
S4,70.11605634814306,2.2690437242845265,47.07658849184177,68.96596891581264,0.643872193379246,0.06515843699847239,2,32.92374852145384,0.06371015477580408,13.66444089746413,0,0
S4,75.96423078024881,4.848608833296412,44.63439815122577,59.14647985104783,0.522747791350723,0.04648872109001569,2,33.1219696249471,0.06337309609515814,16.43355112752526,0,0
S4,70.57691483167298,3.0980675395389445,38.88006440995098,62.51130847805851,1.0370984398511527,0.07591743563726029,3,33.08678777808633,0.035623352247825396,13.805394944734312,0,0
S4,76.6672643532451,3.7450053128772813,61.22903139415898,61.24071415119476,0.36896362639826213,0.04610605407766637,1,33.839547522383725,0.04871623645783005,14.822266346522607,0,0
S4,70.38007989247399,3.091752484448373,52.66781222083804,43.55738568608292,1.0121049821694112,0.05504480792853355,2,33.13657743055995,0.04767541913756084,14.3254751379006,0,0
S4,77.5034129640269,3.2147131831705265,36.22878011078879,55.57290354453016,1.140096737903079,0.08156236115124368,2,32.730421044136975,0.06970899371230438,14.784249478648364,0,0
S4,74.97656995732312,3.8691545924968964,51.705895036569125,65.7424723394466,0.9878960703177689,0.040889209479522584,1,33.002998149062854,0.03221518343543352,14.921754593702042,0,0
S4,81.50670686305978,3.9553005582377527,54.955984608168464,70.26186317361662,1.0405310871839695,0.06752093585059589,0,32.49876352314964,0.07945341351501964,14.903462410149846,0,0
S4,73.40407158093872,2.3960193740307707,46.05616738094046,47.793603281680504,1.0546064829034536,0.04540902689279306,5,33.00745749840055,0.01721031674949132,17.666667823560616,0,0
S4,76.22801463501524,2.607528893939127,47.891536295578604,60.2883130181302,0.5419152440123116,0.06993141021158894,2,32.78172060608935,0.040670092415436045,13.79027441387496,0,0
S4,71.40952504818222,3.640479795200824,47.70677333537273,56.50870213277535,1.257163035929344,0.046189937880043774,0,33.30625450585763,0.056481140564431216,16.441082854027734,0,0
S4,73.37657814425988,1.8523086101843327,28.31347312861369,53.82125935418404,0.6887196657899912,0.05170418899267802,1,32.86677534081092,0.009822719418014464,18.435918304611118,0,0
S4,74.95114808780247,2.813103841838015,43.50504322519681,58.560026292250264,0.8068262567530492,0.0173905351256972,3,32.996607648451004,0.07411989033093633,14.973607270973208,0,0
S4,68.41927048013956,3.777407352764511,43.088697264127774,57.179974106661376,0.7269513465247531,0.05933341963932162,0,32.84097007076826,0.0804201245431876,14.564162218504796,0,0
S4,68.85765443328597,2.051083479175163,56.44124509247902,60.41407568872588,0.9742051782932336,0.08494726395831118,0,33.553292828745576,0.0686438312852077,15.538950749639499,0,0
S4,76.92758736936764,2.763444712781054,47.669822908494986,69.41716760950052,0.6653313690888142,0.07271240294365888,1,32.935264593354205,0.02787412975176732,18.35945041672142,0,0
S4,73.94380288389834,2.1754858384723263,42.619112303066444,62.841275908647006,0.8468172593012514,0.037828205535205994,4,33.58140453623334,0.039420445838719696,16.388215261906716,0,0
S4,72.15644403783297,1.9434423572397472,44.27900207207191,58.10591258872703,0.45613939688623933,0.0744616613419065,2,33.27588295182506,0.04482291199260337,14.937571410784804,0,0
S4,71.58020544835803,3.3525049683568797,53.18708465301921,73.64625056823078,1.1761421045805123,0.03859297267172639,1,33.17625744139019,0.01358793398902966,16.967753302376078,0,0
S4,71.73419498713028,3.270057358391422,43.523322694037475,66.09929595880337,1.027964825815102,0.011754900491604464,2,33.142257367384836,0.04862731907829063,13.795415700327153,0,0
S4,74.97835303005797,1.6316849611671895,39.414435735267126,54.07601561396652,0.73906461345951,0.08974551998461616,4,33.149776612654456,0.06822725444349444,17.362719020885898,0,0
S4,76.30829362648981,3.1057537912714803,42.794382456633066,42.82879597647095,0.6859978330222978,0.07527413355309337,0,32.4533356493859,0.03307368045068529,16.817214615403536,0,0
S4,66.15972125152416,3.543479378670093,52.52556915058146,45.12169319079534,1.0201310159253498,0.053996208674374276,1,32.94797240494435,0.0552804016266734,15.384383057722232,0,0
S4,80.17948639710463,4.272353500106767,48.96931924478349,64.33232448315634,0.6145545278392524,0.06464984205559604,4,33.28518481454488,0.055774473256500465,14.322828403105538,0,0
S4,79.89495322179303,1.3451125637717039,45.35414378679291,48.696875207470185,0.8643521367595915,0.03079907409441073,1,33.016968268147345,0.04754582132808552,14.226638155433086,0,0
S4,65.20553111583746,3.093372374276651,46.53231439555864,44.91944522888052,1.1751621782594626,0.027395925506521524,0,32.61008046914851,0.09823353351156842,17.06963467269182,0,0
S4,78.87185695531625,4.516394055253572,40.522060211236145,47.419146733128,0.5833654062888831,0.06204236640784967,1,33.01591608801634,0.051440737225674896,18.457961004978124,0,0
S4,78.74902557534922,2.787791030098848,43.448404796458775,48.126156879093,0.9373227907661017,0.03096163079955529,1,33.542869078066225,0.05154961037037725,14.72538450594241,0,0
S4,74.52993214677524,3.2577525401427505,39.69356542580386,63.50647667782251,0.9214601221106885,0.025164788490367514,0,33.40570493785,0.056683528344897954,16.91677340710297,0,0
S4,69.33947568248556,2.8447409511752513,42.64176572560205,53.43257924217724,0.797541496431236,0.011843848842452182,0,33.01303622037977,0.032792299784409965,11.825945962795863,0,0
S4,78.58906253668535,2.586394466578356,55.769426109013,41.276253997005945,0.6756056667988598,0.08775375314680381,4,33.317072206307,0.06113106249067517,14.830764538685601,0,0
S4,73.56322590483565,1.6645184309001086,36.377025508982484,55.310448977623565,1.1911816590983564,0.059720725788352746,2,32.92168531707917,0.01905392022123269,15.937882134258196,0,0
S4,76.72366554530089,4.082691053887073,39.49025866861668,57.22266132448242,0.6474719512999509,0.04057750696364243,1,32.52047594714156,0.048127276225216585,14.180633166036333,0,0
S4,100.4829300552782,6.353972622910121,18.452794987862266,34.55827377290501,4.296686026046456,0.30469610954632903,7,32.67493589986356,0.10275382925135412,18.651740812467743,1,1
S4,84.80516875851956,10.20734620612344,20.557256520621475,29.433247713347985,2.9417814992741,0.30963970691176534,9,32.481204393726635,0.08048026735171099,23.977522556443773,1,1
S4,84.1454410593471,7.641933768736801,18.081232394377857,32.51765983214471,5.52269312399263,0.0862395082543328,9,32.11495368296254,0.10478401050668418,26.62504345272069,1,1
S4,89.02655421194903,6.638320580183981,30.67468287918404,24.816702236461403,4.359803047846535,0.2631020762078698,7,32.34991928986884,0.08664884516644451,26.42439295391675,1,1
S4,98.75842327614096,3.9754532863259695,17.716139530866037,37.67678958994651,4.681144246387941,0.17106529879490373,7,32.75320515554186,0.10408299664989536,21.322010185588265,1,1
S4,83.412073717164,3.772961535144015,19.222266102565666,36.250347984353105,5.087982358489275,0.4270167615647273,7,32.12334259930923,0.005635907173748234,26.807517969375137,1,1
S4,75.53521658136165,5.353124264910792,23.021945158014884,33.501265818071325,3.5098125759818006,0.2610389639107697,9,32.25551870834656,0.12029683711333156,23.63884992101487,1,1
S4,89.82119701957106,4.168150545475146,15.989252369619557,29.222896518819354,4.705520061258223,0.36342947938882125,6,32.34296199118995,0.04424675824748309,26.723442031636182,1,1
S4,95.83859496949059,4.867742822784864,20.02159644121868,33.479143711770796,4.112629669311006,0.3120747555279424,3,31.971888779103228,0.1416075425917101,24.721061090007662,1,1
S4,99.72972066845803,3.1919974072378046,23.587266306250875,25.758644592075907,5.004159162203235,0.5145036790415158,7,32.12910805333815,0.06410033747331162,18.43520947210199,1,1
S4,89.74918199751266,3.375635044944435,20.335697978087445,35.133333954124275,2.6249606057488446,0.3002714891773257,2,32.500657499911256,0.08606826185674171,28.24021681252504,1,1
S4,90.05959052732905,5.007895374920511,21.53306570550026,39.896885365943525,4.247467101837025,0.30956440575697197,3,32.912628522250785,0.038908172382887636,23.15535155359686,1,1
S4,99.45155457555954,2.5957312000505954,19.353339437758144,36.42366335987512,3.8444860174028714,0.1902576634856772,5,32.55849621707377,0.14311606957813303,24.730381471741453,1,1
S4,81.30969997185254,4.891889413174432,14.427648454096165,25.622385181155543,4.672552902537365,0.4099156684528614,5,32.41329291944197,0.14804059044687562,18.967866114584467,1,1
S4,90.197025518927,6.5658923690149695,23.607966056696192,32.168503903638616,4.702777891924603,0.2839723859374757,6,32.099129113608655,0.11128010500067423,24.515979500234195,1,1
S4,93.6706935095754,6.3194354573642,30.774665358236206,22.241150737448113,3.76064182617242,0.21337583025218204,8,32.86970158787767,0.08999248667171349,26.308783198227978,1,1
S4,95.22346249773527,3.860079686814836,22.09200815391719,33.43434186705405,3.757003450689206,0.028995721070982,5,32.60503962316832,0.144162824371282,28.80596100979521,1,1
S4,89.46931001087977,6.3145168735705965,23.126320586237746,32.703620477175235,4.238210247184178,0.25062113556217863,6,32.14894551778188,0.11593796491431518,27.20119938438585,1,1
S4,92.73479624026011,4.343205090412702,25.463613775584296,18.781101962807014,3.6094287601778743,0.1498937786615567,7,32.79109680666354,0.0886526122528739,24.66267411183812,1,1
S4,77.59818604954712,8.736196963527625,15.653347517266504,23.029296936525817,5.000329498391743,0.13312589715068734,0,32.65546824779376,0.0050826142723266465,18.36686793995484,1,1
S4,88.57865969602197,4.957197816362495,30.512573290648028,28.301166619537398,4.031376781672083,0.3642699916235183,3,32.10622528344308,0.030698239025825858,23.396818371492262,1,1
S4,95.24920244535186,3.6394327923542567,23.01164398211401,28.19484151715504,2.0011519665727273,0.2763546740578169,7,32.391086120683894,0.2027962814190134,21.22247130436121,1,1
S4,86.63438596449699,3.283576662947609,30.159284495445544,22.743138387487168,4.026884896732596,0.11030659085320407,4,32.234528331892406,0.11354793475356742,23.704933624448742,1,1
S4,92.88205549956264,8.409348879987409,18.334835022380055,32.3338723761131,3.495907485354863,0.18759012876742898,7,33.48505259920222,0.03514423375511325,19.351022501614704,1,1
S4,95.20938517484124,6.867498441772692,31.090309612789124,31.508841653643074,3.0217218896612845,0.3114841397302973,7,32.64433537643984,0.17114620506152994,22.369499276624296,1,1
S4,90.47285496487847,7.313894224648558,25.875777470173915,28.834385208128886,3.336801231451983,0.33280660763723796,10,32.50634224512888,0.08951419424528377,21.448450748581795,1,1
S4,93.55093279600449,10.883008684338936,24.765200429261792,25.46525099904982,4.414269319496417,0.210185798941153,3,32.62070264562026,0.07552311514352919,21.355500932092262,1,1
S4,86.75175477831738,9.619029837037214,23.17012227176574,36.292242758499384,5.3896552046286255,0.102576272110459,4,32.98330245846858,0.0261036646188834,21.38529144202654,1,1
S4,91.28848249184878,6.239113849196969,20.757356909627752,39.93244267852977,4.577290121122025,0.24982634767243045,4,32.39828536541419,0.09088448073797352,22.592435850835265,1,1
S4,96.18944718756039,7.987859514243303,28.00265829236936,27.098631096920776,3.8415398314574487,0.15917938177114294,6,32.19567370404327,0.10256668502498698,23.858584277144065,1,1
S4,93.46998793583566,5.279788094723626,22.701799349240236,26.326998497071074,4.691465898166603,0.16087814998932493,9,32.76935071442855,0.09752639664157267,15.504519236385647,1,1
S4,89.00896255264145,7.705191606590206,12.164651482064238,32.94724599247198,3.959470293854847,0.46205681204305016,7,32.36165959678905,0.12317675931595877,15.87070143098641,1,1
S4,93.87344859576982,0.9783299971970969,16.414067691464986,27.851823721518084,3.771062246699525,0.2461859914558351,5,32.003679291557376,0.10199211163611331,21.983925980234375,1,1
S4,96.81580891384476,7.8724180191599,21.070771239036265,29.163616796020595,3.403252407443653,0.2684810302489739,6,31.925762850487153,0.15012355669208308,22.40669286588316,1,1
S4,80.22850249856019,6.783341231230543,23.549994915827774,34.43791891034803,2.925279496628665,0.40587980694978887,5,33.04335604352539,0.08245016319806826,23.56733364981182,1,1
S4,99.48259455976044,6.288686934593388,21.71705755550052,18.543863474956243,4.014803576782485,0.33266415353898965,6,32.48429524995729,0.07711223718826227,20.816982935431326,1,1
S4,90.51062173793862,4.419974395837848,28.094853948968314,37.909813949116014,4.453185333966146,0.18706479003133147,6,32.195810469592615,0.07003137531644311,23.028395582068043,1,1
S4,95.08108976946644,7.045123841750654,12.244490679806876,30.43608314597605,4.249443606018129,0.06651919703654441,9,32.33790345877275,0.03776119894728372,23.379569615054166,1,1
S4,99.71163171189643,9.725492984714524,22.717939682525802,27.531041132626918,3.9939689996721537,0.17749032790258223,4,32.75461531039292,0.10800059404686993,20.796325709403586,1,1
S4,84.29810798664226,3.0217071642017435,12.910103873064227,29.464595074671305,3.570145693472616,0.2594124267789276,7,32.31427521685276,0.07123973329274384,26.0403674652233,1,1
S4,72.71270267922299,5.019363527740962,38.00130665244481,51.33543602611853,1.88144634154007,0.10597677894036789,5,33.35860113552669,0.054232155993994016,16.51149099243813,2,0
S4,87.21275235784863,3.8200880895602913,46.054252854151486,51.05573166019276,1.8646222136292305,0.1296162848950895,2,32.41495410091264,0.0606780156825092,23.568153762392534,2,0
S4,86.44097880532941,2.437228681839207,30.071353725082467,41.4282437677628,2.497458529716892,0.05066009664220387,4,33.51440099172562,0.030207251571277814,14.861577796485495,2,0
S4,79.99137621645498,6.18337122773403,43.314249518936826,52.24877281827686,1.4803651131810194,0.1322984734244978,6,33.236205529374814,0.05787024233638906,18.286240757572212,2,0
S4,85.52524533341462,3.3193112722538745,43.54257488962429,60.97998672720811,1.0726486148530765,0.0770427996813057,5,33.545992762629126,0.08186474215164419,19.210809568105585,2,0
S4,90.04461360866085,6.856650262262111,43.500684065077664,48.17763147634109,1.2482533044588946,0.07578428304289844,1,32.890316024446165,0.0827683104131142,23.128091446718216,2,0
S4,84.2985298358155,4.042019373038334,32.352775338533576,36.31260049078674,1.8152301148067902,0.09150284280358134,3,33.23895962504953,0.09008428565659846,21.241471635590045,2,0
S4,82.92654886757488,3.9847514188858346,26.15122869142344,42.502187752687924,1.4624035085571454,0.11185457757018544,4,33.29608537502456,0.06496547865822891,14.819375563581703,2,0
S4,81.52289865244161,1.5616009500108223,41.91790330687996,33.76456440918698,1.6807382692735278,0.11153644594864247,5,33.06310267474058,0.04874615951119534,18.993124397414544,2,0
S4,83.77563699432126,1.8682702897815684,39.31277149089773,58.32208903236852,1.5997257518703187,0.07931451678204951,6,32.765609083649544,0.04949222260726108,19.0526504959109,2,0
S4,78.70855320257688,5.544823808695496,45.030636443341926,54.11284237062476,2.321861768882632,0.057448415355918735,2,33.75539882403013,0.04420305121901491,18.429154161751395,2,0
S4,79.14497082421782,4.353082390822019,33.09624220393323,43.98904582665745,1.5332596984838798,0.0469682491458301,4,33.651422425570594,0.046819864835353324,20.549522768825753,2,0
S4,82.78260704608763,1.5032848970001669,43.32082863379453,36.65552062424851,1.6380715035561357,0.13680045840021585,4,33.11705774167197,0.05397273759119628,15.477232680610058,2,0
S4,78.15882581922742,3.9761232324966365,45.38088478553588,41.33364033406008,2.1853843326094284,0.13664041279164363,0,33.38470571674046,0.045554622326922256,17.978410218658325,2,0
S4,78.69915180605754,3.532019487027994,37.332831952654544,42.89378427442282,1.5442515865140027,0.05774688002777034,4,33.086200220282514,0.038829925580083746,20.197046870532688,2,0
S5,69.46944614754673,3.3813096122647845,40.773623626696164,64.50015828669646,0.7315572666329968,0.05623305712009557,1,33.812823633880235,0.019621783498198646,14.820210487074219,0,0
S5,64.66301811690526,0.3692698631709366,53.28870120837005,57.430047220544,0.5603588914703393,0.05776751458460337,2,33.73319484846659,0.04810351537438256,15.735661288711256,0,0
S5,68.92826383248648,2.485217325085258,33.61620059790661,39.672994401100695,0.1808166355415609,0.0548706040837269,3,33.36883355047289,0.04879192541606184,16.144557930768578,0,0
S5,73.41712501066641,4.127780250633899,37.23900591696285,53.03719348612063,0.5854889871775589,0.05172221736517956,3,33.73665067778318,0.03506153429859665,12.999556277106128,0,0
S5,70.54867606297329,3.990166238959289,41.81953787606623,58.01700008901736,0.5633707596490685,0.04565737850107595,3,34.113400928000836,0.06053073367344615,14.442325914359131,0,0
S5,66.55435758853622,2.5225892938071994,54.90123006009598,56.75536229578598,0.9523782821568504,0.037003462290051276,1,33.809332875739905,0.05168336460371393,18.70214578482628,0,0
S5,69.23280874282585,3.0128286435436853,48.038141088327166,36.56206416519254,0.8030319304924655,0.059596540707336665,1,33.9633383031071,0.04462708493380515,17.772382377169592,0,0
S5,67.24135216328129,1.1636402162296027,37.25563393191804,46.09682151980128,0.3104761067826241,0.04134452232823223,1,33.60363855538176,0.06587636934287631,15.87472084534553,0,0
S5,68.23553360018106,2.7026239207568934,42.517538356920774,54.35922235851283,0.7159631591957205,0.04507233194970904,0,33.89971221821266,0.06972753011811875,16.486246917025785,0,0
S5,66.90156865280814,2.2880267727410772,40.08541484722964,60.3629090951719,0.8657461947911254,0.01914393563514201,2,33.75852249785051,0.046787377609490116,15.411514988727085,0,0
S5,67.54667203786059,2.515826048751263,39.32168806213172,33.03872178900053,1.122696251088759,0.030675073604934922,1,33.38946892747938,0.04649243088202619,18.713166771655963,0,0
S5,69.05238627369884,3.491505647246784,52.83111646845423,53.37876024520141,0.9305380334966271,0.049814228768643685,3,33.77029844782521,0.05613962145372476,15.599294844411672,0,0
S5,64.23057806307435,4.813407698515423,34.02605496589196,56.43048769878952,0.8925408395658526,0.04314242276884872,2,33.37723314735345,0.055566972692893395,16.463684184269695,0,0
S5,64.14049755344223,2.4907866374008654,57.87024684587499,63.49611988516213,0.6823126416569584,0.033072805602260544,1,33.48487806392011,0.03830184693164461,18.29206028828413,0,0
S5,62.6498426460773,2.5212414284783113,51.62583752147698,61.928575842374364,0.7807804448994442,0.057189515950942515,1,33.73154063857326,0.09698151573401514,14.445257030308188,0,0
S5,61.80292844338731,2.2839565637241597,53.726893364829586,60.82571318808805,1.039138313484257,0.041667493887690754,2,33.763915428399585,0.04873753973777504,19.117578368993787,0,0
S5,63.33488209252023,3.395798848709747,41.296483903797935,47.00059493298066,0.26445362402851436,0.0552710162390957,0,33.31797240686241,0.07568191587896235,12.939077180513246,0,0
S5,68.84186288861866,0.5736079294647918,43.80047424736713,35.91997862876693,0.5594550451073225,0.002261402596086551,3,33.99093787774041,0.04008243655979701,19.2592842622256,0,0
S5,64.6328627994346,4.097300187543709,33.5347854838023,51.06947242938599,0.4325162186455371,0.018687039367888077,1,33.84634402987569,0.01015264679387514,15.25464883209605,0,0
S5,70.25847071832654,3.571179406219209,40.80270074346558,65.0163182520856,0.7780327788902465,0.054873144474054295,0,33.46332361570228,0.02819583186401141,15.514602504349437,0,0
S5,68.3428678564124,2.01446039927907,48.949238781145205,68.93454527524432,1.0333534959676456,0.030605125607306514,0,33.21346670745079,0.0522107063494788,12.219979657634115,0,0
S5,60.32999600764993,2.373684723816993,55.36850449425117,62.10549102297785,0.4851945572560871,0.0598812783795104,1,33.63127077266112,0.00709253325808782,15.090410565244614,0,0
S5,70.8239151982889,2.1431481348722006,36.14274546558039,59.29340822801734,0.1,0.027478920781778996,0,33.5409590322272,0.04487318643255016,13.920386937946231,0,0
S5,71.44720744376899,2.4619522415098616,42.07595250411787,58.79639648385965,0.5406206197650683,0.06595687559791533,2,33.708684283501455,0.012813264566798849,14.784707309253054,0,0
S5,64.22856216206273,3.045491476330752,43.78960623813982,49.43881253239219,0.9383289628776312,0.06116672846423411,1,33.56580714803888,0.0871329487312391,15.725378068422241,0,0
S5,69.88477903298211,2.518234028906525,33.833686382460115,53.6993970644638,0.8255758141573731,0.05648917208705034,0,33.072505088162046,0.013922744148752705,17.91558322894581,0,0
S5,64.77801991176536,0.6080437956869762,49.7307939340672,71.6906952582633,0.7927427176155821,0.066895487515634,0,33.5582380648952,0.04988879412703859,16.415206702801253,0,0
S5,68.5946943683955,4.178512689798422,39.20807734605913,45.574419942081235,0.5802888527100654,0.02253194222060502,1,33.58305641306505,0.060398042790575056,16.615353306802227,0,0
S5,63.14601923358229,4.868817840543853,43.43687719058381,71.14778790709852,0.2805776224064734,0.05839411216714532,0,33.86484045381776,0.05553163011182098,13.808961222308875,0,0
S5,61.03158705126384,3.00855608082435,41.384405024704975,51.77971845507942,0.8188751397597495,0.01858237085748176,2,33.46528224400223,0.07711145871420697,14.23849182079454,0,0
S5,66.67274410295028,2.389142360194934,38.68529195424261,68.25432109095078,0.41400230026202184,0.06008966512766034,1,34.17834454839732,0.018739313868574935,19.597450036702625,0,0
S5,67.7090970763028,1.8205403354922196,44.943640116155564,40.93184990502462,1.3195158632865462,0.07870174798444471,2,33.10124998119002,0.04305395422084314,14.529597930473507,0,0
S5,66.61329408694374,4.453275476042545,43.27512337145582,60.859042011646494,0.8354390057787641,0.04843538681882965,1,34.06809239572633,0.013162044540842854,19.31241650411459,0,0
S5,63.46789062851191,3.8920675997317207,42.025136941770675,47.63229864052378,0.49009235250622396,0.03820215364488785,0,33.607446455122115,0.06397377627034087,15.513877602238267,0,0
S5,66.6044166128776,3.025210867540082,39.172307026557256,40.847328080758125,0.4808712690558208,0.019137635441142595,1,33.93261760808861,0.05328589530741138,16.00457587228701,0,0
S5,69.28119187172508,5.1962231421528,47.556197366263646,57.185340424109455,0.6364035812883327,0.059859729170289186,6,33.698682591603166,0.04884964493989074,18.14073032045986,0,0
S5,68.024440740912,4.075343401956898,58.22893814793828,65.09471788595968,0.5924362666658843,0.05421336930406222,2,34.01660880719319,0.05419068460525589,18.54378484387731,0,0
S5,68.934016983799,1.9083748278408974,46.11909786271302,46.550585614065035,0.9993369759313955,0.05467696051579197,1,33.55853355701971,0.07070886832833889,15.778374879441825,0,0
S5,65.52355205958521,2.1639378478999753,52.96894571928903,40.00984039541599,0.7202116941956231,0.07848991642493895,2,33.345156018832206,0.048165879517097485,15.223513892956923,0,0
S5,72.89088452026678,2.112230488461459,33.8782245987723,54.08155235665045,0.44479732159985086,0.06995264153840489,3,34.10089343256686,0.04426411528523462,15.888159102955573,0,0
S5,63.499319515183025,3.759514887486108,46.26209151435015,54.12564671222819,1.231419048819144,0.04416482735482926,1,33.640697952620904,0.04880347712940193,16.675915056464238,0,0
S5,70.15425404974903,3.4935602043342917,36.221053448231466,60.483196275544984,0.679079342728476,0.055817941151800124,3,33.74120968847281,0.010089364390965229,17.78260737373951,0,0
S5,72.931577233242,1.8787562599056082,33.18460057974479,64.49594571364489,0.8949387460630783,0.06858819969581631,0,34.04516772059898,0.047357268221969055,16.008459717988302,0,0
S5,70.12764523239773,2.476268697228578,39.08502874032771,54.40584818727506,0.4818188910389815,0.022828519694850516,2,33.365155573757214,0.028405273574483036,17.23777259604631,0,0
S5,67.39391595314282,0.9782013600380526,54.53519467530858,73.55503314794262,0.7732215315957662,0.04797438562596935,0,33.85338941567733,0.03803124838837907,19.27671946454188,0,0
S5,80.40448551549025,4.751203439492842,27.639544966267845,28.05559094874618,3.3929267861338133,0.059967052278327104,4,32.965724257840826,0.10514611791816868,21.12325808693588,1,1
S5,85.79527231039442,4.8918525455320205,22.772468327976256,33.54865291051113,5.028331690583857,0.2882130504396635,7,32.710565862158816,0.1799548694375886,21.804691521953664,1,1
S5,88.38783664651858,10.055479386296117,20.317237050609133,34.08132216286015,4.91851765458447,0.23348770777781602,4,33.91758955566795,0.06693939315015777,26.72993667453551,1,1
S5,98.76320045466181,7.169366563835844,21.90063182315844,31.84442141831813,4.554131032908405,0.21297744081336456,4,32.79818830031426,0.11567106089387771,22.630845227030303,1,1
S5,77.13271234402286,4.678278475546291,21.46367617094529,25.052326497391434,5.0218307354418465,0.27506924160227525,5,33.3497678871832,0.06752103390826095,24.764736337854888,1,1
S5,93.16029912120528,8.368506832062932,28.101414482088586,31.659604593067083,3.4608606173428185,0.19100223092473875,4,32.945350377634895,0.12644410142939877,22.72308381859768,1,1
S5,92.04262222749259,3.470465433628962,16.61660436264493,37.172883904952876,4.443162939161193,0.3281173856610691,5,32.61137687735643,0.06134463722927199,27.668922165440822,1,1
S5,81.52945642514194,6.522353613949019,18.18740380426701,26.42022564832962,4.064147300565877,0.35232009733479863,8,33.15380186754535,0.09200068405772883,24.470238884754487,1,1
S5,87.42342858891834,3.9416661785081337,27.1815144603624,42.587636034794585,4.84179252638034,0.29968125071359214,8,33.23501888121983,0.06636074404053809,24.642967315757577,1,1
S5,83.45821336537645,5.191508801605543,19.022325324080704,26.846214396087692,4.072107457230651,0.2765462659495727,4,33.29819275948735,0.15442704144430822,24.69891961620076,1,1
S5,87.31814434391458,6.053106707598937,26.50266538665796,30.19444208004082,3.856332532544344,0.25228575098451234,5,32.025854484569166,0.12950051574491406,21.334658791016864,1,1
S5,95.25879894182945,6.100743793345994,30.497179915043546,25.965086423961985,4.597013658121201,0.3135530199832898,6,32.58080386091791,0.1431413418425179,21.610282589232394,1,1
S5,89.83765025719002,5.344525699464001,19.99102486529183,31.339625015521566,4.865222177025395,0.07750106339134555,8,33.4577640339943,0.06728291625658135,25.307736918679925,1,1
S5,89.2556631008028,8.417364021670606,25.406811632876526,19.54666984418835,3.6296106873949676,0.2466235218602346,6,32.70529936134203,0.08643478916288404,23.379238488300853,1,1
S5,83.62215694167429,8.333569986406415,16.23153859330071,26.723749207099672,4.115426306190508,0.23986750837701043,8,33.15591976650959,0.016298671770033774,19.46716697656468,1,1
S5,77.29967287185613,2.989395877983313,25.773666490339046,23.447272797908596,3.3175343363590866,0.2918648020816906,3,32.571532268294035,0.09732436233621095,28.61931327387434,1,1
S5,84.9532035981597,8.909312957658443,22.997119929933834,30.812030087353744,2.1658380292780572,0.1766731316195823,5,33.36738258724892,0.08761996951984823,25.9342156018913,1,1
S5,93.44366179058564,4.23099385387996,24.365191410801074,35.966684253053444,4.324654548403392,0.1979405822319547,6,33.447249984783774,0.024323843949855053,23.112878971535057,1,1
S5,77.04100572186427,5.228630671898936,18.772139639823024,33.87603712268731,4.651411128276115,0.2448131136230098,5,33.36750610885449,0.09454676630137265,22.179497054600105,1,1
S5,79.87347665234198,10.299106527465618,13.694582922164138,15.770043834846646,4.373940290541789,0.43334845771769814,12,33.48776487132699,0.06996402116155659,23.59602757259025,1,1
S5,86.96161927880655,1.9121266106948083,24.516260323747524,42.252417917567286,2.604637469068915,0.24007996470684434,10,33.70030220434536,0.11506040552682482,24.552560297472283,1,1
S5,80.29608415231857,4.279031853234329,11.682984237602728,31.77167964372521,3.883607299211229,0.1689024366074277,6,32.605112493741956,0.1633021987725013,16.900997792989855,1,1
S5,81.44887217871087,5.484896857709392,20.413247538787324,25.341005157041998,2.3896086352315438,0.31622501856957386,4,32.759273373925,0.0627877720858222,29.33704912845726,1,1
S5,83.66242137103309,5.886119082550414,26.70590933209985,30.942767513945647,5.260047729395756,0.21636616463654873,7,33.433759574507064,0.07298507044786848,20.63034707249924,1,1
S5,78.01030843626125,8.310600823043385,22.95948867936518,31.057138935016155,3.29544317757794,0.11111229903669859,5,33.52683005512054,0.11200227302045158,22.99428310103373,1,1
S5,80.35928178410394,5.289756689019002,31.741713223949066,25.99890769829062,5.168609730840326,0.29148244820358743,9,32.80500496495677,0.0863369347112657,23.10460064833744,1,1
S5,90.424580362126,7.734386123837878,27.125545762908867,31.187500004052453,4.920982558219725,0.15602974017478483,5,32.77718772025531,0.14630212766701248,28.990550656066553,1,1
S5,78.35979416801636,5.9423946106511565,18.730508058372116,26.355166274278155,3.44381456124356,0.11714974709848763,8,32.81385675041334,0.12720861823611293,22.735628476979915,1,1
S5,76.61678005443312,5.602300512964698,22.136566899257193,27.573828043859862,3.258058882258213,0.07921620738604557,4,32.43270416076797,0.11329872335035482,27.765521883060888,1,1
S5,82.42386298419878,8.0131914305554,21.76314648727782,25.882325185469494,4.44458301638148,0.3782135740360131,7,32.56617767351592,0.08486592469600934,24.22018240838334,1,1
S5,90.59574587646122,6.290636110651476,14.089116183269365,21.40397226156208,3.488827613525952,0.2550536342792912,11,32.575825088373485,0.15959210526285414,20.114345413382154,1,1
S5,85.02248201342081,4.379022835253366,17.298005417578235,30.875018821292304,4.246274556998975,0.20353405477954584,3,32.95710275686329,0.06661118762200775,23.404122404308414,1,1
S5,83.41652639270843,3.101698953774226,19.1961954651007,33.51179661909803,3.778024770626874,0.2747787181052082,6,33.18307675271913,0.1640519332711035,22.644473834855262,1,1
S5,86.47016564649579,5.603031082969878,11.818897485720317,33.08930157645823,2.7393601116999022,0.16181033784568655,6,33.2481312790425,0.10747438808928274,19.747788545287314,1,1
S5,75.72976826424423,7.178236357545312,22.237467341258213,34.919551515811406,2.3799124279728416,0.23436368625634277,4,32.871317245075275,0.1561414132781671,24.073168308416726,1,1
S5,89.17224678405235,4.375276211424956,20.754640776734796,31.94604126008921,4.345634242068087,0.22130303634876372,7,32.88114729987319,0.11183951619371849,23.066308249549568,1,1
S5,88.50462304982402,6.785927505235654,13.635530493442129,26.80364701069858,3.7150406462079086,0.25472280922981605,8,33.12420674444605,0.04886320310571408,24.66926511637562,1,1
S5,83.74816201682782,10.67602280841266,24.02106432638666,35.037983186587134,3.721814989741103,0.22640300849539,9,32.47633632352578,0.10441070074338628,23.580058338794945,1,1
S5,92.23955993218065,7.233522186345961,25.579363723454797,21.85489476094839,4.720977914547437,0.18634946373504707,7,33.45851835921878,0.10227705683483104,21.04669130895779,1,1
S5,79.43903626768392,4.645619524693411,23.135172394324446,24.59597170492512,5.103040664578365,0.2915550741474231,6,33.58889625799125,0.08895909405777723,25.305001976870944,1,1
S5,75.54760549792549,3.9265524537123246,44.08064129649001,42.98966862249905,2.2687529131236945,0.1284564231786198,3,33.316430167585914,0.12225820402087681,16.005083926956846,2,0
S5,68.97132612897414,5.2120542841031074,26.216587137990174,44.60222227089023,1.3335404713083403,0.06607737607877966,6,33.59290317378976,0.051524806359545934,21.217699441115716,2,0
S5,70.05943069137112,3.319878837424219,35.793579516855644,51.99973353807879,1.4482871541870044,0.028174273094799404,4,34.21051562165478,0.05339819616597125,19.716935280956466,2,0
S5,67.37830947711814,5.099243622732617,36.332929454692994,49.60811984566923,1.8532284770640266,0.0490307152369282,2,33.78640541910914,0.08096965302101185,18.631986803286008,2,0
S5,70.65136246477111,4.731662231626507,42.088920393731684,44.61828432245832,0.9759796941110679,0.0706306671211585,2,34.3105688099234,0.05716940725324305,20.412105896500307,2,0
S5,61.33639164291145,6.397482711461549,42.297064422985464,53.996653946461244,0.9390119566480573,0.12934191254023464,0,34.33336650154782,0.060175673097962956,23.08949451533954,2,0
S5,72.66851183296302,3.6434750245585237,32.78807621724879,46.60842862131077,1.8547632611191158,0.10306436281806639,5,33.850428356969026,0.04976472884115393,18.447393841157375,2,0
S5,71.53281150158752,0.8428757414214783,35.09939136806371,42.45351403528666,1.4418130280413246,0.18168711642138924,2,33.57220752662135,0.06310649998398803,19.173424506645173,2,0
S5,74.95856767952749,4.597220897683806,41.11572978382895,50.03473207438817,1.2135392898253314,0.09768369000492366,4,33.24897278306555,0.04529766398550824,19.481492296828264,2,0
S5,74.42705148357359,3.721113278576844,32.40755540856865,39.8957639070173,1.9659734297460694,0.036024209512227554,4,33.43313102447751,0.10554172996106609,24.98027408818498,2,0
S5,80.4894117038075,2.148232002366406,46.442829043419984,34.50221000051439,1.258326013718413,0.05872134864611282,4,33.46259169891595,0.051194815912271985,13.751609338952436,2,0
S5,87.1755637852727,5.932113587278566,42.26422663408169,47.95916339547789,1.5270306934979472,0.10058035997050617,5,34.288283034624,0.03527728407939075,20.70805753697202,2,0
S5,79.89170792715532,5.88150754113601,39.2005668373639,42.74068965031293,1.216221609286153,0.12924002507141927,3,33.909489522553635,0.07076869914432904,18.71299437810234,2,0
S5,71.93847491452671,5.0736013617562605,40.736584187966436,45.966765178641204,1.8160054363973213,0.19577447602329803,3,33.99162350361315,0.10370189790072223,20.41692931546045,2,0
S5,71.7370591128527,2.969926985495057,34.7317656814144,40.2661366548444,2.3303249396307963,0.1649553997124461,5,33.20861584370501,0.06766336379517801,17.356568615013188,2,0
S6,73.82971840402952,2.429685932213534,46.4603047750614,60.205018830769745,0.6466459076517033,0.02641783571274304,0,32.77488989586476,0.050678054473646754,15.864257236601036,0,0
S6,65.71591336730197,1.8095922643255098,50.01563798604906,59.26103130983397,1.36247771128644,0.06851950201429234,3,32.10814465768252,0.04817848279293946,16.863263259275193,0,0
S6,67.73892365130291,2.822404005241261,42.78357519776727,55.406140869655324,1.1186737670896316,0.06311784275575165,2,32.47058511388236,0.06927813868151725,17.47935093623567,0,0
S6,60.5916573228381,2.979901248230348,48.61651208121292,69.32586118225296,1.1412805448804892,0.03457599400901419,3,32.55572927396511,0.01452060767775741,21.143990634989937,0,0
S6,65.14085193308549,2.31395024296482,35.32628375613456,60.82680813015186,0.8784218018025128,0.037655755067040775,2,32.70906454679447,0.05214114905984594,11.501135091598472,0,0
S6,60.172580020867585,2.654853118861973,41.00223600464166,50.493209835022675,0.8243798463174858,0.06375865944102857,4,32.990206666864324,0.03774033457458621,17.217471178248832,0,0
S6,69.5143817883704,2.9429588331470584,44.17865113147258,50.55330932301095,0.32846054527028923,0.07367974886393779,2,32.40069112070715,0.05683650427909934,14.885738854855537,0,0
S6,71.12421954467672,2.9399624583114354,34.789312634987695,49.419136498633264,0.9965441987170094,0.03796111116129646,1,32.482824811040835,0.037335372065700465,14.827169702222452,0,0
S6,66.9111297625872,2.149386747048052,38.358266248861824,61.32120947227811,1.49660052148874,0.039179862684342016,1,32.47845313189222,0.0651133167748863,14.760455743492244,0,0
S6,68.94121717789758,2.7781117287077315,47.504894148591134,48.77252439998094,0.797876281637877,0.02300453861237538,0,32.39175508805482,0.08536338586119567,14.182460658384054,0,0
S6,66.49474748786862,3.319965191145163,46.03865533030426,50.75100910797193,0.6082281993724512,0.021861131989736615,1,32.52805741655251,0.041163021455183524,19.369049669206902,0,0
S6,70.75985077236815,3.1108863828284177,51.45092339726167,65.58022388115813,1.1956519775895738,0.08409184186594754,1,32.863454031082576,0.027837750834822615,17.684594654027805,0,0
S6,68.31551704937121,3.9760407193559466,40.19591185451869,56.91631962067389,1.250976607186374,0.07798972853944686,3,32.316062716476885,0.0374269138985086,16.04639195711475,0,0
S6,59.85501588565617,2.7224863811397664,45.46081780804193,66.98532627121187,0.8891808194481203,0.029273815052524597,1,32.76055768363206,0.0459307771783939,18.702031504974002,0,0
S6,71.55759258124169,2.963410025657069,39.625060712929375,62.98059873352342,0.9603232682425806,0.06319299996164741,0,32.121642696080684,0.07180366942040894,12.97494206940225,0,0
S6,66.2394981305378,2.251903935378353,50.64902839287461,43.23328170929937,1.1441235428181007,0.01065349871548011,2,32.46381196615353,0.04957510441447516,13.338589737338147,0,0
S6,62.716151424036795,3.2935375299686407,54.525968928201976,53.97866941759299,1.0182877670636752,0.054988353753700835,0,32.53336657502079,0.04346653504981912,11.644064535610624,0,0
S6,66.0419334194944,3.1247520996639344,48.86659861802242,64.89949039968542,1.3649914083786676,0.08030889616704495,0,33.13467126696041,0.057634683379250186,14.601170919753425,0,0
S6,60.18939071468465,2.6266315749969156,53.48955421021266,42.778239348489876,1.7961253804297388,0.039996043658080085,2,32.54977267366038,0.04660295284644539,16.323397053409504,0,0
S6,62.79811206391424,4.6367399618306395,45.2599989031029,59.197108203586765,0.5522035410953364,0.04633398580947606,2,31.971840323050913,0.049604113109585846,16.20571715586467,0,0
S6,68.36946774933196,2.517686429063697,51.44475067996141,54.60763526301256,1.4338791468198673,0.0719796671488393,1,32.03254669302781,0.0891967450948935,16.29868382211976,0,0
S6,68.70451605423267,3.4506130494313885,45.60334194089968,37.45211257877613,1.0965305179594733,0.05165545807570852,1,32.64242224099019,0.0507356566634847,13.177886337867836,0,0
S6,69.02342464589108,0.6156932112142544,36.800575467313855,56.19659304518934,1.4814128893087215,0.06490301728569635,0,32.81634462182316,0.05268332831991687,17.606309485228046,0,0
S6,67.8105087799244,3.428342050660725,46.97377110958885,46.62531983873467,1.2822589610321768,0.035770756118325905,1,32.744850122374366,0.04231086242045817,16.479255036477994,0,0
S6,65.02620881498237,2.588975063496827,37.037626449675926,43.32348217883574,1.0832995456331866,0.07043245968146078,1,32.68248439682648,0.042424803267938134,17.466108562931996,0,0
S6,67.57983275102815,5.082660322109797,63.71303161255128,55.09140675822633,1.2929594903847832,0.05861724838030075,1,32.98089124433789,0.02448634680008537,12.214475644819895,0,0
S6,66.04883952107888,2.871453706748043,42.32729472979732,35.69147060746993,0.9467058762970338,0.03696649755687169,4,32.470335998865046,0.006112350603599513,16.62298171759558,0,0
S6,61.294542916569675,4.59947094011379,50.16030284359198,48.257097074151176,0.8326621810210167,0.06406285084440008,2,32.90068653189424,0.060664146357986254,13.624469520164947,0,0
S6,64.70800934482806,3.165403660299704,44.90069424379524,80.51174252502648,1.3082115423319778,0.022359648626151248,2,32.14260889957826,0.04032765720889127,15.205353494897276,0,0
S6,71.3558342335465,3.841780774784013,35.13109260771275,61.502223934069434,0.8116540730156219,0.028975599404349947,1,32.36072901520477,0.0006353863250162725,17.068729797272766,0,0
S6,74.1508459170902,2.772893992219074,29.81181575948343,46.185750938326464,1.2576643851449436,0.047164848919449234,5,32.09010094660664,0.05271126832829419,16.182187212511828,0,0
S6,70.40276948534516,3.728518643514536,50.99211164059305,69.04165940100397,1.0741768825787228,0.06275211624462418,1,32.54975977488525,0.055175396104878434,14.296920040441362,0,0
S6,73.97246035284007,4.195531388086709,57.39472741416848,45.07956439222866,0.3661201123157004,0.019620604383733708,3,32.61833499990628,0.060091636289547806,16.012546312368837,0,0
S6,68.13922374941025,3.6265383633369423,39.121570342317135,49.463048468645276,0.8926378725135913,0.02520875427839521,1,32.666443812754146,0.019942587826352217,12.936929369512715,0,0
S6,74.76717364768056,2.2540578735243986,31.746459843523276,43.511485900707115,1.1654040661598597,0.03676917114969416,2,32.65077837095233,0.06506838927004861,18.300534791796593,0,0
S6,76.01562307018473,2.3854612163089053,42.398698140627005,57.56079878666021,0.9431524084799254,0.032873029634375925,2,32.35394736584267,0.03776732526610882,15.589431961007497,0,0
S6,60.86379131672566,4.118632334154212,37.50306363809013,68.68629622097129,0.3009329741238176,0.050260867487539045,0,32.57514111176222,0.04641497949286177,18.237099888510652,0,0
S6,68.68364253740174,2.8899945012989487,39.79747456110326,45.009937674401435,1.4611776460003212,0.07584120668653045,1,32.18297936450446,0.03501656546793516,14.946936625807915,0,0
S6,68.14339006522059,4.3155082909401035,49.88298959780228,34.39556962590911,1.1157651230339565,0.05420992597843008,3,33.04118205762586,0.04679161236049305,14.952848023186835,0,0
S6,66.10125404653401,5.500900497934282,44.5962956207773,65.9096667451942,1.1980743950334147,0.028887210204028076,2,32.541125543216786,0.042926284808659884,14.471626426724306,0,0
S6,69.76533146147595,1.7675687608359998,38.36393952894386,70.5380050108768,0.922969761999,0.06904923941072338,2,32.48554752937308,0.08378377867303358,17.752347863386152,0,0
S6,67.96216958343791,4.6699227814046385,49.70800629008956,35.04919533585267,1.2243995140964705,0.0744789750629201,2,33.10889546361941,0.04604759064408069,14.581137685343048,0,0
S6,64.85587362730223,2.6347590225101536,50.334978760606326,59.60054341446444,1.615398651028484,0.016576604550118702,0,32.25953940502142,0.09071747070363587,17.289190864830353,0,0
S6,67.69124888872248,3.4689780781484676,42.303540111642995,57.265053521152886,0.8444307125642658,0.04016086190261034,4,32.2945372308766,0.07656113777973936,15.23509520466142,0,0
S6,72.61604762634397,2.0272354832399992,46.10333216734448,47.12524695112245,1.5650564192595944,0.05813244068445349,0,32.30334726762562,0.04654741731418331,12.048073400216762,0,0
S6,89.62973214815221,4.73813833252442,23.91326775738746,31.79071088388864,6.824417080454911,0.15579398164257552,8,32.191432651689894,0.07808016725035449,29.315892288374936,1,1
S6,85.41622807375369,5.571699378577622,27.624662726516206,25.304408415488467,3.5097778090104645,0.33371544863313846,4,32.28986287222623,0.0871536384517719,23.104663841268227,1,1
S6,77.09210196220306,2.8287485864608146,13.286140130594795,34.24219415766471,4.581037781147752,0.364006784649516,1,32.06500889061607,0.06651639465539842,18.87346733129377,1,1
S6,86.25112754489064,5.882559145790743,24.047192653211262,42.5082775273861,4.7086504257580115,0.2946536506940711,4,31.331262527029786,0.10798441673611131,27.104238051465803,1,1
S6,92.09085416012259,8.188359095042951,20.616641141404273,23.952529827430762,5.641070704014405,0.2979003143392759,4,31.68792169972805,0.06554761681211568,23.377704165184877,1,1
S6,85.6223708737465,10.357124347983323,22.566971959833445,27.961445954114858,4.852743787753904,0.2694333463338233,7,32.301169100130736,0.09410639093513976,25.553372295140715,1,1
S6,90.44836003840493,7.927850846111141,24.294970008371454,31.38964484500855,4.166045491021712,0.2749450945930072,5,32.09887569203012,0.11596912771757309,26.67156775562778,1,1
S6,79.5244923948261,10.984367997201375,21.058987806135896,34.7184372719749,3.804005111342108,0.22248785717449532,5,32.504609327208456,0.08728956423930417,24.013866662435078,1,1
S6,85.6401045492513,6.233157024024927,21.482065732971098,26.642722288263187,4.291495151455565,0.3571515935581039,6,32.19352319030106,0.03973863879238404,21.223277465561555,1,1
S6,82.05060657833894,2.0688882170469896,20.930624162226806,13.001818259143562,3.759410718896358,0.19128847293798523,6,31.645532608805123,0.03464308163762851,25.92714013300775,1,1
S6,90.27955434949867,5.150337304948723,26.85158100894141,38.15513696498415,4.60321286348022,0.30024996961292905,5,31.71378770999793,0.06437004545790946,23.002266522363787,1,1
S6,85.98661868244238,3.146346846437315,24.093799800637484,34.56303671750486,4.113595663764084,0.2569337161715348,3,32.07338032129548,0.13450173938460683,25.057573455825256,1,1
S6,89.93811136689008,2.6100531229667747,23.102917688686805,19.542314817080012,3.3697223730206725,0.33202323983059845,6,31.106595738686142,0.13269224814953307,16.538808278625616,1,1
S6,92.32393186581761,7.908170204313256,15.645241394538587,26.354587249322663,5.569069238352396,0.37184802148716867,5,32.70159011933538,0.18808055698638465,24.340945151029555,1,1
S6,89.94738075959874,5.287815902761889,20.107101283934227,39.409094577163955,4.166814588909242,0.2609571580077858,5,32.20891205963721,0.08334246267007898,21.08424252456491,1,1
S6,87.43637991463228,6.003953689511621,26.49334580169587,38.686778510747196,3.550443163672223,0.40328733556363117,8,32.523027203905734,0.04619942064277325,27.95992891153559,1,1
S6,79.80839575780197,4.277900655668849,22.188482865619616,35.63184013607367,4.43034530006244,0.3877180936504562,5,31.399971788762517,0.1408014602760836,24.869262043667284,1,1
S6,85.780952644869,5.273736706365844,25.29765734794569,28.943325396240823,4.6196498604266,0.335440200112072,9,32.53003942922829,0.11364863369968134,23.71957323754789,1,1
S6,82.59912689677542,9.000549218001975,30.832559001638167,30.49792451287506,3.1677792271892464,0.25745095938267726,9,32.924812929497286,0.1410252845549033,24.458929980050666,1,1
S6,83.73328556864504,11.28402382098524,27.193030346044083,29.21444516924324,4.830270741353083,0.3098099155047466,3,31.50386202293526,0.10197312663179375,20.004677441369846,1,1
S6,83.55046440436891,7.444893970441958,22.46579168849871,36.769438699613026,3.7272265527002615,0.2134719141796115,5,32.34077408304769,0.1955187082209893,27.869770071584163,1,1
S6,79.91811586017694,6.360142075391963,19.445054149021363,24.74494556102934,5.933775655005103,0.2227066679774487,7,32.0326573429611,0.06657243979919855,28.974111255250712,1,1
S6,74.05363777406647,8.194440383212877,9.232252019720509,25.16520207069477,4.984121017313861,0.3367187412827739,4,31.41443982578689,0.08010582514343628,24.17874053164465,1,1
S6,81.78881101890381,7.152902690244845,21.158075387635737,36.06164752101609,4.2450326155650195,0.09914440317871434,4,32.22936695382693,0.10739882300292626,27.771210705720918,1,1
S6,86.95794602041536,6.905512704153389,20.369937520915755,29.73383126693063,3.968818391398593,0.42073298095592226,5,32.365654647021124,0.06916724789085243,21.292555403982398,1,1
S6,77.70860703630547,3.4432947423953513,23.95183097197688,38.270804132722844,4.480978441601574,0.16045720390749582,8,31.791762744018648,0.046537259987403205,20.60865930132506,1,1
S6,85.89176272770015,8.673314715517966,21.230473865126562,25.970926758116725,5.055185200919105,0.4048639295024037,4,32.49857997318828,0.11280866311795316,23.12277424618677,1,1
S6,97.1992798547362,8.442589891370297,20.39807470281603,29.67132983796705,4.5445573047843135,0.2633958380580235,6,31.365508002370508,0.09619553409196936,24.304823115103694,1,1
S6,91.93600864038385,5.333924761892477,13.103005347463897,24.465522090936282,4.391225561942988,0.21896090086224346,6,31.43431090650633,0.03808793774763875,21.81803995627064,1,1
S6,95.65891836359359,6.528509527214678,17.30016085424967,30.044176088541402,4.611648840306789,0.24596660897859562,3,32.086852323321686,0.12981442896311504,24.613304571105452,1,1
S6,88.14443657046677,6.187046992877219,24.383255204002786,21.128718378007207,4.081865462662909,0.2337296298430908,3,32.042367476275096,0.06515227879969478,23.91916844622024,1,1
S6,92.80272824678909,6.144306473643523,30.57953815566347,27.074199474270223,4.290387866178043,0.3238237230816162,6,31.745583969716545,0.05426644035664557,20.005079674126836,1,1
S6,81.45388092606369,6.174947507361479,21.512373081271882,21.382476810431292,2.8963186565284698,0.2733042951529484,7,32.35605113947494,0.07127740865526944,24.556379052355165,1,1
S6,81.93162770673851,4.824287390184,23.63905536787062,34.16353939914755,5.343933592334367,0.27306108487662145,6,32.24457109077257,0.05466315926829508,25.590584727564565,1,1
S6,69.36282807204557,6.699847430498785,26.762390784764026,34.29953603855791,4.803990831909883,0.16046456263408,7,32.37546899345979,0.14251414772132867,23.514407952771172,1,1
S6,92.9145421531242,10.675655490776599,17.945530318998753,19.61842361709393,3.9461879324257287,0.16392431982981803,5,31.98295879094528,0.121368314494987,26.457944309785077,1,1
S6,95.03961318778973,4.546516190235962,23.83407021642721,38.003314473003435,6.083940592736664,0.35409541737977895,6,32.27324547227752,0.049389663636591405,19.347788619509146,1,1
S6,82.47860583678678,6.961173516855426,18.297549468339206,44.98449075851912,4.6345657919663825,0.16270110331106474,7,31.853953243874187,0.09172061643606526,24.403851266395556,1,1
S6,84.273959070487,3.937949449705386,26.324122192455057,30.276038320418046,3.736037750072316,0.33223504708957535,4,32.853740841120825,0.06652078582241652,19.489157880809675,1,1
S6,81.27449662672464,7.103928518663655,22.757015239758662,26.15331443865213,5.25034254482884,0.2155901971737667,5,31.707195057037392,0.09542110512804548,19.657755925300737,1,1
S6,74.53644884587105,2.59113768897699,45.629334713635814,40.9302468744715,2.632926530624384,0.15330205870660513,2,32.740579954353684,0.0785786402706443,15.43495470719887,2,0
S6,69.98854595057617,3.0926398541077376,34.001712181410696,41.815762323178376,1.9879537750535572,0.1199115323767111,5,32.68924793812042,0.07074824005640762,19.98468304541186,2,0
S6,74.84950487657484,4.963451852516764,38.306801596222996,41.03417782685007,1.9839751991818093,0.03222976416019689,0,32.44083653194605,0.08013213082065256,21.073309431457155,2,0
S6,81.44934213064246,3.1454515556114027,44.690619215787365,53.79673422978498,2.2841589574007957,0.08568688266234933,3,32.564134860970455,0.112757635045204,17.42087118871589,2,0
S6,69.90719537970683,4.452810071081518,34.61019153648419,51.58788363357152,1.6229531792792529,0.08454710098211299,3,32.33979933040556,0.015894112544881878,19.72800688784508,2,0
S6,79.65672002523964,6.084646200919533,37.67849819881888,46.73169846066835,2.131201179400296,0.0461916131676559,1,32.83588042961074,0.039931221930009926,18.091066762712426,2,0
S6,81.28815747630934,3.5029715513682262,37.884021131242356,40.65584750688828,1.8742079002404268,0.15665647166801172,1,32.47321368740087,0.07546479973331519,18.53991900200249,2,0
S6,69.71689436373019,3.76324373523961,42.78327158061264,48.73901433311939,1.4047058859499573,0.11233168254555284,0,32.75254521133063,0.04799228614257788,12.78044485609417,2,0
S6,66.52239628341765,4.209480534348026,42.13521034857228,35.48302298131357,2.2336936450156726,0.10293346979112547,3,33.2432439211693,0.07937539791362706,18.44554649070966,2,0
S6,75.30747380972923,5.450767183658424,36.4592038812162,49.147412534859946,1.933298704213515,0.1197590952882258,2,33.19200323696266,0.05275304884907795,21.423423256020136,2,0
S6,71.06063169503605,5.11273344158519,38.445543430475624,54.97219508870347,1.9864401934301192,0.09632126135187814,1,32.822530296855405,0.03836171262573734,17.421493611083605,2,0
S6,83.14068540468543,3.395068312133592,35.39754691933558,37.99040690693057,1.4598721359453943,0.10338107935137299,6,32.80608794724324,0.0782043156732949,19.13131592053829,2,0
S6,73.97170701136957,3.7247077417642704,27.656713151563885,35.73985378536269,2.8606527915338753,0.05163205155041576,0,33.39617572991249,0.06113483366593639,17.110123233270198,2,0
S6,69.78667226869452,4.170184060084829,39.803206001786904,60.63550313355888,2.503309700845531,0.10743350515611012,1,32.988440201193804,0.0783974303190886,19.90110419073193,2,0
S6,68.06187175381186,5.528384860134848,51.24534232583147,43.10592288396332,2.547030549738462,0.07623156510473333,3,32.73387142712323,0.04767713083902113,18.458692006159566,2,0
S7,74.56142051379369,2.685585216633225,50.736632295969315,52.435974444677036,0.2192192836777792,0.018088655075555453,1,33.11606786950135,0.0506876364451587,15.224476434586954,0,0
S7,74.54301986204844,2.8832360022184234,46.42222510867988,41.629248921121615,0.6548914387554011,0.01840745094889648,2,33.19448124536639,0.03817397106606924,16.80292828373399,0,0
S7,77.60438118074597,3.5970725610113585,43.11235611181457,67.57102780655194,0.41476544145561617,0.027271001226785913,0,33.656774069538784,0.02515641860543013,13.095003205824606,0,0
S7,70.96773595301516,2.675116378008261,42.76060366142394,58.36934330144052,0.1,0.062458645396239285,2,33.0857193703478,0.08620655181445391,17.043382519161966,0,0
S7,73.68880833052773,3.658935354853684,41.0717624153761,42.33103287073406,0.6121860980593536,0.07169655480312216,1,33.52338568779693,0.056933952570033274,10.648630701927527,0,0
S7,75.83387038837378,2.31488402035727,41.7842322235443,59.3866796255826,0.5725514996446371,0.06303422153193826,2,33.30200664350509,0.04828783902143758,16.98447892892971,0,0
S7,68.86736387005378,3.377033837828013,52.437921798489256,72.01566070052857,0.6747524157128829,0.03107940347298078,2,33.58352830901555,0.05932891601679612,14.009830064224314,0,0
S7,68.25906941900175,2.8794918032341035,41.54364948604181,54.6368406658408,0.5310533638976838,0.05462515494368168,0,33.05647680976013,0.04829853650349736,15.104805618967173,0,0
S7,68.9913891799679,2.722796884658317,59.46072257753846,54.97787330529438,1.2685216491685805,0.05969381559236817,3,33.366848417795445,0.041878177422168726,17.303767895873936,0,0
S7,70.48574811145167,1.4113118696224103,47.39626002434569,70.68005031043319,0.874923938515489,0.012520598486351092,0,33.14022713842447,0.053688331388539554,16.8945043109845,0,0
S7,68.40071256168794,2.552782185271144,40.38990456777382,45.29616018248747,0.5698387530239537,0.015418016451358992,2,32.26118963885561,0.052130699341075615,15.984037591296591,0,0
S7,69.16361914442766,2.9061254450266407,52.786927619884914,72.27552042620681,0.7006346988761881,0.04000772813554535,1,32.83105446969844,0.05493618636361705,17.9380811032707,0,0
S7,75.40659066040553,4.315094010107804,49.991167544612615,64.72911070368237,1.1441155503590013,0.07569181437370279,1,33.3327206289904,0.0528752928621717,12.599647974762352,0,0
S7,71.49754345829538,2.9152895671371466,31.766588478178733,45.75781036019985,1.0067095936310442,0.05315470415223362,5,33.312887020088574,0.05618013865548697,16.40882874300283,0,0
S7,73.1097234789103,2.731701822941945,36.7242291438597,48.317310001558845,0.30085920579788716,0.05349086119906205,2,32.7695143286141,0.018527408579164052,14.419659738283034,0,0
S7,69.68006283179825,3.0813488833467644,44.0766375903807,49.751871663177106,0.42743558186240804,0.0595362719004921,2,33.224117809855976,0.04020316115987188,17.836062937359973,0,0
S7,69.41746826754319,2.9045273557139013,32.331136524638424,36.6643578601291,0.48516868790339474,0.027769892385977525,1,33.30898561316223,0.02499372834081373,17.37413413927224,0,0
S7,73.02515354243414,3.210815077959191,61.7242392157729,57.60471749070881,0.5878127648296543,0.03540873968524768,0,33.147607874283295,0.014463486768479507,17.44669643772801,0,0
S7,72.38717929628618,1.888221700865558,51.57785745631473,46.21052996752147,0.5410957892475842,0.030672418124158624,1,33.37665313650247,0.06549160995463484,19.290763665414268,0,0
S7,74.99487669750482,3.1791140113684673,44.89333722370831,57.965513214313056,0.7299255265687201,0.032567956036854,1,33.33577413758321,0.03824468190057681,18.252695064869954,0,0
S7,77.08930197628852,4.312084416107226,42.25834757109389,42.09056749674783,0.9404391434160633,0.06872204870393903,2,33.14746447138317,0.027638791440363443,15.685157332453178,0,0
S7,69.11728116716694,4.1635258596263265,40.20269076512801,64.230132368945,0.9905208369251426,0.0483874238310038,2,33.004760099545344,0.06599223252112488,15.997464293025006,0,0
S7,75.32766813532767,2.836692044998493,29.287742736232723,62.376259301305026,0.6216835472406097,0.0737165839748435,0,33.470770022832326,0.026807587769204028,17.201876761423453,0,0
S7,67.5637053134999,2.744549568618484,31.137010786834963,47.94120985939785,0.2293146944840781,0.07432919555798234,3,33.29695617456822,0.002147837036054742,16.27234934949566,0,0
S7,80.17804471548568,2.9539385958755346,60.208965850140856,58.59649157882116,0.4075997675488744,0.04212907360253625,1,32.743577749445485,0.0636932246108749,17.410346643819434,0,0
S7,68.73771377171923,4.069913435410972,57.58879711386068,55.8292055930958,0.5637903132213878,0.06460567638613929,0,33.22427684202899,0.05482000506794492,11.539359150453944,0,0
S7,74.64545226329959,3.0405645480953605,40.39377796060768,69.82299486152911,0.3462124123349896,0.04314578757040204,3,32.812700132367254,0.05419945243049263,19.761607037586632,0,0
S7,67.5339686292939,4.459654829585509,52.26399324945966,44.67521032105128,1.061980446120881,0.03338975403444917,2,32.868637165475825,0.04195837049751853,16.12205716711264,0,0
S7,71.27456643968536,2.9244900274331926,49.05136619997625,53.47702021505853,0.3658604325361785,0.07001865358391338,0,32.96243453458889,0.05446604679104411,12.75506933821488,0,0
S7,78.06586255288661,3.9834818955451907,49.994303653190734,48.59316363292227,0.9048416635309579,0.07068219981007202,0,33.17146951590249,0.06184073651639961,14.172413296832957,0,0
S7,68.61211337632825,1.9360063834344465,33.59857788399435,55.44818197100168,0.21515864360363546,0.0832218782379343,3,33.270353218481965,0.07824761342185403,11.741345897661555,0,0
S7,80.69967465581745,3.0635400505023367,30.53457661975872,60.332736027835935,0.916883080499213,0.022364595150328907,0,33.03532497843219,0.018790036842512865,13.819529839628498,0,0
S7,71.86182759583637,3.2543156265537103,54.460754872559114,48.48192621926291,0.6779421381101212,0.03596499115738428,4,33.04845276031646,0.015656217332792433,15.71550314272043,0,0
S7,75.78578013620321,1.4206343006369984,29.165613575705358,51.35893778610787,1.173481960801162,0.04060034853339983,2,33.00703444861407,0.053898591476219566,19.029429224988807,0,0
S7,73.49470827828696,4.405713051015827,43.81445166893988,64.66040798057362,0.38025396814649787,0.05968441548693684,1,33.47226163633086,0.04237190939057171,16.8213491708396,0,0
S7,73.71109024665802,3.3799495576727994,42.0583813902577,68.57324661926442,0.5504883099269186,0.055811351711773156,0,32.30212449412468,0.06479090414391879,16.46572122392915,0,0
S7,66.17847511570014,2.9600578864161355,41.31879230658873,59.93516035202879,0.6085929696872651,0.0707239550202422,0,33.06540432230214,0.0664890360045497,13.729790957568577,0,0
S7,69.99151881236037,3.0827000036385703,47.515606578325254,53.62036901256841,0.6739727290653033,0.047615512874681916,0,33.62150298381928,0.06839496957980853,14.351029388692977,0,0
S7,76.66683583420736,2.2865256818929613,39.57926056177239,52.66903078962851,0.6159285008396497,0.019867743417132128,1,33.31317656028779,0.01975404016632009,14.50614461325561,0,0
S7,70.50564517719256,2.203625524910491,48.16588369972038,60.4812632872729,0.6217191803377008,0.063193045975545,2,33.53806171737472,0.04154402290780273,14.58774277562779,0,0
S7,72.4382583151438,3.204516002811226,46.12924331752956,57.27767001404872,0.616803987094698,0.04009407858237862,0,32.5477328873513,0.04025285268032068,15.29692624750279,0,0
S7,65.69324147079594,1.9745363254888464,61.7898588324034,38.51024162108697,0.1,0.04816208749168624,2,32.78533277576384,0.046496725284420864,15.447977876567037,0,0
S7,69.73262222026958,3.412665023181822,33.91672486545497,60.72385232307903,1.0177231005927272,0.055753952140234354,4,33.31222198741052,0.04605705238083174,15.321843252746303,0,0
S7,76.37508717479841,1.4939111549398245,45.234151871238616,46.39430210577438,1.5780637204005021,0.07141158935156555,1,33.62319672318188,0.048299113219239534,14.657351539463036,0,0
S7,66.7524122565648,3.079642689893897,48.450760799022106,40.83063591524348,0.8092040814906933,0.08200990131622116,1,32.81563668015116,0.068164442531919,16.270106331624454,0,0
S7,92.56162517717293,6.13004926237756,19.260923816367026,29.276082343561264,3.2640927444813954,0.3313280406064593,6,32.26844426954287,0.06624584490300403,22.828188767533693,1,1
S7,89.8690952600476,2.512654795206928,23.312640061616626,28.198411692487014,3.5535858276952417,0.2656823016098193,5,32.366871604923055,0.11124921968874417,24.64420077412151,1,1
S7,89.81305669126763,8.979198818895298,13.478166458518672,22.192484253647415,3.775723239619029,0.12296379536749139,4,32.54016493233137,0.14618775066866882,18.981531900414023,1,1
S7,91.32361697060372,10.734828728054243,11.630469975141768,22.510376940787182,3.5306323077507584,0.2122235112477523,7,33.094879597702516,0.04836231122027104,20.772840888707798,1,1
S7,92.32437033941234,5.186051267253258,13.193787106816783,35.01912093623389,4.896035856732855,0.25140049673713805,4,31.784372447020743,0.12255151500027658,22.6520087830354,1,1
S7,100.15134051897736,4.817210540323905,23.295668275421693,30.071620681088326,2.461391993651188,0.4055198534147342,7,32.56723980878474,0.05541870739967754,28.69366187797612,1,1
S7,104.72252648084941,2.5215896956544,19.576663706332802,28.154659588912427,3.5136744209539734,0.3606710424287317,4,32.80796898306619,0.009015158751752017,22.658562384758724,1,1
S7,91.62449481669384,5.591740462254568,18.90022151343191,32.66038770381634,4.181724793746507,0.5617681129208048,5,32.63538697520129,0.09951825788160275,26.255666790984893,1,1
S7,76.96327355201075,3.7584646986075008,19.071890824171362,30.60786169932751,4.387919726112232,0.24426025362132062,6,33.08195361297799,0.09796796845521866,23.115665506352954,1,1
S7,84.17246314452223,6.321299880706233,14.879387941710311,25.24241070036072,5.573190620130064,0.316226298215962,6,32.52826941330117,0.05843555326529044,21.549024087687293,1,1
S7,100.75191127550315,9.375096110473587,19.71798408579946,44.76597735505548,5.455912920321346,0.2745114284372618,6,32.4841869683302,0.12907176185607216,22.25982672765668,1,1
S7,94.19484575380703,4.743701200488715,12.898009759640821,34.444538271018644,2.9391330253547627,0.37863821369955336,5,32.79493936400991,0.08971790364747742,22.494740863913357,1,1
S7,92.43920890774253,6.555105026987063,27.938205696794533,30.762411440157333,2.6932843976547334,0.15668939228128909,5,32.59773307118512,0.06012273494391493,24.810937216882216,1,1
S7,88.88190251584399,7.376410612905765,30.461648603386088,26.918332186716363,4.239699760007196,0.2056393169792614,4,32.40184404989239,0.06584707649982492,27.123833802729663,1,1
S7,82.74879762891665,4.713633315945939,10.369681433054142,35.716558135165144,3.6811745609399265,0.31989530717174214,6,32.764465161039126,0.07483848555185557,24.079042543058964,1,1
S7,99.94966851274556,5.7646901367956715,19.654351703379557,25.274592781643427,3.2661016765238484,0.2515027750287097,4,32.296996227917916,0.02330604455958804,26.561233036225268,1,1
S7,84.94366847542801,3.057747189252964,19.97994284682601,24.76935155418442,4.23261946807892,0.28362778892475626,3,32.313536684396844,0.07051882555389212,20.105630787110943,1,1
S7,94.25880088350222,8.113449822560836,21.127577466914875,40.15995381444229,4.404280604777944,0.34668071042505444,7,32.34680993649833,0.1287667466542175,21.75610847355791,1,1
S7,82.07871936574769,9.639543574625195,27.007652121872002,30.184051056424256,3.5485479983950547,0.24169106722568168,4,33.099235209271136,0.12595527703615356,20.827092397377,1,1
S7,88.5908378753029,4.831198046807938,19.668946089030346,25.419904879709325,3.7204549540804015,0.4952369912868724,8,31.26960100281029,0.1793453460974408,23.94333377262456,1,1
S7,95.84067276699034,6.023760869035584,21.558742686343564,30.034114188238064,3.610089528200277,0.28865862299051925,9,32.71624707910975,0.15437190397459225,21.92312484446176,1,1
S7,88.38476494947179,5.705720990371786,36.89527481900694,35.10111932309025,3.8905297571333723,0.18433759292002952,6,32.571716270884664,0.1349595900402753,25.189318811102588,1,1
S7,87.67223073207639,6.1568784921673405,21.443535461973465,33.72752672373115,4.652878029622187,0.26829944496452607,6,31.885659361509326,0.06662914627728139,20.206994865102676,1,1
S7,89.94674759436464,2.5646557032732074,30.83119930149703,35.84557357851871,3.3573980611891274,0.2736142409879101,7,32.68189825685898,0.136198481659768,23.129092919963846,1,1
S7,81.86691262966298,5.548386501847916,24.509938286944166,22.502664583563117,3.707174755312316,0.3936429519558867,11,32.74830834193719,0.07184334698337823,25.06057373303677,1,1
S7,80.73804854199646,3.89059109006816,19.23145503462075,35.69489497004906,3.9002970356419953,0.24327696928038686,3,32.79386323774754,0.0966962969859484,16.80409167487817,1,1
S7,94.16834888043613,7.539937462670445,18.396330064122846,28.92564734369312,4.2143208259862845,0.1725037175936015,8,31.497276319986597,0.15472376947259592,29.36489392199061,1,1
S7,87.34967043056575,9.933833925016508,21.963637025001468,30.53460460022326,4.440510344440375,0.24608559730316582,3,33.10456330994635,0.14998841680737274,22.150544345360373,1,1
S7,94.12183854776129,3.88700585874948,16.367634376267212,37.25696696186868,5.85352902251903,0.3575221541181916,4,32.26291286333064,0.1418910563423785,16.92488025897148,1,1
S7,96.5920280871768,7.726874560379757,17.6806701680215,34.21635403962774,4.677423324197109,0.2484436911129706,5,32.83263464390585,0.01816995764968124,23.474281695730358,1,1
S7,97.07478563824533,4.7165457126957415,19.884696994871103,32.106314885728075,4.6964678277417296,0.1874083982315398,7,32.85443705747749,0.06086980247758091,23.100330403919454,1,1
S7,80.15688027681452,6.244486009094133,23.466717709636146,18.096019901118275,4.006432339486767,0.20810365544787654,7,32.20732871095686,0.06701551960939914,22.754316861282522,1,1
S7,85.69595425474917,3.8823997035043605,31.129986058705235,29.72698886771828,3.4358301135524507,0.17844870145147712,5,32.8221915261452,0.14485996847399712,25.97357333878,1,1
S7,93.10844182653538,4.677949890745012,19.575227866008685,25.291947674576996,3.7971515382305707,0.19850612935667275,10,32.40381024883963,0.08173209539907014,25.242334914281166,1,1
S7,93.20094001569446,6.6779870276188396,24.307590231890565,34.26627182638418,3.6514567579384836,0.2956249488528533,3,31.72945667346931,0.021786261569726476,23.893628573071535,1,1
S7,103.3795554894503,8.043270427655216,13.86051076708974,35.94574912221397,4.533507290554049,0.3936368034243754,2,33.02510431541569,0.05799253850553323,24.350466901839944,1,1
S7,84.43724878487406,4.055403510530331,27.301443204436584,28.187813863303422,2.8986976112114107,0.20497466122217284,5,32.24798955999808,0.06975983922173581,22.68692465168574,1,1
S7,96.89194039299714,6.4478537478932125,13.39158712536522,25.997751145267877,4.693749725780192,0.055347471364113554,6,32.216210160109355,0.05528289567853042,28.326472547720144,1,1
S7,92.11657764450379,9.078394400349815,25.99193236050717,39.3378047730956,4.125931078561576,0.1571780032651982,7,32.39678119798989,0.14973713112411702,18.5624119449267,1,1
S7,80.04151478429173,6.710676391180273,21.595375233590982,26.381114597917833,4.806401336261628,0.06907322854117418,5,32.66690223533553,0.12541316780864825,23.41895502264769,1,1
S7,77.29459347330828,2.5814176187222913,37.74393972086208,49.01167375248552,2.5837046678012796,0.06715361167218654,1,33.47661964956028,0.07075034253946286,24.521291700022935,2,0
S7,75.60559470302385,3.621926313047716,25.835367689074502,43.97704997063235,1.4850495168970412,0.08480823031632177,2,32.93642297902811,0.0506689006234616,22.265153654606817,2,0
S7,79.10771545013257,0.5115524832379781,38.12633076727757,57.43092749629551,1.0767907414705395,0.06132473896143928,5,33.40672250074449,0.08363126273764182,20.41546734105264,2,0
S7,80.25609741210651,3.1909028476990406,46.47472186779538,58.489298372828934,1.4669778723881413,0.0239804117592904,3,32.989383968478926,0.03984011522263019,18.69001756573108,2,0
S7,81.42088909414565,4.539780947132494,33.80252003625157,54.912559857111575,1.8241495213775627,0.11360138436822953,6,33.367051464839186,0.054114387748773,17.175989090745837,2,0
S7,83.77419422201257,2.9661939293724497,40.883670993432666,50.449076424822046,1.748829113652925,0.04391216056975826,1,33.70660985648594,0.06736370072824016,21.356023237585337,2,0
S7,79.92360954816434,5.256805626501684,43.96113732125238,46.15152370527281,1.5230038019731216,0.1515552000820738,1,33.59271937629223,0.03778825282619913,18.426325521700722,2,0
S7,71.00475954034074,6.048284470609282,31.632236924812673,38.46500236647,0.7651240206217754,0.09773551650942174,4,33.33349433756211,0.06053143926808612,21.92091158237075,2,0
S7,75.5147026960166,5.340388060947191,34.840879949594346,63.54823104897758,1.95496424817495,0.07836184386081069,3,33.061386349678635,0.016723939973019422,20.002057909338212,2,0
S7,92.59817166061566,5.057292322293643,30.874619566659888,41.92261585797957,2.705894989651497,0.11394282977180292,7,33.405760679981356,0.05279446306246048,20.019992818124408,2,0
S7,81.5053852861812,4.933797015905791,32.24484075317415,53.30917077626273,1.9518483691718986,0.13307773841860784,2,33.14929180786445,0.02975987375876847,20.4863153174199,2,0
S7,89.72936648833003,4.0337694615965916,28.986763014428572,56.476524580987174,2.0242905096371535,0.008897495726036625,0,33.41834458281504,0.05752613620976434,16.700932653906108,2,0
S7,84.86010039526847,3.440886633956966,31.696860770353812,43.55775602475737,2.0059454031879476,0.11967636069708962,2,32.84342197996868,0.038538895407521465,16.44465939031594,2,0
S7,79.09194034205129,3.367770196222722,47.93618976558487,56.304100218527694,1.9182460850515968,0.02864228797028545,3,33.60018586210527,0.07115007642067675,16.35822637909194,2,0
S7,79.38996533317814,3.8674001248088894,31.591660796367954,54.11370562671084,2.185555733544444,0.10348965751282439,2,33.36797251410852,0.030131385279305475,21.618742287189978,2,0
S8,69.69084015878744,2.5411231549750033,58.43797905777223,69.4694414638698,0.5083226488819735,0.029648304455732487,2,34.13825767457082,0.06720365276790313,16.46851852891353,0,0
S8,63.392509945617704,3.810260044375334,47.736848317203346,48.39165764189854,0.4363316985052528,0.02689096412364681,2,34.07427335945991,0.06450162088895016,17.19799268336853,0,0
S8,73.18199643179857,4.526812663577266,60.33807318740898,39.27010742927139,1.0836629968140465,0.0880511641045912,0,34.205548695813214,0.10730424046171926,17.706697954680294,0,0
S8,69.2577472652438,2.0980073505568027,32.79542633551133,44.4745280812989,0.9240676253023157,0.10648440852790406,0,33.58787034145518,0.04291587222982424,15.011619953866175,0,0
S8,69.15883205899215,2.4075345446194856,35.76669292176367,64.94298826687623,1.059162781087268,0.05654144749755691,0,33.82520003483811,0.038358773318139756,16.567689134605473,0,0
S8,70.3642246597369,3.399044140646526,51.8416120619861,57.547311373802096,1.340437944505322,0.02359845624525397,3,33.61152654893807,0.04522494795873132,17.925005183906595,0,0
S8,79.33961931014733,4.285582234361679,47.11432168122601,53.71122621311246,0.8910736092989067,0.048858774171376886,2,33.77769749574936,0.05283191573479766,18.331189790288256,0,0
S8,81.97952385266925,3.4752586047173115,55.51025741257446,49.90906194688431,0.49494266385537633,0.07341323258635321,1,34.19809759611949,0.01689550575621134,15.882334291736955,0,0
S8,73.22900543376696,3.584524051837435,44.87622687418608,59.8535990755319,1.6701888802945457,0.04463721721516474,0,33.92592650479277,0.053332757906236775,15.558136550120775,0,0
S8,70.50110478800644,4.059950169762376,38.056196619773345,46.508951490097765,0.7576759269029296,0.026116266971763117,0,34.67558907752013,0.02974711117113821,16.382248467672785,0,0
S8,67.65126801384852,1.0645700402861937,43.29125406235966,58.05665568642596,0.7391332765309332,0.03901682116472448,2,33.95155323873212,0.07660864688757633,13.700585054205188,0,0
S8,74.23433432983764,2.8794128115265303,32.73852823261013,47.68745431187043,1.3879604172513413,0.023197502086904288,2,33.91143889274912,0.040286425108499065,15.612780977928983,0,0
S8,79.49179608391394,1.512138296509377,35.97127461522372,46.02340614724946,0.941497676822107,0.027496277965376768,0,33.92538620440727,0.057776378205274266,17.48917279694626,0,0
S8,71.37081213555273,1.8261266736939712,52.77955198334408,48.62512565174988,1.0378274575241193,0.07225268610406604,2,33.70218872071722,0.04857759418339328,17.2838942588874,0,0
S8,62.84418952064046,3.0855947039445253,51.982299315756876,51.24592553516038,1.2016814503526578,0.04443254064784212,2,33.87618034486192,0.06545695677087447,15.459464791272222,0,0
S8,75.04037237091545,3.7831598877770105,47.90403427844861,54.51170164066297,1.381919344067561,0.05670108703824343,1,34.23186773670869,0.06129578211815297,16.435436402174332,0,0
S8,76.30177252945356,2.7879103300795745,31.231379832316243,57.35455795111115,0.9568062051800309,0.06084406013818097,1,33.92772252901353,0.04324244449052387,14.350699319418625,0,0
S8,66.01679112210996,3.002231622162402,42.13277139589689,18.11634708571556,1.5128300149088523,0.04450712501267405,2,33.65549340961016,0.04085562921361609,17.406984296450048,0,0
S8,73.06611041830517,2.3108882022782096,35.20000089071959,46.92349442253235,0.4161044585141208,0.05935380207717771,3,33.61600594243161,0.07621211825626927,15.844357127727054,0,0
S8,74.16507774819775,4.171101971669559,54.41226603030212,51.08430022643961,1.2847805842204856,0.024868693281091293,3,33.75847076107545,0.07578406102813746,15.448097096607723,0,0
S8,72.0677444756176,2.681841498382071,40.33022293149919,70.0506203860833,0.8049861457292653,0.062014660302911834,2,33.915690358898466,0.03187569335905578,15.276552327813226,0,0
S8,69.19709000731194,3.1419799138740054,36.3140183137476,44.19997391617868,1.4685258081169599,0.056274463657938145,2,34.25160728921808,0.020307904161606948,15.874212266200283,0,0
S8,76.42392257790758,3.608267166344189,45.238369320971394,56.627966180999124,1.099457756783726,0.0769187001567663,2,33.49138473616527,0.04650704108636745,15.104244710136083,0,0
S8,70.74665469977863,4.360168130828013,39.878764345323106,69.95030309735837,0.854972813531742,0.04620613013095185,2,33.79758344520857,0.06699169062093235,17.316286072005127,0,0
S8,66.41942903285363,0.7814300340489004,56.86995128162965,41.870314700527274,1.2556967410410522,0.09837555558626927,4,33.93682433440572,0.07990916490485914,15.209432903967638,0,0
S8,64.16227574097464,2.715374495746321,39.121512819726476,58.93975225864402,1.3248009172967379,0.010558219467123639,0,33.34341959828637,0.055760567366109785,19.185928192054764,0,0
S8,77.4035717636506,1.5560744529262431,33.80617392620295,46.977281660654796,1.2494126499921538,0.05889707075114976,1,33.64345184368528,0.058231314383285646,18.93042100696276,0,0
S8,74.82682958953784,2.058596830997975,27.776691873939875,49.95366257710766,0.7479355412446443,0.07241934047228755,1,33.68956476665434,0.06611149405612347,14.21691302029099,0,0
S8,72.71206787217004,3.9758233372885634,44.75370798069268,46.96889166046685,0.911639276047937,0.05017715407337791,0,33.65474021642005,0.02168951866172587,16.13940853885856,0,0
S8,70.59907513625015,3.9778722722111377,40.50455908913659,47.68142691584114,1.0556225619981319,0.04459257201728418,1,33.951098192081695,0.022204397136146622,14.69868675732761,0,0
S8,70.24418002684085,4.352039365974326,33.56876314790618,82.21912147906494,1.0444665173395444,0.09198815041005019,3,33.84536344572466,0.04917503742041594,15.346704873622777,0,0
S8,68.05722708988691,5.159121154603292,54.51381169004628,63.44455872071666,1.2817680557660667,0.051826294572227,2,33.72694549779489,0.04239088191667298,20.004854935289593,0,0
S8,70.63435110541381,2.3695415458145224,50.33796117943393,66.0173786178621,0.45237404338258,0.08274164815985485,0,34.02192011654099,0.03439712237224457,15.384857165768402,0,0
S8,63.87982482317266,3.7352693099749876,44.774256968502165,59.91993486836496,1.1571425295006135,0.03881672329881584,3,34.41045374386908,0.04079386474851274,16.720452074154856,0,0
S8,69.4159190697793,4.030249693969567,55.914609953366934,38.93743211598042,0.9698500068035705,0.04239926307421293,3,34.38530828359772,0.04190409241159414,17.082642588016558,0,0
S8,71.11642361824899,4.132804697174807,50.300288267188904,58.94957970323307,0.8052942282193768,0.08194794586443246,1,33.3166997969565,0.06289379606568467,13.998741255033519,0,0
S8,74.79969387241503,2.345230224376051,38.417152787852544,65.72929614507346,0.8340983798036826,0.03978783001404841,4,34.06665298372574,0.051598305274800756,14.28980905118159,0,0
S8,72.20046783015991,3.3209300619256577,36.68623868807387,46.466005259608885,0.9924831137791734,0.030242681797204563,1,33.84012434155605,0.06446075879159728,13.587955257183761,0,0
S8,75.53986613915559,3.085513329639599,51.54385235563089,64.65326667161126,0.1,0.01568583362723741,3,33.94007793143481,0.031421470350785394,14.228058532204447,0,0
S8,77.75671410410708,2.495871326348336,48.17093565173881,62.04336209854079,0.8464575418970974,0.0485428462231789,2,33.774046418512434,0.08778557591007993,10.299939781365635,0,0
S8,76.59285405894977,3.2381713061396282,46.35798214376529,73.5204004481367,0.7940999657406744,0.0331845622020275,3,33.92880791754136,0.05441261608614327,17.089164801587255,0,0
S8,74.24221307316759,2.647912252546119,38.22801757704874,50.82216987486381,1.2166793759313497,0.056495164790670835,1,33.93895354739681,0.0616113537407123,20.108387682512138,0,0
S8,72.40762440037649,4.209230647223938,49.86358053604603,44.023890177242734,0.8151864083814063,0.049514270086599484,1,33.719845801370525,0.08277921055199666,16.295641478073055,0,0
S8,68.43702164999912,3.908022662536191,38.956008934928406,51.383718906274545,0.9923102730834155,0.03585120910375625,0,33.62462106422765,0.09419711331496929,13.167462281318786,0,0
S8,75.31994988917063,3.3269945132700975,44.184106763250576,69.35570993163623,1.5195274014329532,0.0332975099205553,1,33.75892262378935,0.08305826102460845,14.714447234200104,0,0
S8,102.82683919484403,4.5530267551604,33.2701905446056,38.00537516503614,4.5652809825273835,0.3766661253198412,8,32.98875483332117,0.061157518835690684,23.997116999671956,1,1
S8,90.16202210133599,5.773683011087832,20.988305465649564,25.815814632502974,5.469044855271527,0.19447269119868285,5,33.234939060283935,0.060499081502920216,17.73348323388612,1,1
S8,87.33827212139978,7.482639633815829,21.08377378395359,36.828901985805715,3.612659025774267,0.30354587474096334,5,33.69609574458582,0.14836040795603989,24.36171568832404,1,1
S8,89.32592393893138,2.440249783583665,14.790448219440954,26.82650172537207,4.891808075768457,0.3564170702341044,10,32.870396681131105,0.20021795621427577,20.34285860060093,1,1
S8,94.64856404875955,5.096717821646106,26.72964792635189,34.665576370753634,4.5456658303537045,0.439514861210897,9,33.39783805556842,0.08947354911760694,21.12549614469655,1,1
S8,98.02731361383644,3.255180524877386,26.76588127164677,21.247449644815838,4.290055388358807,0.21943675575932042,8,33.0622464892873,0.14192815870701103,19.696140530480516,1,1
S8,93.7830976688348,4.323647035336937,25.94537600699955,31.41081179619713,5.265049469827331,0.18996613409935129,7,33.411587720310166,0.12374157729172763,25.196453678164207,1,1
S8,90.97051293448398,6.006120233477145,18.85389663576319,18.09187235132454,5.260055736780169,0.3084622952486741,6,33.26762242465605,0.10951318163033344,26.02191307241979,1,1
S8,99.34824430547992,6.959250639103146,18.46646615813497,28.39717508434947,3.7996517763438202,0.2067698814190459,7,33.33070558964839,0.10926923768121571,23.07015564397552,1,1
S8,88.48315484534423,4.1452539886081325,15.534388747975148,32.64212396326748,4.411115946048223,0.3788433622503389,8,33.07356139558946,0.07462901132730745,20.406719883992842,1,1
S8,96.5456897138548,8.25769497509878,22.419362508804667,26.874188692613426,4.781813759201815,0.22663930390171347,4,33.089505748536766,0.10807996043029286,27.76856910831159,1,1
S8,88.63179689354568,5.010070898218599,16.59796335360749,23.697374227464195,4.338439014716496,0.14840045688319708,7,33.40844033418617,0.03020958449578795,20.74876961673603,1,1
S8,92.94631143171871,3.889351682815081,16.112917473753555,35.0767108157756,5.024861478964802,0.21760911467840782,15,33.67101753087762,0.10847516715315537,16.513903100217682,1,1
S8,89.67879829491065,8.020758626566527,19.88154641544662,29.379223260918458,4.781798027462783,0.2054242540203151,2,33.05421959489606,0.06472156942931304,24.375167029871204,1,1
S8,90.02506058773649,3.114570427994575,19.55421912407892,27.062576117815972,6.022893405419373,0.2980063617904104,8,32.94602431074603,0.15532778061317373,19.685675979075448,1,1
S8,88.0958545788801,8.532660535912576,19.310107355890224,30.25137552692566,3.332621104390733,0.32099327481472373,8,33.53891539484393,0.12554173269070396,25.965826380497525,1,1
S8,98.42929787073753,9.395247559418682,24.332222984201305,45.820014851673534,4.458895621336645,0.28320814614168105,3,33.28052977135212,0.12584518704096687,21.856586909979743,1,1
S8,85.96261745500215,5.358432276296002,22.395239010751396,36.92101709868926,3.8300424039248098,0.11379566291452425,5,33.62573058216958,0.07264604398001695,24.81113972163259,1,1
S8,85.91878016836111,5.981681922930689,20.55921984744441,36.97544200912704,5.040130377485799,0.2560785372501303,4,32.93121244322674,0.17705143419421573,27.204501039656474,1,1
S8,103.08613507872401,6.162554335182137,22.91506464155741,32.613277913954185,3.2631069010981273,0.36788434440256434,4,32.581755758405826,0.08259691033694735,19.373423406137835,1,1
S8,96.22725907157934,5.376648228469532,17.04236479447684,30.998911635462882,4.833894581314472,0.11709923627765517,3,33.08032969584467,0.07030687948493713,21.302188607322783,1,1
S8,76.04949149149513,7.053962782727506,22.52639311954839,15.623506270017502,4.05280566805589,0.25075601803941333,4,32.986990284869194,0.13771754479588935,22.77298678202881,1,1
S8,86.96862124839093,6.362507896690101,22.75301246422317,25.926117921221206,3.9695149202377515,0.21475462683622581,6,33.26201596854308,0.18593187455147836,27.61265395710303,1,1
S8,79.48823765828104,5.812192862573905,14.484765703212597,27.116553520785153,3.3996458503020133,0.3663000969705304,11,33.038793242867044,0.0839516317382129,21.024851846178663,1,1
S8,84.65602952316183,7.419198958767133,26.97846877185181,18.7506476157148,4.184783656173758,0.3428015659151687,4,33.58993810910978,0.10833967882302323,21.21648891215298,1,1
S8,71.52908568624912,1.2910341546067956,17.592831473865022,23.0555052587074,5.424444837367304,0.2518252460856113,6,33.178271223606195,0.14921840191039903,24.434421726667424,1,1
S8,89.5382362174897,7.054961666055461,22.451548996032173,18.114981174464198,4.53669346631098,0.29458388752292464,4,33.35372112808476,0.03110972264169924,21.268313822868286,1,1
S8,83.50852276868548,4.559089858649882,27.82205870267635,29.770056985815764,5.058988747434142,0.2911357631151439,9,33.35658515195158,0.11641533107147568,23.45757764869285,1,1
S8,90.71960522443199,8.429333560265805,26.628383788569348,34.91259582509289,5.888557870707583,0.23551332448539056,8,33.371513365540075,0.11623296346695258,18.34538773709562,1,1
S8,80.60944613035821,6.032748483862587,22.171666942844176,36.64064711174597,4.767848880992624,0.1513057263498443,3,33.28387968439321,0.009768346756210106,29.64298982766979,1,1
S8,90.8576448026856,6.862019384260154,20.18750498558966,32.488706772475446,4.10980475548469,0.26739472084128113,13,33.49777160473933,0.07527299831599324,18.95687230907179,1,1
S8,87.87067601493139,2.7616538869682703,26.737559542877836,24.219621952808588,4.930646185280795,0.3129739514408738,7,32.97526927504487,0.08936319703217792,22.034741888029377,1,1
S8,99.37189147478493,7.113749444736291,25.3734748890431,18.407609048880243,4.12140749608313,0.4364048530411758,9,33.85329849923675,0.014342764787211804,22.902556892473715,1,1
S8,98.82831485412711,4.600798382595272,18.90817489977935,19.458787803590987,4.153306266496827,0.22906243866880868,4,33.19891637522778,0.15819304696586603,28.73806440307039,1,1
S8,95.07224730171505,2.72719396158703,18.02553176499155,22.38610453647301,3.340930173439375,0.44358610256806047,10,32.76891167341573,0.10543423606265162,19.02546265720178,1,1
S8,88.40049099968608,5.807998676532284,11.638224091520009,24.66684181178595,5.297850406002077,0.23019402367810937,6,33.36876067137191,0.08254947871279886,28.951112406436252,1,1
S8,102.27245605521512,8.096233518538309,22.770159208417937,29.04150901205048,4.248042352615012,0.14314792459175613,9,32.953059135596206,0.11381656726575415,25.271530463306068,1,1
S8,81.04196201661443,5.231636668586049,21.586511274908005,23.91501469123819,4.702523009787252,0.1737866551485902,9,33.55966514237875,0.20343900702735584,24.251285973269738,1,1
S8,81.93882190627139,6.83810146950692,27.68095687321271,32.03385536200957,3.728074870249251,0.3113265544661144,9,34.17737355899215,0.1455110712267465,20.046098938946134,1,1
S8,89.85747508431896,3.1573001093629056,23.795275467401833,28.60635898320316,4.90560251690694,0.4252291909122032,11,32.978902491952056,0.00035828713980302906,24.713423726114222,1,1
S8,74.51634163346075,2.959293373147266,45.15373943674699,43.07143027730941,2.4469452737276,0.09602742648831872,6,34.33310133050838,0.05455146198138257,17.87195293264031,2,0
S8,76.06501531775885,1.0681104932750864,39.4784657945712,60.93635939617346,1.4697432652744893,0.08758412784976125,4,34.28682447860766,0.07762124374761331,18.67299851568261,2,0
S8,81.26879050850589,4.810884312718361,35.62328890333809,41.83660160689697,1.878876954591077,0.1247633267755204,2,34.1374740120712,0.05248982038721001,19.732072108966708,2,0
S8,79.4537650143608,3.015854145991538,44.72652525025783,57.146892241646626,2.880783216026399,0.15077022687594482,6,34.25052846339378,0.050053657072846605,14.298911139842296,2,0
S8,77.52609998016139,4.441123058189821,42.52833166279596,49.478869232482914,2.091005478104471,0.10653338722710154,6,33.853354225870774,0.08923434032514237,15.07652601156329,2,0
S8,78.30018696051474,5.457118536508539,33.20891718539672,50.0175588338743,2.120000670428062,0.04818965517331517,2,34.00067836279703,0.036248936664499194,17.407794027652606,2,0
S8,73.47005856604052,4.868364727103701,28.705409285643984,32.23753134918879,3.2098177061184323,0.09742649410483334,4,34.15113259966581,0.05089656432092472,19.51784859194642,2,0
S8,70.8740117112325,5.523441825991706,35.98026969522743,30.37669317435425,1.357173330210177,0.10749837528355644,2,34.17678608623977,0.06104914773778888,18.40181713212037,2,0
S8,81.99273179533365,5.169742961132575,48.60789670743746,46.235472477861485,2.4550595964556177,0.08499564020225743,1,34.18958768505176,0.09137037970945108,22.69530306524871,2,0
S8,81.82870424633428,2.817928565150488,46.025410111131265,49.97524850733289,2.8888375530386123,0.12627716265368352,5,34.05203074397029,0.08867665677319689,15.294008032510579,2,0
S8,86.28264555943865,1.9340567660918504,30.213707712305933,38.99841737809821,1.8944154498852894,0.08626659296590204,7,33.98030430823611,0.08284414785771116,17.121636325991574,2,0
S8,74.41008819957732,5.735866821596538,29.825698088700552,39.290452716189264,2.4866598065619856,0.09314017598447044,0,35.040862713488494,0.04530657812646281,22.800229352477754,2,0
S8,81.82424973515798,5.433903733496143,46.92278694775641,52.49178103860906,1.5658346645291101,0.1473419641032642,2,34.36556751045492,0.0367067330297521,19.327798311687868,2,0
S8,76.9416400418297,2.1941295265504297,30.050548666695196,52.502835843657046,1.7134782153508867,0.10901026727934399,0,34.21747557136099,0.07258721266857784,21.212106457002896,2,0
S8,84.31254860962076,3.5513963721549175,41.56506726549406,46.898071516896586,2.2493276211583795,0.127171752799294,4,34.02356877911328,0.045797267863252354,24.128117358173657,2,0
S9,68.80891569004469,2.26572402871058,46.90603866697878,63.26889219816709,1.3001980090296985,0.03693938849083891,1,33.30618791501883,0.03668400259796459,16.229275749105383,0,0
S9,63.6770923773513,4.06518318012364,45.36646374825278,52.42689133815323,0.9992269491287177,0.05320460729226812,3,33.42703816330031,0.027697551349825933,15.449003696650562,0,0
S9,58.83224331236515,2.74786658899892,45.55037502671752,45.5137548981357,0.614236422665512,0.04737959796119434,0,33.37070804216782,0.0072202221277252385,18.23516146449125,0,0
S9,70.47986235273746,2.803487085573831,36.905750594217324,45.57877904647191,0.9455557255960373,0.06446385952057468,3,32.59445802395619,0.047247442354851184,17.144200416601976,0,0
S9,69.96990014633826,3.254406878746652,42.37547836644404,63.78734278047665,1.3250731626956909,0.05969026261545545,2,33.06684296543994,0.043147955184578556,15.237847091106547,0,0
S9,63.991163721630905,3.7307546611603923,52.75160521801736,39.557266789024446,0.6267706000016438,0.079149685956634,1,32.91373908409198,0.019522827251051905,18.64817556722419,0,0
S9,66.60447703192816,2.6551502475934594,55.12124400349309,71.77059175297113,1.3618755735941614,0.09659234966907426,2,33.11121493443525,0.05341130766415999,15.416242291930779,0,0
S9,64.60029561154793,2.965148049508995,41.63279249140048,50.43874306505397,1.2557734224320627,0.04483915139555871,2,33.17056598653416,0.0754887028854564,14.108456707853446,0,0
S9,67.28457072591384,2.061006803770832,32.51664375618469,58.09531930304238,1.0946022985680126,0.06852349053370274,2,33.52382898453894,0.04446497938443494,15.97851490669841,0,0
S9,61.10237707695124,2.250157077291815,38.77060918962363,62.017100579770926,0.6802007687162592,0.04537794698661693,0,33.29249452818842,0.04907239028195855,14.351733032656556,0,0
S9,60.532098721170584,2.5022563745771653,59.821576758823056,48.163142849709146,0.7042753746812891,0.0722554503563011,1,33.629273009046486,0.03515831810154447,17.872411475074507,0,0
S9,68.44563013252007,3.140074847959827,39.24684408010219,50.40102157344755,1.0512155281718276,0.0607486518277606,0,32.99407032285221,0.05259446097366747,14.30913563239005,0,0
S9,68.95263457551636,3.7722299334832914,44.22237063792176,56.31970001945575,0.8332780151460386,0.041328719344729016,1,32.77880044980382,0.062452540796246424,15.769260743578345,0,0
S9,63.23900709899155,3.652228200116695,56.3272988961586,46.46279180784393,1.0706324400643428,0.06936240154481238,3,33.6404962094265,0.012286841034780192,17.87941498389118,0,0
S9,62.20569089763387,3.509046138674067,40.784831957303126,44.323582366674245,1.4426146689160237,0.06802539539123229,1,33.33395998855055,0.04177082738419025,14.575596082829314,0,0
S9,69.79244101005676,2.4521785757567787,43.67571688281859,45.22217755320254,1.0888536564867555,0.03597244789555089,3,32.980941886972694,0.02935988687335253,16.822287066639287,0,0
S9,62.34112512421726,3.6657600540078024,51.355986326050484,67.09146286090211,1.0806265403921844,0.09563805833028344,0,33.33527028073345,0.038879599556837285,14.053169282991094,0,0
S9,65.42382022542104,2.533451553795009,58.69445494023604,58.97924846715333,1.08086418901209,0.050307930737557904,1,33.45450128734019,0.017960499752606413,16.48876625439436,0,0
S9,64.91651528798735,2.304451665508127,39.83558508244017,47.06832941123652,1.474780601001046,0.048860686394734676,1,33.23968066108264,0.032121433539981675,17.134493697715044,0,0
S9,59.33455142007029,4.197441376549668,56.136761952969465,63.727594562340975,1.5587709879572351,0.024123652698642147,4,32.985212488772405,0.0680201064840423,15.915698936637064,0,0
S9,65.97063226979265,4.4685022718853995,42.747770321085426,47.62244753167118,1.297340135363587,0.05763449489693653,4,33.07154457572366,0.04725098886088046,16.067052574956637,0,0
S9,65.57980301509461,3.2462818129724984,37.9125703562805,35.49587798342593,1.2117374769310518,0.04118872932120212,1,33.2911098665353,0.009278636030484136,16.88797164312106,0,0
S9,66.6429403138844,2.020747666995633,46.996451442460454,61.96808991160353,1.2396288061683225,0.04977641769044236,1,33.26358980378707,0.031186262300589702,15.43898283075106,0,0
S9,65.83509868009112,2.586877114230687,35.73945553785123,71.46230951809906,1.5991455923874598,0.059583583188229886,3,33.567601434515986,0.05290048344944988,17.779107262159254,0,0
S9,73.74492483913146,4.058474772118964,48.77609145170305,60.58039671519016,1.3136358497377,0.05588335076003205,1,33.121150353459754,0.05705941499445736,18.74228209468418,0,0
S9,69.84888812677089,2.2877107141937203,70.19718408907633,36.12663048564916,1.6274916946384974,0.02337787802517208,1,32.91479523766771,0.041741557099789384,14.148430681472757,0,0
S9,65.35741120329718,2.272815117347131,53.84480652202955,54.76444599779246,1.0450345661154112,0.04666464738251029,2,33.97703971605137,0.028679232742292133,19.5341191489154,0,0
S9,65.72313153687612,3.8424887372351395,44.16080289767902,52.254220002470376,0.7700893158011004,0.035382501469729793,1,33.25626987702668,0.042724619572536995,15.39302448100313,0,0
S9,72.25665203248113,2.979807897026234,53.41761526139547,58.78212162643893,0.9700421765218186,0.07246353893203367,2,33.454202244547226,0.08517385673909728,19.9886898994397,0,0
S9,68.65452634549897,4.827441941113795,37.54782617106188,46.52730723131206,1.0019209424859246,0.02436408759297183,0,33.36047792878813,0.042537190475900065,15.420165828272275,0,0
S9,60.286163759500184,2.4366135495476975,38.89060291198264,51.66522749906461,1.652118400032422,0.057406182554512186,1,33.25989574874863,0.05618565206427187,17.41475715028394,0,0
S9,68.99796809270636,2.4169981516340036,44.38268179830988,40.799170169772886,1.391684145072338,0.03676127182473249,1,33.13560029795741,0.03005132522496505,17.404021223058816,0,0
S9,70.17337952971775,0.3458376542901438,45.702249598798694,57.21770782441386,0.9795230644162499,0.024036709329345277,0,32.36277870617299,0.06733549330369226,15.225376923553295,0,0
S9,71.6730435045811,4.4647044837412455,34.65357744632186,41.17104080727462,1.4132833747913431,0.07695715174524981,1,32.88495704494102,0.0681846788436594,16.145254776358804,0,0
S9,63.596208475048016,1.988058053485075,42.54818006311655,59.37424485722934,1.1318856883839392,0.026375551047832357,1,33.30265918120555,0.013779537142360167,18.879801112713622,0,0
S9,63.3043732196021,2.4168028421162795,43.843290264111566,47.494528109969515,1.6611255293346234,0.05174212438611942,0,32.388231445778295,0.02984431456164632,15.355635100475988,0,0
S9,61.434915115688646,3.4310880736371017,57.33577878270907,23.58585458703454,1.0706496483048202,0.06303715539031203,3,33.225408934993446,0.04051019110503255,15.164907867490825,0,0
S9,66.43468505882251,1.6599822720764479,34.65323586932135,62.93758143099133,0.7090932445879574,0.07761853127602596,2,33.40229257043966,0.050702844492417444,13.69306559762777,0,0
S9,68.13364553130077,4.941206008265922,33.91161167531541,59.940400192124,1.114734701761329,0.051847582987841374,2,33.45390700231139,0.05324425834492448,19.13510444020986,0,0
S9,63.148858454767954,2.035503180010398,46.405671540836536,68.52942047770699,1.0708137220883451,0.0415291333321844,2,33.38336999141978,0.01882394461164165,15.038446876990793,0,0
S9,64.63491401080132,1.6563756367152218,54.207012821819134,34.09881492830095,0.7677920273270384,0.06482330094653077,1,33.491441002665496,0.044348332337660334,18.39996043589589,0,0
S9,56.98730401900171,2.5773419713828782,49.41274411232413,48.45450460163617,1.346533548895026,0.035191480386257475,2,33.68560683215293,0.042289525911127765,14.79729036585805,0,0
S9,71.23997140308857,4.133063441607172,47.42141514738379,56.31592960561866,1.5981756708066481,0.052884435137453376,2,33.53275879780312,0.026399702398114268,18.337169230390828,0,0
S9,58.94226971547758,4.030384693888993,42.69113575998775,60.717058930363166,0.8340147245946741,0.08450077179596033,3,33.26297283685094,0.059894093361004465,17.6132862334455,0,0
S9,66.70129421024919,3.8912902117888275,50.408839434358654,40.37116062260568,1.4625731395881862,0.07441565834737865,1,33.163537460748536,0.016867901630312154,15.543136157867282,0,0
S9,94.38779740879201,2.6401885069902096,23.124754222195765,25.000833584784758,4.316626053196944,0.2624967190791685,6,32.75116447644309,0.051634074684828835,24.873245416797573,1,1
S9,89.79505962554119,7.515221873852621,19.14274697672874,22.278116614315433,4.37526912656894,0.1662066417630284,9,32.829059415709004,0.001102173676226087,24.28498224250827,1,1
S9,86.13530340695554,7.5629348284949005,26.830856529738274,32.68735715134754,4.8544682737705935,0.22316287060410314,7,32.54458454565723,0.1142651846440641,17.018016119962276,1,1
S9,82.44941196656495,8.854017805398122,23.903779228739662,32.02695549559193,3.880696025579292,0.28714010859322353,6,31.902004263031863,0.10677712335635796,24.783231061871756,1,1
S9,75.1787207059649,5.905459241541139,29.728368627933307,32.14756619990929,3.4158698821255755,0.13526935162509884,8,33.0079510254178,0.09139008567618434,21.347028827468648,1,1
S9,81.21376857930039,9.947797156885166,22.43638734476108,28.166446394913503,3.819187590431836,0.2124780769866102,11,32.902779909991004,0.0937594536230698,21.425548411121405,1,1
S9,85.89255730065565,8.514169784210692,16.8133564311514,28.771460645519074,4.976134302383562,0.09587113390980417,6,32.695432769190234,0.12480496203827746,24.21459707889083,1,1
S9,76.57602492724028,2.8222401603899003,27.884896817742433,29.82851549033356,4.541209504460924,0.28991887168814595,5,32.62005557753602,0.09910362206407194,27.568807773451383,1,1
S9,82.78369159719357,7.224800321596027,19.11605018268374,27.593320372422422,5.561314521373116,0.1487525629845609,6,31.89135345735971,0.0785986766123372,22.398696119916917,1,1
S9,76.10092697661243,7.328105906611166,23.47712063500381,34.663093632628936,4.618829835515517,0.19901674834981992,4,32.91378607153639,0.1302206104211401,26.537150646617796,1,1
S9,80.89443014509288,6.418339621377504,22.928583446844822,23.582018243925198,5.34477050830049,0.20542482420698388,10,33.19848183451171,0.087385832878773,18.67723169635446,1,1
S9,75.08641100393365,6.007009663337238,22.22814664993932,25.30911681984706,4.11650833527146,0.22798178859585982,4,32.15842520901161,0.129209990149318,23.392230037736393,1,1
S9,74.45551867469476,5.257441340951832,21.150900139114004,30.727915393539345,4.322646254189758,0.19269690737877787,8,33.14193087968899,0.13641006726131444,21.376833782215762,1,1
S9,85.2427116702614,5.155741671854418,13.739279340555916,27.792424691130247,4.67837934805842,0.1959628379734991,9,33.056506535718505,0.0005734479371572038,23.846020960268184,1,1
S9,79.72362985107527,3.920993262792141,16.989480376847848,23.347310523536937,4.553178436073823,0.1661372521336789,3,32.14664528784034,0.07839477629968102,22.111077791644693,1,1
S9,80.28743162302709,4.555721566742274,27.61066161115238,33.19155192821312,4.478467996405369,0.34830501486789517,8,32.446265977439204,0.06899409422195671,18.976815743108588,1,1
S9,79.40151339285269,4.598747259522847,24.1440035888713,26.566275764434188,3.9730683797049755,0.2655654197099732,2,32.045748359936496,0.05593272480285277,20.337771911596572,1,1
S9,99.54088312723655,9.127984309693552,31.546485253132317,24.931674175392555,3.402310385018774,0.33021567911628125,4,32.577868082888806,0.053276521915686076,18.070396760430242,1,1
S9,86.84637771571269,8.027334171733674,16.811475889827623,28.953721755576595,5.175573279302329,0.37217081395199536,3,32.78325044215242,0.05431541052325546,19.079296313153847,1,1
S9,87.49063643648421,3.6696667684823514,21.846719473237812,24.640503014889614,5.0861683051977025,0.18895868541018662,3,32.07573616477225,0.04339179521020367,24.440973124625142,1,1
S9,78.5496819836386,4.439422931154454,27.815967594806885,29.794912027017062,4.1796646432525595,0.20998754152812565,8,32.75824452723024,0.12016609445505924,22.246888610428332,1,1
S9,86.23067933290595,6.1624510063005,19.17088244823161,27.841806984160023,4.973867051953802,0.2351978493465305,6,32.85957372257176,0.08067306820300349,23.69259323038426,1,1
S9,81.83584918300946,3.384088500073246,19.5731647794454,26.924519377519438,4.537603214135584,0.30917177267819873,6,32.86531487966786,0.1227749662729485,28.446732444785216,1,1
S9,78.5014767560756,4.7663028180165705,20.533300676806313,26.961998624812644,5.555697423145398,0.1398844858875577,7,32.78572444601461,0.16224417750108333,22.112084620363216,1,1
S9,94.77672360878938,6.493460902173863,19.773261025017245,35.97369098415147,3.6209523470512384,0.2896968291325043,7,32.112527146628,0.11760591442799034,24.902851799546713,1,1
S9,86.63892337473573,3.595032602837414,24.65898699240311,32.21530446766607,4.56937894846133,0.39992765840168665,4,32.55533380976034,0.08386008268223077,23.084406536603765,1,1
S9,86.33620698431109,7.644084007857886,13.098949150920362,19.744820842899877,4.505522634152378,0.3958432703426778,3,32.744864261305985,0.103255041280728,31.28805359819451,1,1
S9,77.37177347684764,3.637043182529767,30.21362953698983,35.29791723277074,4.799652788796475,0.0006529486514263994,9,33.188333666116,0.09846336762792249,13.947059321757838,1,1
S9,75.5809197411563,6.500288895465108,17.20168336722278,33.09934226879901,5.900470270416974,0.1919224866314381,2,32.604909748975366,0.10542741813827669,20.847013172083635,1,1
S9,82.85686638004901,6.8606896763421155,11.414141560024419,32.74508941107022,4.571786285600744,0.34939277907946353,5,32.77413993489068,0.09085738435495164,24.96207192269444,1,1
S9,79.7610910783554,5.909316653079873,21.948803010913878,35.32746531751051,5.265265765598095,0.23213996705664458,5,32.23111269172228,0.10134378533307399,20.74128381371618,1,1
S9,86.87802085700422,4.973631238152272,20.112995179732586,30.09018022146478,4.552507009650917,0.19820346155055157,7,32.14196580271401,0.08179908642910794,24.698214671929943,1,1
S9,87.27774048681026,6.312532483238994,21.110101255836938,33.72050208967174,5.527490376411203,0.16526859721488632,4,32.09069462128821,0.0819602426749436,22.81976242130993,1,1
S9,83.59519481019403,9.617179934242817,23.562882876677822,27.213168360861925,5.27303868667175,0.3396399340504383,8,32.43581610753602,0.06171675690933534,25.594846514034913,1,1
S9,88.16845424297449,7.729345861187136,25.224206447771127,35.085481909255066,4.40410802610513,0.31273920740836847,7,33.4287438783831,0.09584321954084646,19.603631508717022,1,1
S9,84.36200159011393,4.584054105987196,30.433256768339486,31.30868133024334,4.3465191730688595,0.16784858875147624,5,32.44309291340442,0.10895360691132946,23.518526931849063,1,1
S9,77.97203750806511,4.307532675606985,18.549295812255526,21.73823007338464,5.0603285332552765,0.3597221329671825,8,32.74977395875718,0.15523226353820038,24.39805469004015,1,1
S9,82.01252690119205,5.914391004863815,25.8714552908218,36.21830980758327,4.146435190027847,0.36387808119221293,8,32.82676260060876,0.08353804206789009,23.39536747463401,1,1
S9,84.01657345700059,4.571296433431761,25.544682255343584,29.22657210737769,4.823266098216502,0.360027518014524,1,32.1673117735659,0.1631946782242203,23.448237454762666,1,1
S9,88.77572556532905,9.926315973984433,8.796071822122977,28.391263745892914,4.386122759367631,0.2832655071477108,8,32.429880676935504,0.134484415807585,26.60729271733868,1,1
S9,72.75526134380871,5.78793395146446,36.13893390018892,46.93925156302929,1.8465300162403249,0.08457472956217922,7,33.13378602378953,0.1129369204597746,19.689157994085644,2,0
S9,78.21906848497092,3.48187686390425,37.3793267335411,61.97429909281561,2.286441183882179,0.09149875896625236,2,33.36094978348686,0.04584758926262445,20.415345771780927,2,0
S9,73.36859586867426,4.818084221387011,22.304448388791794,31.52174744631929,2.859202964799459,0.08837986324092101,3,33.45470982427717,0.05842215556170008,19.654651648225684,2,0
S9,75.22759414478814,3.692180490661056,43.82753346961638,34.34991344024289,2.5521643664981815,0.09088381811092505,2,33.34257351954941,0.06316572058797151,22.08542464697844,2,0
S9,65.52508292546364,3.324664670445053,39.14811169648428,51.53546949670814,1.8545258135564664,0.08386817672331631,2,33.82784167023158,0.08145702981241984,16.464596836862583,2,0
S9,70.0463613246396,3.5597163041778823,39.85723209313753,28.171706273169445,1.674873698671864,0.115342096148285,4,33.12641422300878,0.04221016519023106,17.257559955891093,2,0
S9,75.27035594468914,3.332964959270691,34.39152582280204,31.65205198011903,1.824365527856555,0.05069757750037278,5,33.264480783118564,0.09708866866723655,21.738372985996808,2,0
S9,74.82203892182481,6.06318951650208,42.10375262871177,57.40126261035313,1.533888579028626,0.12381835973114748,1,33.54827488445413,0.10302205440579658,15.31745042371184,2,0
S9,75.69669125082352,5.155429077074688,32.176519232465935,44.72901305276728,2.244464762875156,0.09312097025404714,2,33.10754806708806,0.06745039334183342,17.65153568229625,2,0
S9,71.8054484374324,6.0411795332187115,33.27630029038204,65.56871647437453,2.577653111078676,0.06478735299968127,4,33.0942564024616,0.03654364425466877,17.1711492631841,2,0
S9,67.94206518580157,4.609118749944907,42.39831032019258,39.72184177557147,2.1350900224613323,0.07652601065805051,4,33.445246585381305,0.01480197265083047,15.089487746632578,2,0
S9,70.9074425338832,2.1355999796341476,40.50013215300835,45.45214560903616,3.030643418176292,0.0875430260258582,4,33.66412943085603,0.06096377509495804,18.532127988397715,2,0
S9,71.4373470215205,4.116953649074948,29.056798143821943,52.32504580942869,3.0584673092888783,0.18020785360941782,6,33.70328676191864,0.05584749486597813,20.865734649721134,2,0
S9,72.41087924414084,4.417188234304157,49.04159609061625,51.77222787340191,2.3246276561257444,0.034964318905020164,3,33.43144537997655,0.05937728923369449,19.390819788802755,2,0
S9,66.36284806705254,4.501298414757649,32.69051642498797,45.96080307608924,2.5217288919498757,0.04498962076075242,4,33.20228361963117,0.041320160807260864,20.999009463255195,2,0
S10,68.99520971764905,2.704997291482864,38.16300286595948,57.725179902295935,1.0977012116860494,0.048050295480458825,1,34.4605420553378,0.06174786772835109,15.599533329219947,0,0
S10,66.3137875493317,2.2535636407727186,41.34406532939815,65.30438785636791,1.1480076289147123,0.07362001062007892,0,34.10132544514616,0.025496330028566515,19.39377963916128,0,0
S10,66.43610544849406,3.615118855825425,33.734185853540396,67.91468889065364,1.446272097955046,0.0828654265537187,0,34.11528244404242,0.04645286902720182,19.98005902703835,0,0
S10,71.99745972180966,3.1934653709882395,45.616628891051946,58.07003060005362,1.7781360332655431,0.030640552192490567,0,33.61101829844897,0.039764365517499456,11.677277814749282,0,0
S10,63.95772271736196,4.567678537214654,53.445553991065196,57.91732725378309,1.13562366521246,0.06496964588767284,1,34.059842771968725,0.05837088640187946,16.22779514399696,0,0
S10,74.20036518005811,1.0620254527834523,36.22284904183629,57.14110982286134,0.8918389746305663,0.03567054197866831,1,33.578476472478606,0.08477983620653706,21.834065542417314,0,0
S10,64.05833671102437,3.4108319631241506,40.01862586758094,59.891305566492875,1.4809994908117496,0.06071190793688096,0,34.46344845450721,0.05341110307892212,16.957693735665153,0,0
S10,67.100359862959,2.387010511066454,49.02036997163346,55.55170637871464,1.5312943308727176,0.05665083180912887,0,33.62954305431013,0.019395717083549806,16.036980117894313,0,0
S10,65.61875269489764,1.394545300960922,54.69672575458189,54.99391517677711,1.2934133440605957,0.03529450561244889,2,33.69417706156964,0.0538432847206653,18.625376356899295,0,0
S10,67.23724361051255,1.4303268749715266,33.05448150232855,66.96627120827242,1.1241339310327927,0.052540853840298,3,33.49119855419976,0.030108815073370574,16.43618561292333,0,0
S10,68.52193505680123,2.140174529212105,43.649722100672406,70.16116180355043,1.5898875282276417,0.07599176955330413,3,33.95886614298607,0.05074588159641324,17.418274291022673,0,0
S10,68.47890803686421,2.096194621564452,47.2650465785562,39.92447055366579,1.449984710294417,0.05373666945521904,0,33.946258741478076,0.020607633919874194,15.579391010015915,0,0
S10,63.73109775402639,3.3823303277998873,44.18354887496922,55.10021151740569,1.0610432538589798,0.07214636373031867,4,34.38709357147216,0.06323457470043195,16.407020720829834,0,0
S10,62.251908366718425,5.157714304437968,25.185663464983303,48.113055665547655,1.3063023283217292,0.0112321787747557,2,34.16604572271068,0.052539381601595755,16.8532613800844,0,0
S10,76.75625424013155,1.6564992701754802,49.008720074470176,51.890285335139275,0.8860616493226339,0.0465355713729647,1,33.69589123314263,0.05003087936824505,17.73111753134797,0,0
S10,64.8076297181065,5.279845482974514,57.15469080872515,59.02516209735322,1.4973410458614038,0.048804457792153345,0,34.19513990804433,0.048431395594307,15.136558635821162,0,0
S10,69.54041683119665,4.00515910669009,45.933294009356025,61.694383715424685,1.2129038381151709,0.04894356520944845,2,33.56006654542192,0.08662294150509264,15.082201824418243,0,0
S10,60.31300183441592,3.669684489316505,36.75115157364589,53.87873556388655,1.1608606592146067,0.06657006159640033,1,33.71761533546995,0.01264872127122487,12.145035144931812,0,0
S10,65.62511619689,4.985212818836552,40.89498202908574,35.866596652771975,1.2817115633842975,0.03687082159395877,2,33.96865911174091,0.04980539664983313,15.225697888300353,0,0
S10,66.23476954057894,2.3472960948646526,59.159304541244744,45.349544194238206,1.3036662187291022,0.029514973787442524,3,33.593555333559365,0.025956632656513202,17.906070730195516,0,0
S10,68.63482735622004,3.1032416586990856,52.279700326884466,63.964996702001656,1.560052927399696,0.010602064131188027,2,34.25251890224159,0.04514395425376099,16.926448912000268,0,0
S10,55.853750512540955,4.057768647302238,50.120212947074634,27.59573577965069,1.4689010683275943,0.06263884475484369,4,34.61691509757355,0.05864870775312121,14.006496195188468,0,0
S10,67.40812952882203,2.1046154578084413,47.85130066827501,66.87427151682,1.244651125292187,0.018278096153621776,2,33.844764619875356,0.0708358823804319,12.192275049751599,0,0
S10,62.14460125503714,2.5510401840598265,39.71090310247222,60.212299906445416,1.5206743538457264,0.04833843118072233,0,33.737615171511784,0.04604810862555282,15.715158529824869,0,0
S10,68.0409499212884,3.672392969880875,43.39543055475385,68.16176081530023,1.4117950850375116,0.08686632092251918,2,33.89424436391693,0.07924748302846858,17.847555705287952,0,0
S10,62.598250289156056,0.6677614848036773,44.376618114571876,53.0143081311904,1.1635940180442166,0.043829220574219216,0,33.765909548565546,0.02306512962962922,15.042203336380368,0,0
S10,63.32163629280639,3.9384288575801847,49.39659452851555,34.38594575977095,1.254158461459082,0.05007966963248167,3,34.01164037857731,0.062123037430707226,13.110154991708402,0,0
S10,65.64905663493563,2.605875529442208,57.07135115413523,59.30362641506498,1.2471070422770916,0.029212567881380408,0,33.5363999029083,0.03263438536400079,14.820985655390771,0,0
S10,62.53424919809593,1.4669873327422693,53.94670509434502,67.7465312403834,1.4431523118822882,0.0247273186099686,1,34.02867316669956,0.02051413888982938,16.652317727831527,0,0
S10,64.84142928956729,1.9642973221868887,33.644925153631675,64.24721805513421,1.1814671245135353,0.028154436719376338,0,34.5066982186901,0.057881862100564396,18.484874573051382,0,0
S10,61.97006400233545,3.354861644654998,46.79195975120839,48.37308516511965,1.1744511530035378,0.05786008413716372,2,33.33247848114698,0.07349990724503162,15.486609943751223,0,0
S10,59.4108852697138,2.921662108623885,50.894106761343174,55.86761075462647,1.8822011017602154,0.03438370805834176,0,33.58252701813705,0.09422807151860405,18.109784825103493,0,0
S10,70.81539528622615,3.905645903303796,49.95088264115708,49.67163731220076,1.5734945534541591,0.053046395864091156,1,33.79960404395297,0.05165748907984662,17.888084296298167,0,0
S10,61.559372305212996,3.2896535209003,39.966129892900646,46.80733535810628,1.0633937096024861,0.04595797439291565,0,34.09568909326192,0.05256449083007645,13.646669685229027,0,0
S10,66.02884352607677,3.499379660615796,68.31287372614689,64.55388571179851,1.4628562071126874,0.035469275720689114,1,34.20023587584866,0.017317682963259313,18.501416236538304,0,0
S10,69.75513140248385,0.9243572321103843,34.78332350135105,43.02467688734838,1.327078928626581,0.0677579763786743,3,34.176101594869394,0.018341516745650946,16.590225534154285,0,0
S10,64.28379066644453,3.4653439939578767,36.3344924266716,46.06183569418387,1.4090392615080558,0.026912882099037323,2,33.42561070034065,0.027235081078801404,13.586633892511562,0,0
S10,63.442903477526556,2.2818012394942384,46.86876065009261,43.95974366527614,1.3327763062995592,0.05388264304011287,0,33.73081749914026,0.024228165832448148,19.521662679875465,0,0
S10,67.6485194311784,2.383067529705881,61.934424439710824,40.09752476700953,1.6484667025755986,0.04948561855638887,1,33.66302617468372,0.025794764183061224,15.748848824139833,0,0
S10,71.21530236741732,4.428234214474691,38.31044119436663,56.464142918426035,1.3952600123254615,0.015549245148123968,2,33.9135615818142,0.04563661635098341,12.113113695378166,0,0
S10,62.066306016162834,4.2725406325855015,42.87337307482406,66.61503048481975,1.2729472994657416,0.02351066872218776,1,33.93860527284679,0.04780748299024569,14.587467304191781,0,0
S10,66.14297574843896,3.132858682667248,53.618349384125544,53.15123243754734,1.604231082024933,0.03386459095994962,1,33.522353113077976,0.04845034451336228,14.095091516569546,0,0
S10,59.8135886966394,3.561444460859952,44.85710276089813,39.94252199435834,1.3615594212563893,0.04065718603364219,1,33.80125494059342,0.06528659228260772,14.636520131770265,0,0
S10,65.17076306177995,3.3927309403819903,42.32316916375763,63.39944539742028,1.3280174827287452,0.03834199597693134,0,34.107276810797856,0.072549087342451,15.109629175683507,0,0
S10,66.88038581466101,2.2590628863168773,49.52506321509376,71.85701754034972,1.3857806896758622,0.06711786610810427,1,33.74462199674228,0.03553968603427865,15.485221467430138,0,0
S10,82.84712692345829,1.001034943447296,30.96557163803748,31.24885057969584,4.849491227184666,0.2877229586594846,6,33.123408603255825,0.0587014009612759,21.920094735727627,1,1
S10,83.76770133784585,4.816354246589428,24.052149436254513,32.306206299100836,6.8065451883655985,0.2272672412685664,5,32.82629840629312,0.16229560630598666,19.21948195803742,1,1
S10,86.77506562182688,3.9146051816334277,25.845463314778748,19.47041884130251,6.2160738736638,0.10961066485998458,12,33.2506870979037,0.11801275307122897,24.134931678922577,1,1
S10,70.26287805480786,5.943964755332,22.62772639649882,20.024852987183444,4.23659366183532,0.3707003238752548,5,33.4061675605853,0.08588664376594571,25.825708885283063,1,1
S10,87.49166038544784,8.421634518383996,21.09220539202384,21.018066066814207,5.632284501687524,0.25162685977182786,6,32.883359848823034,0.12116460434254883,21.91693844719314,1,1
S10,84.12869173765425,9.247886974032536,22.077895069047756,27.760356852027876,5.195980115003464,0.23327520952608272,10,32.63241888040319,0.14178664942701627,25.42217123196171,1,1
S10,86.45800804416827,4.772802856523984,23.227163621118923,18.769709281655757,4.775962066728667,0.27275389538962413,1,33.78465434589653,0.042213633132668335,22.559129673688414,1,1
S10,87.75849701824133,4.991360062041538,16.51673777199492,25.861274731625368,4.0652788621481,0.14419647411418554,11,33.35345665776308,0.14883010413018952,15.41765188982698,1,1
S10,87.10642010445629,9.477596721901737,25.81531007869277,21.790504530113907,5.152668334086401,0.21452980556680593,6,33.417112959422255,0.06907847270395637,22.84545399588658,1,1
S10,72.6994019629544,3.37211100658006,27.609137459937408,32.92629255719209,4.546737536878494,0.2764541376102067,5,33.5553719762371,0.07590854581326358,22.47328637244787,1,1
S10,78.37750348378057,4.902567317303465,21.017053015278343,32.6259337734495,4.4879258489867,0.4129588617431935,7,32.940254466925175,0.08814405393815272,23.30898679928504,1,1
S10,86.7404626824651,7.173299140677339,19.38479785191707,28.19613576158421,4.177916827874931,0.2552961089914612,7,33.171722929494095,0.04579178370638265,23.759556305421775,1,1
S10,85.9417442562611,2.3102392543237893,18.29045500177598,18.600234490998346,5.591432725779969,0.2987522058695678,5,33.934748288927224,0.16816442083467215,20.948235423951576,1,1
S10,80.00624496341078,6.6299750708410015,30.796083017812144,28.577136543382945,4.177383494026522,0.31240901831841356,8,33.13765908847445,0.0638117477765808,27.413944933279836,1,1
S10,89.169402276868,8.029788684126018,19.738645804032217,31.971756692256616,4.182257717781416,0.3502504454882039,6,33.2267791289404,0.07215206110783284,22.80151533858325,1,1
S10,83.20501606173723,7.090817547666255,25.266571571072703,34.864360003434086,5.413924122994273,0.07335821493270325,5,33.06532598111827,0.12895647867035948,22.401008977440753,1,1
S10,90.05792519979984,4.855164828439909,21.05213152258672,40.52042776387782,4.676109534687552,0.12728708630899793,7,33.03677955652688,0.11610559827968014,25.23358882490421,1,1
S10,92.00369494518317,2.4565400697687094,20.78184972141035,36.7109890825301,4.69763908990126,0.2842413580768323,3,33.77531378805599,0.054708834818204155,23.055619835867102,1,1
S10,86.41337938588778,3.307447753536281,18.176251498971386,30.988659174407577,5.617888696203366,0.25598529613796844,6,32.34244862470714,0.0930979496994053,30.697524977733195,1,1
S10,88.07688196750405,8.913578902181014,17.14850251952992,28.288551958155747,5.8425343983635765,0.12151987498773806,5,33.150315719178266,0.15500217964658836,22.370276626676116,1,1
S10,81.09280658791515,3.7247107914614457,25.69960380123275,25.54239542225232,3.0892973313832104,0.34194424164250403,14,33.423285304171145,0.14424370091413496,24.05544635274169,1,1
S10,90.09682631336862,6.642917571781851,17.035387599849653,38.13397137533957,4.688554505102632,0.17090461194615858,5,34.01183768661526,0.039081821121742084,20.752542035398818,1,1
S10,86.05231329459473,2.0964470328096394,24.312596197960392,30.999543478194642,3.6633622863908304,0.43522909540708854,13,32.87903110476377,0.08812580425072121,25.611606629114757,1,1
S10,82.97530084344362,3.7906649045449696,22.452919617407485,33.78326525210071,4.482139238644167,0.13568393939599196,6,32.81085270830465,0.10671449574427043,23.92615518258152,1,1
S10,77.43065707720278,5.210295792791817,25.763192672396183,26.458681572423856,4.786184984038746,0.05807074211430319,2,32.98908111858792,0.13458162677853797,21.98309584752999,1,1
S10,81.83091886188411,6.66996711099585,18.950230447047222,22.554545606941154,4.507690250470655,0.43399109991688833,4,33.613803405834965,0.14563165790218158,20.382685704194966,1,1
S10,78.08671380747025,0.1962943090415603,27.400720832600477,27.597973690363638,3.971353564394267,0.3916973973837563,4,33.383235432430624,0.1482996499709815,19.071733101196028,1,1
S10,89.31250551014487,4.527254495288,21.294047089548314,28.18243040516624,3.9307685987581915,0.20674242428769207,5,32.756066978713875,0.11646900428964968,24.25614367662738,1,1
S10,92.0661465340419,3.9715699824063435,34.95847360654781,31.15063460186483,5.373927020155828,0.22572711317871696,3,33.37294428615913,0.14000149783303653,18.839361588418917,1,1
S10,90.24118227008793,7.035455817380161,13.9291183251758,25.575396666096147,6.0194217538131145,0.18332152360382603,10,33.95369635347486,0.14091042226564898,26.92542250760049,1,1
S10,99.65968855417475,6.605790525085862,34.14467369038452,30.149819180291786,3.1431923657832277,0.27687054529468735,5,33.4389134075484,0.07940270548075185,19.211464250694906,1,1
S10,81.98112554752687,5.986922912662276,21.368170009719307,37.06623812613011,4.529478976077615,0.17259085183802272,4,33.398944403370606,0.022377936611854013,22.464875241175182,1,1
S10,88.32300114581001,5.440415668602032,23.114010508594305,19.96223034277719,5.377145218845482,0.23778477539052012,6,33.42301809495201,0.10549155117950662,20.3553761837785,1,1
S10,77.65543728901164,8.42430919673699,18.978552841954254,17.29858444826191,4.765490900609349,0.184771515527329,8,33.49892233534429,0.08528991985941121,23.09805870331573,1,1
S10,83.56006323439492,7.532355195242437,14.15559353488306,37.47548309171074,3.900624611405596,0.17474778854181544,6,32.82628062255841,0.10614998115233913,23.079521538125913,1,1
S10,75.87947182337945,5.183435972871288,19.35801613989812,21.218241251806276,4.409342385679166,0.22563756172885735,7,33.240351646273695,0.13032579556842708,24.334408994058727,1,1
S10,88.15273298033745,5.253093888039119,20.171565075637723,27.719568198645277,5.033294098875515,0.3290744007239835,3,33.26121879388858,0.021902675671793687,18.42116301849503,1,1
S10,82.6106170990235,3.1407706521610774,22.914008563653706,33.650878087838926,4.5458202214257435,0.018179990925115103,10,33.139733639128146,0.05336917531332133,20.70889202246313,1,1
S10,72.4160749273372,9.713687325698345,27.605691725051756,29.644642987975363,4.753189961795179,0.24824640913165472,7,33.607569890628696,0.07114788998170174,25.911642353456593,1,1
S10,80.63345641889832,7.565613649984847,22.953653633035575,29.560272725978553,4.776245510864714,0.34240110572571725,10,33.07952386181654,0.05116608743749896,24.97565480601203,1,1
S10,85.23456766637928,5.013496679885465,56.21239329924562,57.303021549977245,1.724042736171384,0.06812875069323299,2,34.2796306751835,0.05083203273574412,16.877738359073838,2,0
S10,74.125221291514,4.5240453302235695,53.18132817544999,51.39487551938639,2.0293951276346416,0.11368397926229527,1,34.04295042994357,0.07015223645886495,15.728289672527152,2,0
S10,74.75532701878042,5.650589338418094,46.986478258280414,51.50217169042778,2.011296624072927,0.04300115312738352,3,33.99902798127734,0.04051094904779408,18.61624826107554,2,0
S10,75.22973283329802,4.34435896161138,57.97535807918315,46.04762101695675,2.026369538866245,0.07102545472786158,3,34.19891392105877,0.12755536482578722,16.833880575119004,2,0
S10,75.21925642673858,4.773579428755204,31.38796296055364,52.01768036565606,3.0101588365820837,0.09686676604279372,1,34.14370986434271,0.04969061453832281,21.266960666688572,2,0
S10,69.63620005293632,3.2797565752104334,42.59118793483972,46.948065504086195,2.265084771465263,0.1012056264526071,2,33.91627080856568,0.062239638652425155,20.014625666732247,2,0
S10,83.30616353132272,3.3149512829597305,38.53076051686307,41.56957241874905,2.758908987980295,0.08907391013920393,1,33.48045661402288,0.08688569150469193,18.825370329540892,2,0
S10,71.31762484279041,6.076757443976551,25.616385875749003,47.16596547746836,2.373546381209041,0.11008135919739509,2,33.83526063550554,0.033174805455265244,17.00628625664053,2,0
S10,77.53115596472534,4.807754734958565,41.24167851464643,58.30264630940046,2.999447212760084,0.16217129766444105,4,33.96834965112538,0.08739562203924757,19.951300763290757,2,0
S10,70.36889396540248,5.1016387792145,34.564214640601655,52.28807380473093,2.8020637115038407,0.15689691821143287,0,34.058997416076835,0.06106768544958043,20.72675222337159,2,0
S10,69.48223456099214,4.942154454750558,48.734505886862166,54.14752585061413,1.995815974094744,0.0727689773469928,2,33.79422100932599,0.06584530912311425,19.356721030504076,2,0
S10,82.25289014276366,5.994301365955787,35.23484694893142,48.011738971536886,3.2723886455791176,0.07642306354052436,0,33.98587930717022,0.04277113141071427,23.009254638667326,2,0
S10,72.20171189341451,4.1462334085355455,34.836756215440104,32.49767875054803,2.0643127054208197,0.09093351185104002,5,33.79382503057347,0.07298295442140841,20.14909329518704,2,0
S10,72.57303107156099,3.320110711079437,48.73148178095913,38.22857201264739,2.3915742418458583,0.16873758462410857,1,34.095375441654646,0.03420647804077888,21.284018043920085,2,0
S10,74.16165310403376,5.8806021793296015,37.5418221510448,45.68795557164906,2.4800873254451914,0.06940603086767588,1,33.811193848610365,0.024080345308319533,19.333913538839944,2,0
S11,69.98397684768294,2.227166269111036,45.21282497002851,50.46627579370163,1.8946221699586385,0.047720068943207475,1,33.17601301741882,0.04320032555296962,18.614270846301427,0,0
S11,65.56163335046226,4.952944553999506,53.088504703143215,61.54478312910108,1.235115587453744,0.025489305555701957,1,33.23836845504015,0.05269602846580407,14.856528354501332,0,0
S11,78.8692152095845,2.98166193336629,44.33680007426273,54.600492023965415,1.4803050359683931,0.04765179399310261,2,33.36713570351901,0.047827666901233155,19.524946329739223,0,0
S11,65.50863331938504,2.8839291898795167,49.73078065526912,29.057908426931544,1.7227808466065855,0.067461321326642,2,33.00358541072645,0.06217968892984871,18.967780307535524,0,0
S11,66.04161216627355,3.4189116113727867,43.485870152505534,75.73014403003523,1.1634861553140052,0.01067978724290538,1,33.08542286325765,0.05599589748326328,15.061738567745076,0,0
S11,61.346005793995474,1.3443606398299175,49.79368936917093,59.331741859848044,1.63126996762439,0.06292640326271651,0,33.318831358036874,0.0794899473514103,14.993672961907286,0,0
S11,66.13351628802513,2.0737608874114493,46.44210235121209,54.47989219182955,1.325547487757081,0.044764385553145866,0,33.47039676432651,0.038012885898940064,13.972788315291062,0,0
S11,67.64528035208942,4.235431775756801,41.81606580088622,47.81576760315156,0.9606738762350693,0.05190055770544146,3,32.93288604748883,0.08456658761132667,14.740811536272405,0,0
S11,61.718794010949765,3.4137542029473877,47.06473581281069,53.110394963335686,0.8956620908704165,0.05484900361271639,0,33.10313957798073,0.051364135652056726,13.534821871662169,0,0
S11,64.46091188728623,3.817992099257337,40.65992073828213,67.69187258851191,1.303893014422767,0.015246276035093133,1,33.526619032347085,0.0517068791104102,16.85762236086601,0,0
S11,67.76372050642746,2.9299535562720354,33.974493185335156,57.61618434546202,1.628404500916687,0.06450837654315532,1,32.385838720278805,0.046245967882519265,13.087907013307133,0,0
S11,64.35633567012194,1.96126556583733,44.84089764918289,58.75374624448005,0.7074480949451275,0.05014701349839398,3,32.816043063098085,0.028343189422633135,17.207466032380445,0,0
S11,63.51904089704123,1.0747377874125146,34.6850051368812,42.508293803531096,1.3912739761740365,0.06454244962970987,1,33.46279763662335,0.061581231453893416,17.256157393800496,0,0
S11,69.58420964334078,3.4670909439935746,49.7794362842311,51.50369723773278,1.598852104900855,0.07605856843891623,2,33.35080819312495,0.0366993621939215,12.677591189632155,0,0
S11,61.32722234199276,1.568885857228745,44.70007382620144,55.51051506743348,0.9477539988390232,0.04859940446383911,1,33.17978040632047,0.043049994005881796,19.099637212656678,0,0
S11,62.103988072150386,2.1577042832299314,56.38633558739067,61.96566343457542,1.1409489767463818,0.04840301693024408,1,32.888467781109725,0.03776789707590831,17.027218588830443,0,0
S11,67.16519494886214,1.1639947166431688,42.358103111806024,50.84183790121346,1.5028490469086775,0.041176466184124794,2,32.75850129334683,0.027272496665922855,17.49939604288974,0,0
S11,69.84031463748614,3.231648071610923,44.839782425251805,64.27868765475213,1.585700348637979,0.03687930483518691,3,32.84568215726975,0.07223262948282104,14.482669596914455,0,0
S11,67.67777345143149,4.603866067267866,33.24299159082789,43.55646791654558,1.8123684310950932,0.06358762746023813,2,33.48744930928807,0.018979476360333602,17.244758236946236,0,0
S11,65.56012856510017,4.5051959988790395,36.16725351063563,55.69536323086962,1.1552367240453645,0.08151440900747531,0,32.83451403629586,0.05037581022615882,18.252786899444132,0,0
S11,65.23412310970865,4.322926160335532,31.570217901211787,54.02385121101546,1.086465908103929,0.038966497239066436,1,33.05347373231436,0.012675081303008214,15.802783201990646,0,0
S11,70.49744511783116,2.2397155613784063,53.61995048916931,39.84473538614411,1.826944603839966,0.08458601732089513,1,32.79693454958394,0.02017840152777053,20.00384491849672,0,0
S11,69.89168331840774,2.9995212819314947,41.32356548004705,54.52291843324104,1.1046564045814569,0.05068287786680425,1,33.27587905207216,0.03974051512064376,16.088129269825874,0,0
S11,66.65507459389663,2.556478400162885,55.61663801114724,49.17395479433863,1.4833246167155743,0.051444982684724055,2,32.861428958938525,0.03875675316130546,18.28157160090495,0,0
S11,65.34520278997894,1.577941502832069,23.55511092740932,69.13774727492927,1.9860734213650195,0.05430063885886913,1,32.99376867599614,0.07146733164889946,16.58601761451731,0,0
S11,66.59676635710623,3.8695725186534213,57.38459518835286,50.89743964078913,1.556951572517238,0.03380529065220377,0,32.51803220312961,0.024975441692446487,17.171043065713736,0,0
S11,63.54688779215272,2.7158121178452213,44.45581687436097,58.50870534592715,1.5661200295164015,0.08135583019591328,1,32.53903637218097,0.06291196157919092,12.657335464730455,0,0
S11,65.85497498094541,3.7039646767942336,47.71877911172265,42.689580171846586,1.714558795865011,0.0677971390357099,4,33.02534880103891,0.05841533125037173,16.742107476430725,0,0
S11,64.49753089856276,3.1206085476135788,36.49645815853465,57.36568893413224,1.4885992378009751,0.06324613793295936,2,32.62549969648313,0.03907667791563961,14.530049797485468,0,0
S11,66.05229831301118,1.5855369886336792,49.218319350698614,50.84953691390451,1.5675600849162707,0.06445993869248647,0,33.65457283484281,0.07475476211498451,14.307203388444625,0,0
S11,64.64094050788141,1.8817680606439686,42.008686831558315,47.23723516032024,1.2283620801941935,0.066438429648318,2,32.404589909408784,0.08361531426776381,19.488206368931955,0,0
S11,68.55148508227701,2.9977537982428792,35.44836622363813,83.33892231937442,1.6791277044878057,0.03363995630516508,0,32.78299425344323,0.052460373470535115,15.572459503875303,0,0
S11,69.72929918592276,2.4494660317992984,35.33866917678452,51.46550971250131,1.4551834491992512,0.03766539780087197,4,33.02805710322272,0.05866368134543086,13.993396338049006,0,0
S11,64.93681430566626,1.3962705249701046,35.1971965073416,52.8805107067606,0.8877182372576204,0.02112142155015546,2,32.913506961703725,0.05038581760747886,15.28173674378225,0,0
S11,63.20815891105809,2.9776914610875687,48.04191676637464,64.01993452750138,1.4040221381406273,0.05687109154079872,1,32.69180320604328,0.08750450776966778,13.399099542156172,0,0
S11,69.30216452326171,3.104514036075821,39.914947073107214,47.31573318473995,0.680244539780016,0.061963443006695894,1,32.73566849119388,0.030489341287707365,18.86776893639254,0,0
S11,67.19471283767878,3.767937663516537,31.879249954321303,59.0327227741087,1.5453128541330412,0.03947218269778645,2,32.72585061979269,0.051428416651621865,14.60863851166697,0,0
S11,64.98873327245693,2.891151374930838,47.954396112301666,60.1032041244418,1.261073501362468,0.07065948469828062,2,32.937030334596436,0.02380046891250001,17.058599867887338,0,0
S11,71.95788523997784,0.7167613653849605,27.618163814378686,57.44700426461707,1.9028047645785024,0.045731346058241515,3,33.60862556989768,0.059370625138102484,18.71221342842065,0,0
S11,64.19554054465904,3.1522693758075,55.632576775952764,77.96339315929359,1.4780283438424282,0.07464408474827823,0,33.04642803200992,0.05874745348359337,14.999694637570542,0,0
S11,58.48393232380431,2.4361516681401403,60.89128461018602,46.957309504713315,1.608393441742563,0.0034915969172063938,2,33.37791698985872,0.045253755316095635,17.064044864545572,0,0
S11,63.62384010399702,4.0279590022577985,34.50061059578609,70.37600601573979,1.0163719894212768,0.04215904434665771,2,33.1751397467909,0.050566405273555284,13.93982789019114,0,0
S11,72.92919149409026,3.4213602543067085,53.419605052912345,59.72140402425566,1.536511381946137,0.029694152515003683,2,33.35720556243712,0.06246471793277635,20.89153913822737,0,0
S11,65.18486266225779,4.637121790001705,47.79278401924403,64.09449613189935,1.1389415576545536,0.04654373296213188,0,32.18305755226438,0.027418711563353966,17.872760269233243,0,0
S11,64.39392042078119,2.933398972978026,40.99969058760576,58.41234371683427,1.6582942668581833,0.005512317827822626,3,32.931709436697986,0.056738065279532325,15.614787122478388,0,0
S11,87.16932385241648,9.237336092417253,21.733937818635084,22.795086000989755,6.200982714385462,0.34112746398340554,3,32.80275211275538,0.0935059556733953,23.976817044330268,1,1
S11,94.50949534959838,4.015820639800756,23.268417771490483,37.644381501096895,4.413122220907673,0.16638048618404203,0,32.407114444928865,0.08071429555981204,20.898016693810106,1,1
S11,83.29170883112526,7.014331518431108,15.426255698447886,14.684759087875502,3.6702557752619915,0.3256531900986711,10,32.97809919535607,0.0709783536409983,21.814628215157935,1,1
S11,86.90658961540383,7.601520366743006,21.32504886011469,27.586139863483666,4.50621783117634,0.15913841120319028,14,32.17138436859378,0.0755290538413792,24.43759160982812,1,1
S11,79.2879489722096,3.1009529585890774,18.411804311947296,12.037760384036265,4.073552751941504,0.10206922538166105,6,32.30092805275369,0.06322290556813863,24.996949971751732,1,1
S11,82.31711486337454,5.948536488221295,16.481207186988417,25.012272627108658,5.192217002727088,0.15060186193892094,5,32.35024081544932,0.15992337446822824,21.237703957133018,1,1
S11,75.30456496655182,4.135006027342083,23.29797823349477,27.0543063016088,3.886184132891784,0.268394640250142,3,32.21239499788384,0.1528097186901067,19.685391239643472,1,1
S11,83.2869398588256,6.185025208547509,25.869385867214113,38.309226562764266,4.772881018363108,0.21360841758309784,3,32.446989372780806,0.10588034346214223,23.263110493172995,1,1
S11,82.62382266541363,4.876530671878712,26.205206384808097,32.37976763532874,5.5015502080644305,0.1499190805957306,7,32.78161673180542,0.12450825144137878,24.30386722574583,1,1
S11,86.2508761830584,4.833777045827114,24.87193175566938,25.0011508600262,4.750582266181641,0.3436753263530426,6,32.68358523402311,0.13185051198107653,21.085133508149823,1,1
S11,80.71409630452918,6.332633018750247,19.513152334298685,36.39578231839096,4.074087906237145,0.34708858890881583,5,32.177773109759144,0.07823763127924677,25.449663552696794,1,1
S11,84.95574969237556,7.567553811310024,25.57274880731753,30.106993527178545,5.7709902105039355,0.327857289727785,4,32.14483855699988,0.08794314043020328,24.917879009796323,1,1
S11,82.45539725287902,5.140561221801668,23.54527219052144,30.225401152243514,3.3279542086323204,0.28290285458274667,6,32.08090804474675,0.17872977820647093,21.041386892289182,1,1
S11,82.46668125672792,5.535529077352994,22.669709414760067,22.783970953368048,4.568902919733412,0.20492276267066264,10,32.45856357196958,0.1471357920630711,26.39048655757749,1,1
S11,84.93785154230319,6.136265111398698,18.941534391491007,24.059917716581165,4.797810945730315,0.33660210649846023,3,31.79070946002549,0.15898524510060488,26.48218185295248,1,1
S11,84.69881524042707,2.1859522278603496,19.51561936329236,25.049416200326853,4.843865891155088,0.2462420408551076,2,32.0668066835016,0.09080785186736906,29.203004316870874,1,1
S11,89.02272182083485,4.075338465109832,22.36943468062277,30.27876763892514,4.975535809297847,0.05813659091392623,5,32.23951841397241,0.036340073838906306,28.135279153951323,1,1
S11,83.731819381746,6.208737563738836,34.1993723349275,30.46731436188405,5.319490820282977,0.19659639706811682,7,32.8451952261874,0.06792665652320913,20.29216033242735,1,1
S11,82.35636549178699,6.188854759429519,23.506212400456953,39.26455598114427,4.802813013199102,0.18078529496239276,7,32.37017873457412,0.15160722555114414,25.774947562597404,1,1
S11,83.37083291600166,4.758231521625472,18.94405748874857,32.310331007627006,4.536692338720438,0.40053215199725645,10,32.8253904368288,0.09879937071808392,25.63888788976794,1,1
S11,80.16769288547906,4.696200812249914,17.838052775152786,13.754605837967354,4.505067488707626,0.17754352424588155,7,32.498076760318845,0.16055177020524172,21.954550401731392,1,1
S11,82.29621102512499,7.3916667599113,19.541166936718987,31.575851927230143,4.3419263228046985,0.17405818170865822,8,32.233327176714624,0.10476306272898436,24.364774184198097,1,1
S11,96.6426298649644,1.2826423826393185,32.88646723774533,21.2999018629948,5.461173623896874,0.11683956813880048,8,32.249790083267804,0.06998845323303846,17.367129049328547,1,1
S11,78.97960502234982,4.45036547279897,20.003716770270188,24.204174452330783,4.313916180854171,0.37130147200800057,7,31.956623595611124,0.023432533090367816,17.283842996321102,1,1
S11,82.78373958324916,3.1443869418312533,26.534352673051423,25.12698316964202,5.508555851641978,0.295239448329037,3,33.384319613321324,0.10921089253020279,17.85607417859795,1,1
S11,82.13074560690687,5.300458328837286,20.12035877264322,26.01997005892619,4.846338230243279,0.4552488928796899,7,32.86725186364743,0.12469628367471981,24.16777076428018,1,1
S11,82.97264791305862,8.445649411312207,23.305922706398142,21.749103647758183,4.414135118950479,0.24491998815668856,6,32.66453707322547,0.07825671425812761,24.309527395760185,1,1
S11,82.46824173325464,4.935741245204491,25.95872637004361,31.220892020713727,5.32586473703069,0.34276649113725366,5,31.90172296959925,0.13090993350818836,22.17834766047674,1,1
S11,86.13111819385101,5.562783735031758,19.14048575095038,21.535186289454245,4.249175824656888,0.297158405462902,9,32.24239640756001,0.1385047221606886,28.163507386277793,1,1
S11,74.19462697817424,4.872141040435423,18.79444172923615,32.14000564349908,5.341686197017952,0.21566045252757055,4,32.032913371966366,0.11786562006621544,25.961226208727854,1,1
S11,90.67870642171704,2.4226794847346516,30.29434847227665,43.42182646236978,5.001319861388811,0.29655921753951986,9,32.47407413626402,0.05499803761810748,18.205060445630508,1,1
S11,88.2511743843782,7.883306781881011,26.922964474478984,22.023845646395618,4.354079213161846,0.4647784827240513,5,32.0521239414702,0.07211326740735059,22.48407738234373,1,1
S11,76.99844807014621,3.300712530274992,25.953361593453643,28.292938173964668,5.254046816703029,0.23200913691984748,5,32.15493061086268,0.08938960867520918,20.180944051456088,1,1
S11,70.8412139488106,7.321447648917975,25.93638146561457,14.859255824925182,5.268410744986293,0.27340613108943135,9,32.062584862506874,0.08814678869405261,24.24198760616453,1,1
S11,78.59324470967661,6.181227203449551,24.29787744155533,28.1943882421792,5.757154649083349,0.13778475848914745,7,32.3271455131368,0.13316860173553066,22.908263225703884,1,1
S11,82.99967881796228,9.235922285909774,32.088879065875325,33.8563029157889,5.6040565743628195,0.13024028622206268,4,32.45161683521718,0.03682988090270013,20.35106487828067,1,1
S11,99.93742897866966,5.195823146504298,22.219541509385785,34.3238353881436,5.224158181016409,0.12785295228766752,9,32.33774206543726,0.04895129267595396,28.083417591583807,1,1
S11,87.71521937637065,3.195963008704247,24.886311836004598,30.464182381704582,3.9290662034683717,0.2306397603992601,6,33.036209429207105,0.08354310121375809,23.17219072387623,1,1
S11,73.61013969143627,6.746513848270339,14.745435357029937,35.33558054855386,6.790008554974628,0.19369858050873318,4,32.74748960482371,0.05133427617837303,21.751881381589275,1,1
S11,80.31774455711935,5.966234040169763,17.875196567043794,45.27632721565675,3.708245995577934,0.1441443957655711,5,32.1098337236029,0.12048684477148763,22.24058015161908,1,1
S11,64.12456358233193,2.1901277069387826,31.42092945984963,55.44901022150272,2.7182287237069955,0.10344939501188787,2,33.80716028558407,0.04631436927148584,20.559242668894935,2,0
S11,61.63124854196474,4.525749657687097,30.62708689565882,46.46088588529272,2.1010318348968577,0.1553262867653387,1,33.10187716978314,0.0772422275806747,15.052045809572311,2,0
S11,64.40681408484807,2.1885932386503084,26.677571545308986,51.774839105611974,2.1188968061683013,0.12738630164012188,0,33.47976741863532,0.017732984135234615,17.92712626583349,2,0
S11,70.36408048681771,0.43012095672846584,40.842501073720356,44.4518046815968,2.312620374135815,0.09003797755201254,2,33.10461336601636,0.07221360448424924,17.40415357785028,2,0
S11,71.02002830537566,4.522295279526968,39.145702335608036,46.951144723004,1.9008908272376508,0.17623152937450676,3,33.18915990347373,0.06218653965924899,15.094192095999933,2,0
S11,73.14038650386553,3.839711948816338,35.879805854838736,60.74819198887586,2.3255324703442373,0.1462077136112501,2,33.44364807901821,0.05251734637017927,19.688196322752045,2,0
S11,69.63216581653529,4.583122455385714,34.96335389038527,53.12405345565674,2.35192036075216,0.11795904577686704,4,33.12470924186431,0.04056463884520213,18.759771952078168,2,0
S11,68.22313779767396,4.581200189145132,25.189254578976865,43.668328731170824,2.445609072017656,0.1874010771457772,2,33.201830828372394,0.08273299412751091,24.057355190766465,2,0
S11,79.6220504396594,2.741065694937282,39.79479691470687,51.38335328181802,2.5409141853923387,0.19354603762218242,1,33.115587445656125,0.07378539338250614,18.16494916440599,2,0
S11,78.30010467936032,4.636374329462516,35.79121955972549,37.76014981099364,1.5295808364702803,0.09611113765047667,2,33.19624636600554,0.07365411295493797,17.059561087755284,2,0
S11,77.38668974083264,4.167676946994785,44.27198047289544,46.230462283046144,1.688578215153071,0.10078577823843385,1,33.125750230769405,0.057337822729652724,16.817654263356847,2,0
S11,74.0001590528715,5.460650403908639,39.023479491283105,40.372605593419976,1.7475468375115515,0.13451758844968897,2,33.062289825071645,0.05701211572795151,17.8710233668823,2,0
S11,74.39820920582218,1.721523124666878,42.94048719642822,51.61524958106669,2.3774429650486297,0.10144264241529294,4,33.01066096385169,0.04564247280841741,20.475816561104196,2,0
S11,68.42968815791447,3.2896310202729904,37.94931720984097,46.48854742665445,2.188951034895052,0.09500590326293325,4,33.171311614433975,0.03879368019937916,20.762170204492676,2,0
S11,73.17746902765218,1.58455276673326,39.27174510508916,50.26782780461207,1.1972766803678598,0.1116789280026714,5,33.52851830637205,0.0605365906184963,26.315393346295732,2,0
S12,80.63727206588648,3.3247023835507226,47.85181683735593,41.39976423689406,1.6791722895124983,0.05013838896977177,0,33.814867386133294,0.042861462924102964,20.23503880346207,0,0
S12,72.50912223345095,1.8621343253462157,50.180847860536566,52.87140117243633,1.4976820997553686,0.037317131094553625,4,33.833698358989274,0.04421904247877695,12.806696679498463,0,0
S12,72.33681434751259,1.1096581977329465,48.948298353630136,45.385281864894935,1.5504307886849416,0.03427327792245437,0,34.78398435483775,0.042555629807064156,17.480600657523055,0,0
S12,69.05860723886966,2.311035244146501,53.30981647553746,54.48287209439729,1.420345558443553,0.043148909625012624,4,33.43195476290649,0.06337455501802561,17.760750846109154,0,0
S12,73.01597760919839,3.791485927285228,46.61223684626002,61.87763848561769,1.5279394609736943,0.08022706295955072,3,34.14566803488874,0.0198419527327796,17.240009977801506,0,0
S12,78.46803164049447,2.5792548511019326,48.829449445207494,64.95302900529222,1.8827495589426286,0.07455159010134248,1,34.68065948730416,0.015085281708468075,14.245500860042524,0,0
S12,77.06385691712948,1.8237707476625131,46.248725907654816,63.14730721621682,1.6871924732456451,0.03768528666056888,0,34.27617320339441,0.09088647604749595,13.887313055801547,0,0
S12,76.33794308396357,2.025467295905267,50.50040575673995,51.9436794521432,1.7037441927150996,0.07167641283662517,1,33.96653012162518,0.049442062126599816,18.544801254898115,0,0
S12,75.10578788607043,1.8535459838971213,32.38216291094302,55.49591827661586,1.7102885981227622,0.10599648292675663,1,33.600616975952725,0.05389296007811614,18.096813264469944,0,0
S12,71.48602196915091,3.376202317860116,37.851352256175915,59.07879050897491,1.4472248675177781,0.06069015096413424,3,34.34387977220328,0.059139123643442315,18.069521614209382,0,0
S12,67.11953941125454,5.1520733558620595,57.69519725626473,37.42212576057928,1.589015613955948,0.08571887696539182,3,34.23365126541896,0.03136803712942389,18.311943980231742,0,0
S12,72.1160369919348,5.018724912972237,25.316513423230358,60.7058470011986,1.1678153973813654,0.03599734094100182,0,33.49353974088976,0.05644481761764817,12.927836648868187,0,0
S12,71.97670622126664,1.5484818815716272,43.878576561397246,40.42700712416168,1.874009797777176,0.07073212827729904,1,33.85636310300195,0.04385277517304301,12.868057902785349,0,0
S12,77.11536983808631,1.850512363421518,54.37819967686455,75.4034659890649,0.6584793711791227,0.07377002028069413,2,33.590619288106815,0.07872402789810443,14.657352384686044,0,0
S12,74.15775384924062,4.470102781718696,44.25391467566588,50.95484915358305,1.4672229831814612,0.019540991012295523,1,33.094591460387925,0.08147085840099436,15.040717189212744,0,0
S12,79.36943819101553,2.699484319502868,41.75991142839442,53.15124822805409,1.835636294027171,0.09103006941847795,3,33.58364022780476,0.06249907396128314,14.827595562785433,0,0
S12,77.71014623955405,3.251331260458493,46.035373414522404,47.302929007621444,1.0842071207932864,0.05017042145476784,2,33.98407923984467,0.04972674153320165,16.55499594486773,0,0
S12,71.09420964138496,2.3204856844243933,42.17503855998043,48.700299681443106,1.613301476167144,0.02863872304874322,2,34.12654322516812,0.04274676057287843,18.230500986563563,0,0
S12,65.73967529292187,4.190888536448769,45.24679594205551,77.7409356914324,1.2891375669083807,0.022067500683260993,0,33.85541638604743,0.07681332461206783,15.412009582792862,0,0
S12,78.46249301516727,3.1433897463604588,39.53295170783896,64.40369688623298,1.3827265213254283,0.06562949237722515,1,34.3646850897409,0.06666320988051616,14.369365526664279,0,0
S12,78.35773297232433,3.928344974558142,53.86939535964579,39.507975548521614,1.77714978907392,0.050448031760794265,2,34.26127944581344,0.051046862493029824,17.62584620177989,0,0
S12,67.45534571579245,3.8940966759537066,56.386119368525286,70.04212900685229,1.5527845786476338,0.029174104771377996,1,33.91486418085648,0.026110828868496118,15.436071023141588,0,0
S12,78.95715215871135,2.53531307747586,43.93287742310702,66.93242275141432,0.88306074051678,0.055761810439746505,1,33.87666666570391,0.08841742299879574,16.214649766268238,0,0
S12,74.44866076177142,3.0479827204466123,33.90808463447006,52.187875377117116,1.2004398389626094,0.09000305024985819,1,34.06726935760279,0.06030915395849672,15.335053494976815,0,0
S12,73.56293407190395,2.5465373496306296,40.80925463749284,58.06696942029838,1.7859682213487167,0.07294137297041844,6,33.947093549052205,0.04514274350855897,16.67994071913848,0,0
S12,79.37932509639066,3.2512094484418936,43.528090719176284,54.85055920578926,1.628050316339988,0.02327257393446261,0,33.5247422475185,0.019826724603555206,13.972191734014059,0,0
S12,78.29893277232381,3.553655530807516,49.04431101522567,74.72579904446933,2.017808172639374,0.07207457907903184,0,33.863832876583494,0.08891335005106552,17.4525444517543,0,0
S12,75.52551588738216,2.190627558656183,36.93589421463457,47.0370981100791,1.998161779086078,0.0792748824998169,2,34.152117631352844,0.07628893799953994,15.934446596084607,0,0
S12,74.81306034264928,2.5088371409632466,38.846701450862795,56.46010609775727,1.3906939618380512,0.07776173778912757,5,34.34686955143665,0.06888432752570395,14.471367539544353,0,0
S12,75.38576924152278,4.1421830785395795,49.08540910287046,50.71854669007195,2.2443388424029354,0.093347207574864,1,34.24049664103194,0.07201323695099998,17.061865972698754,0,0
S12,71.31996234387124,0.8631018706378581,52.51127065631646,40.66959595382146,1.500711401837662,0.05645120991995106,1,34.05273828127783,0.01866396997861032,14.469457741844266,0,0
S12,72.69978628047207,3.151450070277146,40.02724763863453,76.91638255054987,1.2045669405593813,0.051872557229106116,3,34.38965896472963,0.03832610194476153,14.557854804008567,0,0
S12,69.31092346102318,1.972396856826616,34.33426356839203,43.184334208975876,1.3032755411089156,0.0393933619850553,1,34.079632972409215,0.04325678897143827,13.597446202484171,0,0
S12,71.58803297644567,2.8682951540653883,71.27294561030307,57.20129187487776,0.8163499692952632,0.05210867812273724,0,33.925882456527354,0.06170501651084535,12.592835679454083,0,0
S12,71.45365656472562,2.687447690978046,51.26643389670971,37.59299393619665,1.9754732033568732,0.0755929686934399,1,34.3960609424003,0.049235229846438154,17.068570758415685,0,0
S12,70.37897060091468,3.924490818573372,42.86396990586375,51.00929460756907,1.9717960975952478,0.043910383652193845,0,34.16852506964009,0.1048741833867372,18.331233298222323,0,0
S12,73.4671780899952,3.467264175033863,51.95225020424672,59.219688214334575,1.1887152692380925,0.08270597202633209,1,34.34304840011786,0.036121160223744196,15.098800550631935,0,0
S12,71.62426867659904,2.5528497216938675,44.00434696228462,46.75266020497637,1.425002214367517,0.04495724694701178,3,33.59616541173253,0.09945999853536173,14.403054977624816,0,0
S12,74.92913096080925,2.7872599819344,51.93725511280149,60.86801850735655,1.5220497641158621,0.03353131810086532,1,33.69436688331146,0.07601812907094373,12.375410441503085,0,0
S12,66.43090962622628,3.058804345736268,46.275145582209774,52.30958908111918,1.2052615852394548,0.04563761078698369,2,33.70722594966878,0.03779435377044284,11.653297840208623,0,0
S12,72.46677290297215,3.4888285582020147,45.730175185340585,66.60082512398613,0.9668368915007404,0.07125311267219402,2,34.00698045942868,0.06576170881536272,17.453461091430697,0,0
S12,73.44639864011133,2.520666222504618,44.09134505415369,68.61760913340223,1.4302602197490153,0.030245946246888263,2,34.49975233193894,0.030382423135277503,12.051984395468716,0,0
S12,71.67767512005382,2.054531291823768,33.42094933229528,49.132552392699886,1.3970436720443147,0.04255730917317303,1,33.61076341037312,0.04881920336818627,13.712132858804946,0,0
S12,72.23062128016443,2.729188727197232,60.50475919514512,55.76732859392957,1.3768441285854562,0.10601753895218782,2,34.22405697373117,0.05982730274465264,16.56686263674401,0,0
S12,66.57920803648192,1.7623572738719715,37.46772863785805,56.83454226472233,1.560182319662378,0.06311134796843673,1,33.591676908715804,0.05782953441542308,16.17941452537001,0,0
S12,84.62072840728851,7.080848005060858,23.321809639790914,30.784634813665182,5.217767519217955,0.22269509174848423,7,32.90714096447329,0.009204712590822645,26.004149436981944,1,1
S12,92.65302539939549,6.150710399711327,18.188761111197252,30.859213154978292,5.961198051157137,0.36578468514595747,6,33.12760994793098,0.04772058163456292,22.23821506996725,1,1
S12,94.10109965850296,4.574801836176414,16.96072400659278,21.06843613222558,3.545034074195893,0.29409217094158874,9,34.01621527153354,0.002355049207493437,22.76417059474023,1,1
S12,97.06721862608765,4.932637400268628,12.743807119241358,34.722200831699084,5.022343957254302,0.28466063404725,2,33.78405201695567,0.07755527810972354,25.411787838754623,1,1
S12,80.266158558391,3.4039830278166847,19.076747023483907,25.28470726155019,4.413445159874111,0.12499113249060767,7,33.04336400793786,0.03551545873898242,23.212615611426088,1,1
S12,94.80866014668239,4.733929198876637,29.105895483985577,36.71820240344175,4.57926930534542,0.3556661949261027,6,33.121092623300875,0.19447562812680852,24.14465472766778,1,1
S12,99.37962001101486,6.072365458886183,14.590738484454906,31.214287362535853,5.441165922954011,0.3268248577152543,6,34.206480275562306,0.06236711703231879,23.233905416581827,1,1
S12,102.24631155344962,1.81669619327125,25.94508625906082,31.747314730573294,3.8445191050130223,0.435160907703945,9,32.9443853829795,0.07619605035808681,23.60819506471907,1,1
S12,83.56378692072273,7.4374165851522385,26.39673273513547,34.63525091430792,5.099876017882013,0.2658461185118863,4,33.06627726375955,0.1397836371534289,19.762926622196304,1,1
S12,90.04447844360018,7.908195320751951,34.264308105712004,32.25161669425979,5.017719150797912,0.27777256563345104,3,33.180614813753564,0.11551124837449549,23.36698005849457,1,1
S12,90.62579890859728,8.425169163947102,27.19177592451286,40.310720493416575,4.153407838537587,0.2090307123706651,5,32.80924344837365,0.16222459845850903,27.283587146255886,1,1
S12,94.97330449889506,4.584287505190144,26.77289790553089,39.36023159315013,5.119825818555083,0.25765799312034676,4,33.13744336365224,0.1251671943149822,23.506974294242994,1,1
S12,89.93241749423223,2.7418134227386943,23.83848626612439,22.696536638237195,4.38412496054112,0.3881848035793083,6,33.143524141001045,0.11903603338099923,20.49874717448684,1,1
S12,86.6278306519663,12.601943788603055,22.004286671229824,28.97572799246087,6.751354477725754,0.45806925104302976,11,32.99154752180455,0.09956395475985141,27.429590112358106,1,1
S12,92.2232503149107,9.571173404952145,26.260997565477595,35.01920928348247,5.9549408084967235,0.3347336325354243,10,33.883635939713415,0.10924428674053836,25.164115033366276,1,1
S12,88.89517968245656,2.6812750815404596,28.24350636354019,24.344382227918977,5.047175468502006,0.10764648590297685,8,32.88571575802181,0.10017481006331867,25.302883286802064,1,1
S12,94.2933292635128,5.00927074642011,22.85248153726143,20.591635443286506,4.647968680569392,0.27251892247970266,1,33.2956771025475,0.15489479323745206,25.2215668669173,1,1
S12,86.06278775832611,7.729916411675352,28.45942950932288,25.4387725274677,5.396607771070299,0.18037139170880778,5,33.001647006897485,0.13699831578023036,19.620888811565045,1,1
S12,84.78633414311373,4.1719053583189645,36.41605648168844,29.30900756288021,5.607348235133436,0.13577597480155565,5,33.268457887440846,0.11526548270808139,24.943414915852472,1,1
S12,98.81283338875112,4.370994815435164,22.35429452410158,10.0,5.196993572712199,0.18581542172346927,11,32.98306147336707,0.13975888256301913,27.15389137452963,1,1
S12,104.55535776222794,7.315267382015381,22.495008137946606,23.316662082212712,4.18124947178254,0.21281943192166633,7,33.38280532472629,0.0349960412512855,21.55939482396489,1,1
S12,101.8538194397408,4.529675379866067,21.53941581038175,19.328788384832684,4.8256972879197555,0.4442078010165201,5,33.48103270691145,0.13866161659997656,17.21415880883972,1,1
S12,90.4886385217102,8.847181902040557,22.66871470643496,36.8800336087709,5.0557779604465605,0.2756024744901875,9,33.91332022151081,0.08595806970111114,24.096714663914412,1,1
S12,97.25095510888842,7.810385134743777,28.115526469881747,35.588872959917914,5.225587514849451,0.37818390285952946,6,33.11700947816534,0.0808103241881775,23.0982429425882,1,1
S12,86.80249538612112,4.573590394043933,22.435273184037946,31.671382136162286,5.244058021795504,0.09787403603217396,5,33.999578161417446,0.07046299976224545,18.35715345992134,1,1
S12,93.96926781371532,7.337837752687444,22.945890411556768,30.600071244728284,5.578033289038029,0.19037391154550465,5,33.02965616533428,0.13726920203883397,24.816135667440566,1,1
S12,87.41737547788145,9.93434992560629,20.75175167169605,33.26884104761664,6.066743731858181,0.25248205546248004,2,33.257239839810694,0.09934920956361343,24.59087707719783,1,1
S12,98.45921678704201,7.097223054242359,24.445287502707778,24.00998886302297,5.803418466238911,0.19255975293950037,7,34.058343372966974,0.07410717593993874,18.601582600125077,1,1
S12,97.6609803869444,4.7649846195393675,19.484018057913154,37.51733397248195,5.465623377447835,0.13544224645652447,11,34.51362412339239,0.13599147403052073,28.667921667135964,1,1
S12,103.3759167459862,5.006840092520165,15.869263177400754,30.55812772932859,3.987204307991801,0.3611386925431259,6,34.02682209357319,0.1211713196812459,25.253363572341442,1,1
S12,89.54436155420635,5.954438739109831,24.23835995418497,35.50559562155778,5.942442089428257,0.33096282780621594,9,33.263010760028706,0.06226153685222605,17.32921940993849,1,1
S12,100.39439428595335,4.439191444578977,31.896922357071507,35.25849219878784,5.648412582567671,0.3213597488557311,6,33.55839756652204,0.012173102346970138,25.456592196755317,1,1
S12,93.95898245096987,6.029222360600766,20.550279668166606,33.20468680978362,4.7887344781108805,0.30905023187952785,11,33.62550222447541,0.15243530906754785,25.369478211253057,1,1
S12,91.37252289480743,9.030959331375222,16.79397431436356,31.87750793340703,5.017158725647013,0.23697137507160834,5,33.490616999606445,0.13081066113932416,27.245024192857585,1,1
S12,92.94215511998071,4.391299684335801,31.57821010329696,31.43063906633004,5.045832277978231,0.2056513560981745,5,32.949308852363394,0.1547064205460465,21.128372384425294,1,1
S12,101.10827104842227,5.9201913768218954,22.227803488599257,29.622138481113048,4.643109641337829,0.26596777618308204,7,33.44628045882039,0.05867455039685727,25.49990916002089,1,1
S12,90.12857179003882,6.84513432934848,26.722791412465938,32.89774040270448,3.5949398711732843,0.3254054284845713,15,33.15010920428907,0.1289209161492069,22.290044283910063,1,1
S12,90.4338209080939,3.577277732100936,18.35517089005625,31.23725524984703,4.1001333862040585,0.349994434331103,7,32.96508238650625,0.060075973590578736,21.330545689583666,1,1
S12,78.52597949242062,5.947170001825908,22.04885283676621,27.077874821792964,4.26816167248384,0.08818808296064623,14,33.22789977548185,0.09282126569296119,20.404980499479827,1,1
S12,90.03790369121306,3.9928270636771166,29.00277193250401,33.65828837192106,3.419103402408025,0.20511428403252913,1,33.47858006024802,0.1023964175873793,17.290570382078965,1,1
S12,83.0563161137701,3.6607370684788587,38.415189357935645,48.327874625882,1.6971238980596288,0.09813002184389191,4,34.77352339745042,0.04400514223778936,21.136568276376757,2,0
S12,82.88470941286282,1.7690653101888572,43.18784009018284,42.881498886465046,1.929353297366347,0.016222498931403886,2,34.590195770246865,0.05737639691470319,17.342094060476775,2,0
S12,67.23371064317743,3.3534983412505914,42.445889656255375,46.72039292345358,2.476575013292091,0.07296249340784691,3,34.09024044138206,0.08645096925663322,17.54433234372806,2,0
S12,82.31178344507215,2.7108427198070335,40.172299331732226,39.68380259423219,2.436006744985131,0.15667336328555212,2,34.19128146475449,0.09247687488538514,17.84506100507179,2,0
S12,79.95157410862585,1.0736492998159286,35.08647666070473,45.37459898527078,2.659228474193733,0.1036952583599588,1,34.07969253713245,0.052006070183280184,20.765167374638576,2,0
S12,76.1191786177002,0.3677059170758987,34.19319662250475,52.66149569345294,2.832671330417184,0.042214349877263434,7,33.4582896233082,0.07549872214216949,21.398133441122596,2,0
S12,74.51815556646935,7.028798879066897,23.85584549767363,37.34164101182729,2.632372143325339,0.13610712570796996,3,34.15862452516066,0.06647264945025955,18.75492232180053,2,0
S12,78.60805139202569,3.968001427553369,38.99535194598917,47.51074717723553,1.9526635769014509,0.16730651658592455,6,34.24298505118612,0.10296478403915281,18.79732314747994,2,0
S12,80.07318217387089,3.119735980713721,40.102666558705195,42.00052068977398,2.6553792179931213,0.020000537587588366,6,33.99869945472599,0.018036250734575966,20.160659358089482,2,0
S12,80.8096034908075,5.982821488239703,37.665191076614605,37.34734670913866,2.8110434065316587,0.09811765836902454,7,33.80605638732484,0.06366483820917437,20.419986348810603,2,0
S12,77.933741633801,1.3140235105649305,39.003953081005534,62.92234879431183,2.2797312099993206,0.06987244348846135,3,33.88826553405576,0.05409038372198435,21.940564266896324,2,0
S12,66.29908367779574,4.311757575046106,29.555127662321098,58.03019214398475,1.5701566713558384,0.08405631844344964,4,34.38170375683092,0.03925347603397314,15.789070061227003,2,0
S12,76.44367586638427,2.8231495110962155,35.9416688022364,43.21549341080937,3.0854020301040257,0.1483329314378893,4,34.744204903904325,0.06489569239206999,19.050068349510074,2,0
S12,73.00173036922071,4.918235210433328,33.45102344352748,45.681847226168244,2.5375247756147097,0.06404504756490681,1,34.56717747426189,0.0009235302919875094,16.329939060272057,2,0
S12,89.19629692198308,3.2153435396732553,42.655041409445076,31.8220335263728,1.1069481293338548,0.06533717782298014,9,33.749143670541095,0.06698024537256159,18.87264430234149,2,0
S13,68.74030387034614,0.1848763100941504,40.354071053732234,52.17390732508775,0.9258541017526044,0.045940633137042296,1,33.43710060365563,0.052698790603264996,16.55049737513673,0,0
S13,70.25249874004653,0.3828868825687892,48.986515363625905,56.62605345050038,1.2440990588714536,0.07667871279775897,1,33.4894159866146,0.035725750722687966,12.831344844303207,0,0
S13,74.12188863038593,3.3285631151875155,50.58245708586924,36.472904651347214,1.1574128972232678,0.045480369093118755,2,33.37645747390923,0.024232971615919172,18.848566828547714,0,0
S13,74.09957954652053,1.92949186536458,46.06906554550987,72.5900461801289,0.9719008102495289,0.031298343271449064,0,33.190335097694394,0.07171343818367276,16.317366647237456,0,0
S13,70.7749406818148,2.852461811899848,35.8200766794098,48.960774062562834,0.5314899260906779,0.03956268966896507,2,33.56987025405485,0.03130782174819538,15.207832067841462,0,0
S13,66.15702478267787,4.196150221526127,41.69979141970173,51.65149270388821,0.6314020743383184,0.07928402545047175,2,33.29142419147274,0.07369487797413361,15.244020508029564,0,0
S13,77.33433620325518,3.4924373391541668,64.04793191471472,41.822014675805995,0.6263472015043241,0.05579660083741424,2,33.13219273789355,0.025681243640481972,11.969556189135247,0,0
S13,72.78663813653202,2.7541808732889423,35.313007735058655,61.728948662991456,1.1737783194457556,0.03632279593307127,0,33.21747362758925,0.013489757820305807,17.186673199262728,0,0
S13,70.9438964841329,4.057043419165366,47.999462947581456,60.29210043911034,1.2300372729997542,0.0360834010721545,0,32.74787893246047,0.07391883814870615,16.52371441449145,0,0
S13,67.17039033599772,3.881746400760012,61.966663962672285,52.04483706744482,0.7655187272442268,0.06113435953266838,2,33.216997094949406,0.06225768143526368,15.61183973533381,0,0
S13,70.29352153111671,2.384686117926292,42.8121261335603,31.65327551684291,1.0055315521305925,0.0871570030258133,0,33.478200598165365,0.050862508619060984,18.556970414903343,0,0
S13,62.80391138750183,3.3019316851187037,59.67043087491025,47.88444505970503,1.0315975104973258,0.03701847332866722,2,33.37360454884473,0.0313766947844608,13.232281962008308,0,0
S13,73.02531938875653,3.4772960088094234,39.49852303389369,59.60022698794317,1.0526216404636901,0.054350269918775715,1,33.72786889409732,0.03421295268194846,14.80645504726477,0,0
S13,74.00063959955685,1.561573281224596,29.200839751444803,57.514216074046466,0.8005671071194129,0.02460153825344906,3,33.19277716799825,0.07392267434182215,14.299983490479228,0,0
S13,70.98073682432305,2.3867461853499283,40.365776216430454,54.53798528891035,1.5205797804669445,0.04322182908648333,1,33.41786359111896,0.07900680517518124,15.442410040456894,0,0
S13,66.22068915887617,1.8778494385135853,38.93835998901915,50.760523379252106,1.2325253568682635,0.03546010348565887,0,33.509491695094695,0.03462466342878614,16.134940050514444,0,0
S13,71.8692912010179,4.6180684811660395,31.63857446067019,39.213798515708945,1.051088230392914,0.08986767001164828,3,33.974526744689186,0.06503126450804342,16.860027047622708,0,0
S13,73.21113304332937,3.78338472415424,41.66040824755745,64.63870518999406,0.8735140466796969,0.03839289994294538,1,33.31509928953826,0.08894656973808565,15.306053093789766,0,0
S13,67.08875538943964,3.267696254358662,52.927969437799604,40.59878870920588,0.7790925655049009,0.0670622052889948,3,32.95841348854376,0.04788950122458092,14.245288529690212,0,0
S13,73.79766974916717,2.7319674126723896,40.24703849164079,52.95750687920689,1.148531628995447,0.08326084519192235,3,33.52604826820955,0.06079447359476614,19.37201389954089,0,0
S13,72.15977059492873,4.4513754610703815,41.99197474349621,44.651089813108825,0.8870314866248905,0.05510656343490089,2,33.8313878489935,0.03303266927153819,20.82328038357714,0,0
S13,68.96563560127564,2.416657067121512,55.964069224865874,64.93689676300637,1.0692826789342667,0.052059304849292214,1,33.174905029134976,0.037469995679133464,16.28657334376405,0,0
S13,67.8310785401574,1.8925385913723094,39.01383201620748,60.82027353617268,0.45936974970209243,0.0740283406357405,2,33.523994103784894,0.03910259858352976,14.486439265958266,0,0
S13,69.3462024371598,3.1381927477913205,49.951420908761904,51.42797708739308,0.8702249548630541,0.0559226717977121,2,33.64028805877164,0.03823693749358863,18.95090826208459,0,0
S13,66.17902978702092,4.450799466308739,31.34053671640893,61.91184158377242,0.9964367318206604,0.027657164775907746,3,33.57678930539401,0.05523250527161542,13.10648578734307,0,0
S13,71.1027517761959,3.246117706376584,37.27086376968131,40.08260692458635,1.319506764197023,0.048914907942717044,1,33.30933719894504,0.02406174773456035,15.330453350590345,0,0
S13,72.29563893966896,3.870817551863464,43.29255147841407,54.205020541314006,0.7524658840753417,0.06487021340669194,2,33.062127514739025,0.03648862942817568,14.607765897307397,0,0
S13,74.73608722773398,3.7074872072053617,54.672958479604766,44.4513657017641,0.5834131290915074,0.05749815372601552,1,33.247285777798886,0.024387757092777837,13.680928899099023,0,0
S13,71.25149527744782,2.1460710854286424,37.69967986063541,65.25063296051118,1.1625797795779158,0.07276562889779159,3,33.40924977836625,0.056188323702841006,15.43995153415646,0,0
S13,71.62697192139417,2.435697054189374,37.603521374366665,58.74289510130846,1.0099461705619408,0.03283048217654716,1,33.544136399430485,0.03969212403769158,14.27165584165207,0,0
S13,68.98966988653059,2.5555204701222953,47.178819900735704,61.49943017812394,0.5125560267112768,0.03308073934741497,0,33.371853156602675,0.015164717752333953,16.02530892829731,0,0
S13,66.56528660510133,4.1400132864007855,48.46309195712359,49.46757815797579,0.527515246862314,0.06941267345222887,1,33.157697252240794,0.024534890963862813,16.05435433534493,0,0
S13,68.34197297285519,3.136311295563668,36.71521620176059,62.4481104919676,0.835100330334583,0.031955235945704666,2,33.438283539047895,0.0447686555354693,14.75733655295604,0,0
S13,75.77398410416197,2.6552334201263434,40.82483409913407,43.830196914094714,1.0040388846601487,0.04144331568564255,1,33.52969516252581,0.09005894168152573,15.25897328681226,0,0
S13,72.59802460356393,2.5596743153238095,53.69328662280786,45.264741913525455,1.4459486396837422,0.03383472349866151,2,33.38555265912731,0.03474837141005904,15.538302064192578,0,0
S13,71.6912895671295,4.043776956401755,35.55992730122117,53.2484354564044,0.7048213011536758,0.016957953366141303,0,33.02081350784147,0.0347475416712896,17.619692122238853,0,0
S13,62.80021769776504,4.446822840111534,47.73181391237663,45.65276819191499,1.1907962390313473,0.05487972375995294,1,33.21724783178781,0.053838440100722265,15.703141197871629,0,0
S13,71.31295412352682,5.1321464601437015,40.85973208869444,62.09604888162788,0.44090786160579476,0.05492695905896998,2,33.556015875126704,0.03583627677280835,17.649403481572193,0,0
S13,64.74297042698151,2.7179229431236513,56.220651336344545,50.26543740345303,1.1374513672731779,0.027291353819388627,2,32.85676429957962,0.07511874080031394,17.17162596710931,0,0
S13,65.02822647933249,3.5745617175367155,49.64335805173887,44.1934057042575,1.4811385547957348,0.07248828299941779,2,32.64371623548562,0.07425967857098742,17.143061393801485,0,0
S13,65.4762904211717,2.5857892190724674,52.04450315446134,42.89818094902718,1.071674515951842,0.031104942959822208,3,33.72409449724617,0.048965737773839085,18.775691940691946,0,0
S13,66.97036701640683,2.1272389292114617,40.69932755849632,61.97393326195279,0.8287137237236043,0.053299137508180494,4,33.42509421870953,0.07264193761669378,13.76121824050818,0,0
S13,73.39525881639767,2.831860353950833,51.59612124814877,29.55924481265939,1.3989239474558333,0.05299990179815479,3,33.453688642958994,0.04812308767553267,15.053633787385772,0,0
S13,70.96806936126401,3.8027275724376977,51.38781608356197,44.889611372658,1.133827650346764,0.036644352114234204,2,32.94862455011485,0.0060710747671380225,19.52659760059914,0,0
S13,66.28911574464202,3.470868859375381,49.1559109931841,69.02904783962191,1.075241482976316,0.06975668842615987,0,33.49292806124293,0.05892748489517072,15.485366998821466,0,0
S13,84.22031788374395,5.851495785013835,25.38051819148575,22.4167706355977,3.602816141170617,0.22200338671934708,6,32.91728414778585,0.10450995752306999,20.38221642078154,1,1
S13,81.2516282674356,4.5032336386179335,27.86447139315739,31.95828604707336,4.477645068455896,0.1223381799755339,7,32.437872269085204,0.09834876906430517,21.35480963656645,1,1
S13,91.02868604723395,9.43023643635756,22.08534412599863,38.166224165596844,1.8655600629491587,0.25822029262627966,6,32.52276703415268,0.08673624884273819,23.79864578045872,1,1
S13,88.91057457416007,7.508171610076997,25.9834208004581,30.233367097417464,4.727029742301681,0.23416803874046216,4,32.5422100243193,0.1747213169983644,21.49505996361063,1,1
S13,87.30694509060204,5.992174981409843,25.590310219186012,31.26828392787579,4.288511796655788,0.32004970631581636,9,32.580992334243476,0.06981582470426909,22.267354879472993,1,1
S13,98.99648091451476,7.006178506673325,24.695207483763795,37.097369633267554,3.742403290173285,0.2775093476943754,6,33.040539024805796,0.09773975501363169,18.6058799551473,1,1
S13,82.38090029146403,4.99648447766056,20.389940146912977,20.733270545498677,4.7817386387928815,0.18619698343476254,10,32.619753310521084,0.1112941065591861,26.398868494418412,1,1
S13,98.71192298331681,7.257878219392947,22.860294611831293,33.121058529601626,5.467321162703716,0.23728372037058687,6,33.081150576839,0.1114907171648317,24.530199779513197,1,1
S13,88.25240428577587,5.924170643734461,19.058192178466108,29.930461294087074,4.148348902876507,0.25985260249053876,4,33.28681162273356,0.091982200692911,25.378716115511605,1,1
S13,77.04827799532677,6.035945158736617,22.064071522832474,33.396344752992405,3.773311508762286,0.5198040456817427,6,33.013647502625425,0.112465371952297,26.871275973850587,1,1
S13,86.98648493063718,7.290593916862086,16.157545539503666,27.099096549577105,4.661183310906631,0.2938023605328097,6,32.88545705623037,0.08948732706811763,20.52436137336285,1,1
S13,93.81867731614867,8.587978426583335,18.046880043635237,25.092376257441106,3.4606777676385736,0.22088362295736585,5,32.80240252599637,0.14220218195770207,21.924816550915928,1,1
S13,85.8713706597222,5.331586003867103,20.588439790375354,30.84305342571363,4.000858004527231,0.1540027480855959,4,33.01781312582299,0.11461584832944773,17.315496897253368,1,1
S13,79.21302960912165,3.7906632877957867,17.28147284284962,39.89514794000677,5.507084830276064,0.3035640225016609,5,32.70741393764146,0.05223365375634734,32.42126873030671,1,1
S13,87.074613665775,5.361983939054293,19.474913646274118,35.16546062724878,4.578906484805493,0.10682703034752586,8,33.06549758058584,0.21296668037610916,22.55124405404787,1,1
S13,82.9186666132018,2.6920808807673713,21.18037011622242,26.95384337891945,3.025589529798729,0.25098137403964044,9,32.91731196431884,0.14573217097320057,26.116183699744738,1,1
S13,91.0125872630798,8.07277181717405,24.01131172332189,21.95416778411232,3.091569783132141,0.3351342122173137,8,32.52773345789081,0.08731086447114099,19.285516566993625,1,1
S13,92.7020997529577,8.702177892674005,26.746286509264547,19.907596297813285,4.658831655073082,0.34133910908021825,11,33.03000999424409,0.10849198470641908,25.98916527692903,1,1
S13,81.72407841006338,6.481161515453184,19.68107814310946,37.89659671110289,5.219075561689812,0.21960773523846275,6,32.70826164459399,0.06361391896667848,28.572772629948997,1,1
S13,83.82687652585813,8.474301950957432,28.67552308634312,24.269506271185037,3.2350659340547416,0.3812207993601532,12,32.62921683915804,0.06463563435880315,22.819157752916055,1,1
S13,92.60155564719365,5.692429669707616,26.693055393127466,28.046919522030382,4.888933186952869,0.2356576783541071,10,32.48118997804337,0.09869376385038761,19.967355510231197,1,1
S13,82.90863518675826,6.128589757175163,24.52046915971971,37.92726675646546,5.593437906947437,0.344686146164618,8,32.73807718135279,0.07011130766053025,22.58361079716339,1,1
S13,81.56875204158405,4.30730601697468,22.768245646483095,20.31659126712605,6.039450291322574,0.37366197421429753,3,33.07025468836816,0.08149421032474807,16.319715425128322,1,1
S13,80.9895540657745,3.4739292928458676,23.595604209342707,38.95358705685035,4.794141308843563,0.201487005790013,9,33.02724564444018,0.08679789059023997,22.886339896934473,1,1
S13,90.17393253430075,9.10992545545153,27.93525575333191,28.47815727664499,4.934605176597642,0.3424826212376737,6,32.81302716118655,0.1459008246652897,25.462901417938987,1,1
S13,89.91664717365681,7.639947284693572,28.11789829879637,23.10850010856757,2.8226155588531467,0.34462436716153144,9,32.911527098492975,0.07247671493678728,22.892727066879456,1,1
S13,83.95742467427777,5.602795689293031,28.674733641918216,28.51589443710652,6.208965139352453,0.15100846869764512,3,33.18034835881199,0.09158047877851867,22.147581335933097,1,1
S13,88.09221323332143,7.368209981869482,22.206634159385015,25.664419311591132,4.068770930478765,0.2634583284812247,6,32.61168312573462,0.1524592327584118,24.5827043483361,1,1
S13,97.2244951614828,3.7171684155455615,24.774835824993065,32.64491879343429,3.782386174215629,0.300023835069824,2,32.22550164079088,0.05006788792522728,24.81207454084866,1,1
S13,82.21733991504269,6.188352938347284,28.717732533110258,26.111205396673334,4.324998193403962,0.3240333422556479,11,33.192121583074396,0.09141989732703124,18.02028331248445,1,1
S13,76.35124520248932,7.102253208173912,18.881419825418035,18.53014673448574,5.738501832304007,0.1540267665167066,5,32.459758341390675,0.03345240087214468,23.266468886836364,1,1
S13,90.79215431087424,7.114059244975606,20.40791573140848,28.676624793546065,6.295599938990501,0.42440102340757324,3,32.3955343928654,0.060158202393204324,30.30795537268773,1,1
S13,87.3992938731425,8.44438836021359,22.08018331506739,21.860729686280767,4.629490044536338,0.2543423408816411,5,31.953190540069144,0.046572339132276964,18.994951263055928,1,1
S13,83.80155033566142,3.736989397295675,26.497993689897033,31.225919303929917,5.327630439038586,0.25157847733606503,3,32.900182863468686,0.08382150848303585,22.743743501500802,1,1
S13,91.97418228068148,3.374174046483522,26.575860753593112,22.877218006300055,4.563726339904065,0.08059607187745949,9,32.023088592382074,0.06613122688293976,28.82523836615511,1,1
S13,93.09705172456476,6.387618016662237,20.845679444010322,27.071923180967485,3.698926722541115,0.24935992473968618,10,32.37156611912627,0.07995048169999687,26.312525469631026,1,1
S13,74.81203273727147,6.403774388582965,14.45695272810145,31.09552682528602,5.710558037586295,0.3540026719862688,7,32.906964360008985,0.11576506041736592,21.459809957671816,1,1
S13,84.1461134005631,5.757382657220838,23.230919721479836,28.725247649794383,4.031461116670551,0.3428072006660689,12,32.960438143166314,0.061605987911348206,23.61840613886781,1,1
S13,101.96679824373315,5.550160920889297,17.408419313357996,31.50258169800627,5.757587719653168,0.2298912064399632,5,32.41098798291567,0.050521869662286195,22.99366496004553,1,1
S13,91.56213035134117,5.160251675431285,14.550318976798888,34.08172299430654,5.567996164770929,0.0425040319104697,6,32.618008311406,0.17648712190651816,20.755784587035,1,1
S13,71.37463191437045,6.3700281434858,40.136208442063555,30.743706198213197,2.329781495031499,0.07823674755929677,3,34.1013220113087,0.03206034811311218,19.06955721406941,2,0
S13,83.99227151365858,5.206552794906905,32.63464158964001,41.486362580916996,2.960120540030749,0.09616514774949879,0,33.47513701903439,0.048375216059477116,18.094998652523742,2,0
S13,76.25212338514949,4.115006808422077,26.120326996973812,43.43939728652277,1.922673772680557,0.03662466293333297,1,33.09262426068464,0.02503865056172428,22.114045780545535,2,0
S13,78.88602151733181,4.138845330433417,45.29166713158345,57.52559694044004,1.9009852795290894,0.11737449959358265,5,33.078054979080854,0.08787716945938698,20.16599437311903,2,0
S13,73.61770186479737,5.329958081670608,25.42606403255725,49.57310193400196,2.334383100614087,0.12541457844685622,2,33.46521334382817,0.08540866711329546,14.77689769254325,2,0
S13,77.1013493163604,4.734842659614466,35.615771455793634,50.75555955480464,1.8644648729743911,0.08623193609339982,8,33.2323324759067,0.0782477314728455,16.826579374421847,2,0
S13,79.3141490564942,5.3134073962328765,36.42985220439448,57.44977307376481,2.9383024528270734,0.09968736331637686,5,33.87549770793595,0.03600387651902219,16.089987724991616,2,0
S13,79.38446292852294,1.3223958112803014,37.51381403504286,47.230845696604085,2.1252592256850105,0.13369590804429807,3,33.30640562924147,0.06957348735173045,18.697104877023225,2,0
S13,79.93556780692381,4.928648246517857,38.250618200250884,54.03350368825922,1.8690783468452996,0.13518954696879543,2,33.16317310759092,0.04201953772550476,21.372163113617102,2,0
S13,74.22003730635615,1.1849573373085969,38.96703289457302,53.47088891145594,1.759020337007821,0.12063421312101319,0,33.97322039982628,0.08395483873254342,18.051885230571852,2,0
S13,73.65990249409525,4.527789144169863,21.09245716545029,37.7082440514447,1.5626888658691522,0.04054586792373707,2,33.612650512126784,0.06481379644587755,18.36719605928547,2,0
S13,68.09081923021401,2.3128802037034317,38.10259136909089,59.783868621038636,1.7152856075769178,0.03830335184445325,6,34.28675555250462,0.05984664395903864,16.552444676060507,2,0
S13,78.67779591243671,4.243747765373633,22.39297098121686,36.637585759434444,1.8538264041263643,0.0960551158266337,4,32.89497538596112,0.06876273144282914,20.903355891983782,2,0
S13,81.47359441316924,2.814101168303096,43.12552651163696,55.33893319582278,1.7853435642063724,0.1034272444656242,3,33.53399940590054,0.050292973784288576,22.08161876095461,2,0
S13,84.14160925614166,3.62246576384642,34.11412390937471,35.86341570475494,1.7000754638871105,0.11073650319411626,4,33.61735341624782,0.08119276441288709,18.91889334526603,2,0
S14,83.0480745458582,3.1795233015374613,37.32857385828307,51.07241047583191,1.6525464944665318,0.08697877237123718,1,33.6366347742522,0.05808816308142835,15.559580940731845,0,0
S14,74.66388286229697,0.587449182080189,50.39315204095991,39.98163075370162,1.2396650473313726,0.07112083212917109,0,33.936456029773076,0.019808967550600905,12.48515325919449,0,0
S14,71.81763477586848,3.230533667211339,50.73009997174823,55.39864207491586,1.2284568510115152,0.0345063188467231,0,34.03980110221054,0.09285422068928373,16.622078130736156,0,0
S14,84.7037661566354,4.439597927430135,34.958807462358735,62.834681062089174,0.6794583290053617,0.035163587165964835,2,33.87864030781539,0.04745284663757777,10.287449173317686,0,0
S14,75.67557016804048,3.2445980696492174,33.271694388409024,48.86636399376764,1.2959756159727192,0.06726828143123222,1,34.07290095989233,0.050583038246500255,15.42101983913276,0,0
S14,77.9815638047544,1.9751051006191331,44.998946510184496,46.926199437158886,1.535579783338376,0.03564882721599894,4,34.20271674036833,0.04991036407246418,17.838372307353907,0,0
S14,76.3894765899931,4.234456978764691,59.33425818890687,70.15945146294234,1.5331963177887873,0.058556757210720886,1,34.25738662245419,0.03453170146769968,13.881318625450348,0,0
S14,76.51310877437413,3.64837277770979,58.59794193758914,40.735168433788346,1.3888531684220766,0.042260303222436804,1,34.4623047425341,0.06780816010373683,17.4328604073148,0,0
S14,76.16368086259303,5.527010418328605,49.50723488358442,34.32181623522699,0.8495075262616072,0.042823472581129014,1,33.8577113654502,0.06603210319452742,18.311465424241785,0,0
S14,69.61272639807888,2.2546066679622703,39.160026627359386,43.470980563526176,1.2822902246981258,0.04775472465617405,3,33.547333747415855,0.05059124573744203,9.384200095005223,0,0
S14,75.49118084742878,2.8063163399556195,52.09474127590868,39.59567282875703,1.3886286876832106,0.09926027377550048,0,34.06401407507198,0.043868138506432355,15.697274192848516,0,0
S14,68.72161944178218,3.586851538784868,41.38060588152767,58.86226064104582,0.6500201240135579,0.011398262613531357,5,34.52168700622309,0.05863993126739221,10.24845314474345,0,0
S14,73.323613311533,4.142054592352247,38.85994370660951,51.39295499550426,0.851969322095693,0.03944805314841898,0,33.81345093888143,0.00020444282080825382,15.763583108858107,0,0
S14,71.11859483092998,2.961348231172675,27.848265347024046,52.8031295497616,1.454800396063261,0.050343677007710565,0,34.16259778998676,0.06448150101488609,15.985657578037346,0,0
S14,75.45094540057802,5.010903035413434,45.81905758678122,66.52934176974773,1.4511669325418068,0.04239892698799387,0,34.16526743460944,0.03287423752679439,11.034912028178322,0,0
S14,75.35756964653606,1.8330821986285568,39.961061206901,48.08665138837223,0.7237782894538106,0.05396157234063199,1,34.01397631107103,0.05958708517637004,19.849676724159732,0,0
S14,75.94564822024388,2.4543446056374156,45.771443036228035,62.750894117456404,1.42685963732098,0.06557365491451579,3,33.95862111318076,0.059307681536383515,16.57203161526925,0,0
S14,75.17025094817949,3.0432316896448905,26.60513843010351,70.11322799203202,1.2169442192863136,0.03195170558511749,0,33.67951493515123,0.04036271369030554,14.30195313583593,0,0
S14,71.59376329003754,0.570244702317455,46.358613380669496,50.443375019863396,1.4226558859223737,0.05471574128396067,0,33.27204507514148,0.05052682577494871,18.930758854997038,0,0
S14,72.97705069977641,3.1884789910894864,25.551030688226977,62.37022855556314,0.9979968025100459,0.06008638031129121,3,33.622988484868436,0.057716429728644464,12.408773558715367,0,0
S14,77.70264930220107,2.889616819353965,53.70352202614842,52.581820874710196,1.381908248484499,0.05097336086325505,3,33.83945245213414,0.021913671666076613,13.541657932963366,0,0
S14,78.29249136636074,2.416279354310574,49.17512987308068,64.2409812884079,1.4415018318859156,0.05100942107366923,0,34.28577050309446,0.035282928481752796,11.401088952660203,0,0
S14,69.43393226267693,3.8601507958725465,42.7706818286033,39.28510812423727,1.0829527189035149,0.03682735838089939,0,33.92560527816224,0.05432610822496633,19.60209039307867,0,0
S14,67.89735412713254,3.116565656815336,49.50175888065663,38.54487754874654,1.1936789633922142,0.06492555187220819,0,33.8008359811922,0.06801582348056605,16.664692742944005,0,0
S14,71.11350712436429,3.6940326109679393,37.17540589869158,51.08732285092459,0.9937967106888322,0.00787987597233733,2,33.68924806428162,0.07388296296026253,17.31880357969699,0,0
S14,78.20189498531214,4.527308224194598,45.57900412491914,46.110751909402296,1.683844884145992,0.04035751431357061,1,34.15358544542049,0.054732938253457,16.60200246783695,0,0
S14,78.88060077791528,2.109168319869218,51.358192307682685,49.832908905701146,1.1522716177424985,0.011032429865356977,4,34.36405084679683,0.03522569468915228,17.147535522289168,0,0
S14,70.32221713557844,2.45986096053639,20.245686007268883,52.8047341755286,0.9117459019870737,0.04290298537296369,1,34.27557441342788,0.030821718199880242,16.15615542779198,0,0
S14,75.25030207212849,2.2665748331827613,41.42220512257981,62.20013531836252,0.9736054253778033,0.04977987356743185,1,34.13838860679519,0.03459546033779716,16.54184268541488,0,0
S14,81.35878998974349,3.543524332550028,44.818846958909006,50.923394214340654,1.2263843798828622,0.06363321302794879,3,33.513859872952764,0.0976077549232898,16.2152068724459,0,0
S14,75.68231056614447,4.125679932123462,43.42965105803387,46.761386893769135,1.4143525510736918,0.05486206116656829,0,33.85104142401452,0.037594714066646426,14.782816388861443,0,0
S14,79.7070777981155,3.293747351673999,56.65681460981924,51.48486623241101,0.7876051459950718,0.056531919198327125,2,34.54073496553455,0.03973373821988679,15.906750469570662,0,0
S14,78.01597093751552,3.7837313967528776,36.008791000616924,47.30854720193382,1.742651200422963,0.022038039706362495,1,34.293128844442215,0.04511200328924979,16.547189146523355,0,0
S14,70.3802698322715,3.555858459317407,40.03072605243817,45.65994497937285,1.2809557877569133,0.04424831704815806,0,33.49529273139723,0.04586491193141458,16.22109823910426,0,0
S14,73.26113896319482,2.8622141388077194,29.67304778953241,38.86983186423031,1.3282899914310522,0.033287975186245086,1,33.93986653990787,0.07347801863148416,13.044455784493366,0,0
S14,74.16008257035053,1.981962328077185,57.08229321018516,55.69478116221079,1.1591963363931974,0.056363186548197705,1,34.06547322666596,0.05827295796564747,13.310026662783182,0,0
S14,74.43759820926849,2.0513780987910333,43.0296788591296,49.312942934029465,1.194130889745566,0.05146208508761487,2,33.72789615795978,0.031807356545105955,18.165682867832782,0,0
S14,77.68638047093742,4.391042475055945,41.49272889570634,64.66278739234671,1.1438682581620074,0.02722434126047574,1,33.263782490444996,0.036922058115360715,15.386011908233197,0,0
S14,75.65580370628477,1.7757749916444194,44.58013854151429,40.526039079410594,1.4936919902510164,0.022846025462648963,2,33.98619091037258,0.08182430581764588,17.16945069407188,0,0
S14,62.27626088207067,3.542774673912562,50.089886627442596,49.579164449521215,1.1859746233042172,0.05280586851401088,1,33.720216219581516,0.03686846073306157,13.815760180555207,0,0
S14,68.76970356481223,3.9076118110467686,47.778907228129,73.1290722065875,1.4184682650880414,0.03351555121265094,1,33.721391175142244,0.06587278588660206,13.05370824670694,0,0
S14,65.27154099727896,2.1274887233943636,66.1830737084567,45.6039048290215,1.0581989425344567,0.037109845962486565,2,33.85013958888842,0.06516564772235843,14.312806774936574,0,0
S14,74.72252561980447,3.863827344155767,48.6314871072302,52.63466747903876,1.2470453580339231,0.06194945867793523,4,33.9164409224712,0.029006517684864105,15.554869858457174,0,0
S14,74.98301525505417,2.553273134277171,41.27803656664735,42.841560171746316,0.947177096268402,0.05313797482397027,0,33.95381885863894,0.03301438076179817,14.669719401431175,0,0
S14,75.153964491626,4.370962760129293,40.509146099808426,41.51572487219019,1.5533116693050895,0.001961061120989087,2,33.691346727191046,0.03442520969261695,18.58786704621143,0,0
S14,88.96366563996415,4.927307946086956,20.981202432527898,30.208447401234146,6.193650231026445,0.194595561591192,5,34.0250853305049,0.10712958975620222,25.13798609638102,1,1
S14,74.95740266855253,8.801554552391302,15.708518073745473,19.21713799422537,6.1548445182589875,0.2955968399880589,5,33.11181217017169,0.06785876154291631,23.455542648924713,1,1
S14,83.64368987576599,11.506459021606414,20.911922886411663,40.482354867321085,3.5050817690622105,0.25785732209611256,7,33.03159115499163,0.07691116174471548,20.941815420368965,1,1
S14,95.77280173243554,8.824192749355179,17.980984099514572,26.819935447320205,3.8004816081243025,0.20309293820561813,6,33.73621012496291,0.16651654619949774,21.943458655641237,1,1
S14,92.20276647650091,4.258714418066667,24.92995884489391,27.583456260561498,3.885322947169319,0.39300303889213695,4,32.871836413871904,0.10804190657126778,22.78844134181774,1,1
S14,101.45988078944055,8.582104465404868,28.531402378641015,31.53470551395819,3.9332006848742784,0.44017657087015444,8,33.62727875851205,0.05469570837914985,18.305436725133617,1,1
S14,101.29242333249205,8.551543641516645,15.865421618523797,33.75046078202443,4.94711509094854,0.10910960955745952,3,32.924099957738,0.05811262579007087,25.296929319448086,1,1
S14,94.61934292880682,4.3931810804151255,30.561538641834613,41.766625747748805,4.234910437863574,0.3003636636177861,9,33.685962144804435,0.10132063507739439,21.563923433182428,1,1
S14,93.9004941511874,5.665727831674328,21.35724482807435,20.039591103565822,6.346432032150243,0.2646235279022361,7,33.36343152995987,0.12365158357173892,14.648851328605703,1,1
S14,92.41665130865654,7.336496247882706,17.12489307530743,34.95571325355567,6.2120971052055385,0.35941668356151313,2,33.88999912161158,0.1728013925106976,22.928387095071642,1,1
S14,76.0905725499062,5.957275255117046,25.788773901040916,34.45805816430046,4.683183924276996,0.19789110378690838,8,33.81312552819615,0.12454144516740753,20.775286223319476,1,1
S14,83.65370757722668,3.7114903674707596,19.76772760872476,29.1770105347553,6.25261417246006,0.18212958678883884,6,33.93056986166849,0.1399752378557116,28.06646657690803,1,1
S14,92.62511767577674,5.7517432503645916,21.59131661984253,34.723642168897335,5.87886090133239,0.1291807541641961,7,33.940871184183294,0.04040787738539304,21.243664937240094,1,1
S14,95.71721890966916,6.097433358787614,19.978608778939606,35.60564410581928,4.327787952198421,0.364189653696801,9,33.413996030462926,0.14514183110124745,19.707069909264167,1,1
S14,93.75908353001198,6.221761005785675,17.9163103406755,21.708223290077974,3.0809809243197788,0.4508909419096128,8,32.893026470297805,0.0958071853623815,24.523798009886047,1,1
S14,86.66627485088918,5.722864753205179,25.61998516200952,40.49859903528498,4.5139784915716445,0.006743590973899982,9,32.935534474868696,0.08210548203355138,21.01865789597725,1,1
S14,97.64550235200011,7.704030069816989,20.568492985529065,20.64742648117115,4.17265549467745,0.4063961336859704,5,32.52180428514127,0.06679061465330863,20.661631396243305,1,1
S14,100.91572882971096,6.9245046585860965,14.816741039103771,23.18810231256736,4.853557699656893,0.3546879032323288,8,32.92307736349641,0.10044832612783597,24.528504148473218,1,1
S14,97.64900225893118,1.4334390849455394,24.755300621079662,28.429273958255422,4.759735829040028,0.2747289999574252,7,33.38407315994951,0.13045722496243572,19.8785980763313,1,1
S14,97.95866063472596,4.105154209963082,15.972088244881224,41.54964307912234,4.738767326659611,0.2245845469125613,9,33.13268202453758,0.05378015831484944,18.628179025401643,1,1
S14,88.66570986945186,0.8597049028392947,16.233699136623706,28.15046022147968,5.10730099264356,0.35270044117876564,5,33.2844894551037,0.09985005864792594,28.17799400628301,1,1
S14,98.47666939338792,9.195349993409966,27.963031024886583,29.808396659695138,3.7183356418732854,0.33573221919061774,7,33.55362986465221,0.08583160953338205,24.738496212801934,1,1
S14,92.89561649314908,5.833638679791183,16.01830050394894,38.59247162342738,5.017441421595994,0.3066177390770173,3,33.23491759364134,0.13867533667022974,22.207372145016905,1,1
S14,95.09039782831516,6.645341261484023,10.417775715362549,28.198091144607165,4.336660277126623,0.3605593145289484,8,32.90781217670261,0.08813325053302115,22.98956837089419,1,1
S14,94.21365571413139,4.005712906428627,25.11430742480748,22.929379722415945,4.848338959431178,0.24351907464388697,5,33.33525022984227,0.10820739562944735,24.51759307434847,1,1
S14,91.29214202454067,3.5969292105214263,20.48068285259435,27.496590988570112,5.45428107572598,0.11632779158533779,6,32.99714750215851,0.1178954518589371,25.920012348840263,1,1
S14,86.86104980644932,5.187286297259153,20.911724394309417,38.224751002834665,3.708833380963404,0.23341590943379978,7,33.248229098076024,0.08561229337196706,20.732074126054965,1,1
S14,91.52824467585886,9.041201803526423,20.427498033249,30.425189982330817,4.463318277404572,0.3761761160395,5,33.89365448263685,0.050505852398433276,24.098439577897047,1,1
S14,97.94163436208007,4.934413573839106,23.158349695093634,41.58394955433756,4.593525812317137,0.3350004267969593,9,33.248341575229176,0.12407744948412969,21.479887471369285,1,1
S14,89.37220982530567,5.917084075340429,18.23640379048466,34.42760955757293,4.276938022283716,0.13623997950357647,6,34.06492671820674,0.07269839815385817,22.433056266462128,1,1
S14,97.381148232832,4.966464864907421,29.38057437282882,26.1311463816391,5.4082167964465935,0.27769943311191003,6,33.92919809164283,0.1681490861878895,23.482078602394715,1,1
S14,96.44348868088916,4.626239530423744,14.618847598453009,30.30645782679047,4.112042512499851,0.14739647524447597,7,33.12482157343603,0.09565654092688228,22.979964280841983,1,1
S14,90.22744027506415,8.063477961028118,24.224374583385615,24.88069129114872,4.244032879986357,0.10531170332392967,6,32.91209419030134,0.1581453660349979,25.206700694907717,1,1
S14,100.3538652789006,5.655937275768661,25.210605019382918,25.98940181610738,4.120417893178576,0.1765679997686626,3,33.33552203209957,0.03599242852951362,24.46125967734678,1,1
S14,89.8877846300389,7.413041546841255,18.20174119583311,56.87450550615454,5.561997528691269,0.23288288047584652,8,33.8178748022264,0.10682821931018027,18.47549237188347,1,1
S14,101.07834583285893,4.198376517977272,16.88132777361091,36.111747060202866,4.2943979096104545,0.21809039657489762,9,33.16046733437617,0.08053675014581049,18.926530378803673,1,1
S14,94.62582654642897,5.798813789243585,27.085871070850782,35.16658793404004,5.0563895122470734,0.18304476736241893,11,33.719779816172505,0.038632761572511144,21.89084994572212,1,1
S14,91.92586914646205,11.456999490593214,17.045696229916423,26.260918108151618,6.268917280524287,0.11365957526624859,2,33.83991969252208,0.10725836027770157,28.485875787325476,1,1
S14,86.69425637515721,2.4559443431519155,18.966680296247166,39.41750439768647,4.62849846325976,0.050295256338202504,3,33.046933436722604,0.1039130596740907,20.445224502495194,1,1
S14,91.49150327637288,6.348735175536606,26.43654481229873,36.59649361075762,5.578001743566754,0.3761498990802384,6,33.08612326155221,0.11598187364062823,22.37533187116174,1,1
S14,79.27201106345417,3.702962651561948,26.595536726439626,50.81619863031425,1.8227227128767056,0.11418763944157428,4,34.097500359938365,0.05683951039827438,19.76571912661599,2,0
S14,75.27306343685811,2.7686990988853077,40.40800074413525,48.0572260487799,0.9776633236015888,0.05575726188153155,1,33.644631147007196,0.0863815238273655,13.080151836415936,2,0
S14,87.51612499835088,4.971111289899654,42.886584254423674,53.13300185952967,2.2592090946989827,0.1414824915905771,2,33.86455252935982,0.06007532807016507,21.562648481563073,2,0
S14,84.66532088743425,4.3385064489447815,18.71834860121139,27.459319056529935,2.6557120724544743,0.09286542411146077,7,34.520129912667095,0.08314981462404997,18.7728307978565,2,0
S14,73.78941726844101,3.482730949618665,39.76308613822618,36.64139749233944,2.696674803198169,0.06063874330998215,3,33.93879340562641,0.07042554744432425,16.19900472024798,2,0
S14,80.21088329823631,3.771796169809637,35.08315609242985,51.336643984069156,1.7529700113198587,0.10999675976097363,4,34.0085363061501,0.0742225152021729,21.380801005827045,2,0
S14,80.74132581481561,3.131313936796677,36.45402003909314,31.651693168830114,1.5625041752801567,0.09124310906351953,6,34.18354378176085,0.05379177923480047,13.73604792198768,2,0
S14,78.29279637415479,5.930186503679515,31.648333330656754,43.75535715482233,2.1991559733360706,0.10057278031188918,4,34.04495951745928,0.06312754383985232,15.060689342504464,2,0
S14,83.8803170862171,2.2653395895528763,36.96267496717451,47.5652732717068,2.602990042823462,0.12923178361254795,2,34.36380983549637,0.0685621478690327,24.32288965602482,2,0
S14,84.17973034892401,2.747142452312426,47.74394103326932,41.37487889909683,2.26577842369542,0.17691973819313966,6,34.209337123569334,0.06674388845017123,19.36576493635053,2,0
S14,79.0686361681576,3.064584414091538,34.87521050829139,42.46750877844981,2.3330055174771087,0.09988590917307404,2,33.70455046019153,0.05262854181386724,17.15688332405994,2,0
S14,78.61671842819484,6.315815741584003,44.759014911552285,50.172657601228735,2.7592686634083448,0.13732723089448845,3,33.93608147687554,0.06908070191751262,19.27124584815774,2,0
S14,87.51585697052079,6.575268895828295,32.35568146784273,56.07435964623848,1.8187849199248765,0.05847077078032315,2,33.90363213893623,0.0755179509798293,18.54607636451722,2,0
S14,84.68525911899432,4.82087566460108,43.31129334859227,40.332404949961536,2.0783681562037133,0.09078188393112743,4,34.017521196518096,0.055480253009774216,19.089438713239463,2,0
S14,80.38286660672506,5.384767458434377,38.01159098935366,43.399534430501035,3.0056559554208286,0.13399554584883566,6,34.190136726691875,0.03155479635579662,20.222836217686343,2,0
S15,66.82458530414726,3.247203399626632,52.49205284845606,50.405245680473556,0.9889875803384577,0.08538595492526349,0,33.24693320530651,0.04086094885712866,17.461918732627087,0,0
S15,69.20636165338763,3.259737746657462,27.081666957071032,63.829248055867524,1.5652364035059212,0.01315932508428791,1,33.20914525350158,0.05505788833684401,18.128747163794035,0,0
S15,71.68165056299762,3.2165693061708858,33.45507768657751,42.84456787948943,1.1544901787980733,0.052329481545839794,1,33.731407026309064,0.06460729058504291,16.903484431518145,0,0
S15,68.31219020104092,2.720963265942776,44.141225420392296,29.569068105252214,1.2207711456139283,0.07352803072827373,0,33.418637784588775,0.03233737893482431,13.299364380336947,0,0
S15,73.15076896345742,4.443283532448618,57.41102176807595,47.09289380511433,1.2172516656160008,0.054253101634397796,1,33.301399560042455,0.048567191742181534,16.50651724453459,0,0
S15,73.72389078636277,1.5681993939604357,46.80673467229846,40.44526524382684,1.4665901817199618,0.02780602059305934,2,33.213071805653136,0.05701678948849282,16.85764510925334,0,0
S15,72.98710660360749,2.2831919019247886,34.18762036588613,69.77926736159536,0.9507615791825864,0.06990105493314092,1,33.12180318324568,0.05574871503392168,16.355569112809,0,0
S15,74.94248477157595,1.5749856644361164,35.42266725847816,73.15677455080316,1.3403133194904122,0.06522173211217464,2,32.98900222254439,0.046751778279635454,14.630067060295307,0,0
S15,67.22358149849332,2.9542400308380956,58.383917622759625,40.97070927586889,0.8845629877874036,0.07089171209082931,3,33.60920789737176,0.022114004539965947,14.382309698278158,0,0
S15,74.57326116971441,1.875365560372393,40.03092160963007,67.91715607521239,1.7288095837201707,0.056511590617495173,0,32.78769701398847,0.01602461387083376,16.912332254027106,0,0
S15,68.05936455286484,2.392852323372688,37.45629302040189,64.5138498350077,0.8937104556549357,0.06956919599969869,3,33.71732020904304,0.04782541773062209,14.647268488728123,0,0
S15,67.07820254277408,1.6255698931530382,56.818980485046886,39.30223315281124,0.8691109960203564,0.05378195261094346,0,33.71520685194565,0.041902327798814185,14.692899060788372,0,0
S15,72.97041089009115,2.2977090949622334,53.088776044695926,51.09732469068382,1.2987287309903575,0.1211291614875363,2,33.5461870204818,0.06149655768762681,15.720712717516838,0,0
S15,75.70544060214154,2.7165379546741666,55.192477146134365,49.1983627787548,1.1577643163736397,0.06796611027713795,0,33.59816466991366,0.044180265177997315,16.31954027222376,0,0
S15,72.79400029884965,2.4818642307449714,37.39966495787347,62.479953986272,1.2318835088222229,0.05598892008109519,2,33.490316414164724,0.060173801603804165,18.07746948828914,0,0
S15,70.9251624484358,3.9257446007025707,32.799154871885115,42.71220649094986,1.202021925591638,0.07847331160484781,2,33.64348215614544,0.0737501104102531,13.607883265048056,0,0
S15,72.08256165775165,3.856570113764047,46.06533191490165,54.01127374340518,0.806710127301711,0.06918534917345372,4,33.63999453788591,0.07369400016538016,13.410268696747606,0,0
S15,71.38765402561474,3.709825988527264,47.68100906458931,48.140654960503824,1.6178354656677878,0.018291987261219167,3,33.966377866942125,0.05995289623726786,15.235810812330843,0,0
S15,66.33814276880405,4.376977125548827,47.916814429638656,59.733411833851434,1.4018904487106754,0.03394361654166014,2,34.035773187196924,0.04215889679497036,12.39963229259191,0,0
S15,65.87146577356596,2.9398970581835306,56.82547148511202,52.83207968312071,1.5415127723240774,0.05380208122901083,0,34.026582723042615,0.03889797450761663,17.173118626791695,0,0
S15,70.5266428354518,3.0572621143403453,31.129863279934014,49.64754296059605,0.9753285202108153,0.060265045793884926,2,33.336604295758185,0.009794514648033777,12.012843235141752,0,0
S15,71.16137369642283,3.074776846621554,51.877560410382124,52.86703424367922,1.258784850358494,0.04234845091907983,3,33.80324201081983,0.015862408647852613,17.41474703422949,0,0
S15,70.88727586681655,3.56419968805893,36.226999646821454,75.36042832840113,1.19303832561435,0.056225833005328685,1,33.72774369926608,0.05329858497572768,18.218014873109613,0,0
S15,73.54635280794527,3.610485301510712,51.84588256688673,50.83100363880611,1.4722285748043948,0.05642499847381644,1,33.381238022207064,0.03524203329763381,16.519416351199574,0,0
S15,69.98003948868826,3.7229828113771894,41.20034636382898,44.58994781716213,1.4819022264928283,0.06788475026423335,2,33.31001841470494,0.028283851729869317,12.285362098960457,0,0
S15,73.09386308096504,3.880514574196478,38.48822563287591,60.83433569155965,1.191743027831377,0.0443292024385016,1,33.462914311986495,0.062256420888858306,16.21224881442636,0,0
S15,70.26359928403983,3.151951877943635,40.12077834440638,53.56475330577043,0.6784424473909672,0.04655951905970522,2,33.257659431429474,0.060784202679692395,14.406519553383761,0,0
S15,78.13538220149148,2.666865669842079,33.4351183937875,40.84766069133528,1.6677263530702493,0.07160585516242884,0,33.15914007731118,0.07489462334860848,13.595993321588615,0,0
S15,71.16480126025141,2.4529261434784027,45.32343151866774,77.31496335202466,1.3006240170509842,0.04665544061302146,0,33.725139083905766,0.042517107179841834,17.158866185931124,0,0
S15,80.20483679944833,3.375255256743957,38.818612874716344,51.47521054413352,0.9512966745265999,0.07620112430746345,1,33.58574420119527,0.016648620481034625,17.533721734793442,0,0
S15,72.24999271770908,1.5816970918261435,51.290385847202224,51.22130546038649,1.2557904284239512,0.048329486476286085,0,33.58420036338523,0.05371860590114332,18.571384892958246,0,0
S15,69.98723767099276,2.0587068638634185,50.12044864826334,56.59835351908097,0.6804997224081856,0.05361480430656682,1,33.85393347821326,0.035180866658876736,15.430419091434468,0,0
S15,67.24415444830692,2.5532225703638605,58.50525642322233,72.3011676920884,1.4504337071852558,0.0753925844116681,0,33.51716214194721,0.04313733773880601,16.343882806348006,0,0
S15,65.07039205711484,2.6392751800413863,47.93061986832862,38.20254673481004,0.6924642636601968,0.0526352375200078,1,33.82503454441101,0.07184581404049467,19.330717624861034,0,0
S15,66.87617721576099,2.956977677035741,49.165422136640586,57.759858494205396,1.067577439332818,0.03883517887133219,2,33.354231452520025,0.06158250774285014,20.190577022237026,0,0
S15,67.32352111668966,3.812735664701906,56.20079849462251,75.87272161793628,1.2071641218256075,0.07289322919199233,3,33.35235927277988,0.049286746927563296,18.160741366356334,0,0
S15,72.42122643499432,3.4751751568940867,39.97869843178643,56.287286807396484,1.4454797005385707,0.06580783220372008,1,33.580120892664475,0.05363725826510046,15.30008344352796,0,0
S15,68.73728486910487,4.319441335671156,33.09393429741574,42.6466602069652,1.1657911898742548,0.06302768321011848,3,34.21231923681845,0.08765731499280738,16.014510347272,0,0
S15,71.58965456356361,3.917710524560253,46.60075247302715,48.816031470393476,1.3243166490277076,0.011465808068381149,0,33.96154515994605,0.04203255725844525,15.643609156578602,0,0
S15,75.96985980285237,1.3821548502431131,33.61893224628477,57.068825297567905,1.1253777144090766,0.03722358730355371,3,33.905331522676214,0.042572757413362194,17.41126246761026,0,0
S15,70.4907129468062,3.868726025043816,64.63150938340311,68.30803915639862,1.1241720016606578,0.041206882897330335,2,33.164342052733595,0.0778841650922978,14.360686476733054,0,0
S15,79.15857314721283,2.3314688235746455,56.64398633663154,51.606641555839396,1.1594709620484318,0.04423043594232198,0,33.61945559606325,0.025205796000593025,16.642666362628198,0,0
S15,66.13870243198883,4.444548075479422,62.31181066641264,63.266517974324316,1.0771104106882303,0.08156673390677403,1,33.82225648408718,0.04735750249771672,16.652756645239094,0,0
S15,70.2396121598459,1.519334221303309,45.499575813305036,40.64631172953111,0.6278567140195119,0.0458362571243757,2,34.20152279811343,0.05464309536327067,16.767501051196383,0,0
S15,68.6846946589017,2.365137623358415,49.404588749612785,40.562816304049456,0.9033307388349541,0.09701704052469251,3,33.07080614990476,0.08650682931261222,13.955209418258029,0,0
S15,78.34901891647314,3.6390030260047226,19.385529188533372,27.046341759611728,4.993329098163791,0.22344771385666512,3,31.99915823272823,0.06378655329940591,18.275360037611797,1,1
S15,81.91912419393017,3.089422048197569,14.86312516462468,30.106877536084994,3.8908225391930147,0.3370178174746771,3,33.08691615443315,0.07920699111305846,22.267048884081053,1,1
S15,91.59428342455801,6.376880160841513,24.642725468944818,32.91083399599184,4.523283392278125,0.09919241201989898,2,33.39091112572417,0.07032242184974097,27.525008294173187,1,1
S15,82.41067619290924,7.5121757613900115,14.407381023853006,28.248776872920192,5.900131823202841,0.508727145584531,6,33.66471017315103,0.02095135742438753,27.24998392489387,1,1
S15,89.93937731009514,5.5977844094211475,21.92244815093314,34.51845339499276,4.9339736369048115,0.29122805981435,4,33.5446816933799,0.07535599387042866,25.552810783327338,1,1
S15,88.9061723136431,7.699043973988248,19.898684726544612,37.50473217217731,4.225727747452921,0.16332673293396868,6,32.58977164961636,0.10615390640866566,24.61047405186703,1,1
S15,88.6045393985579,4.955856191003281,23.112324311712364,26.263041752680596,3.693698190041636,0.3719431082954773,10,33.427990334804605,0.07294541987857578,27.963904245206265,1,1
S15,94.95474623426371,5.296252407426969,27.827767252464994,32.34943022331052,4.9818049650827945,0.3445689037497155,6,33.13243844074651,0.05887845363628546,28.753544004819997,1,1
S15,99.68646262988108,6.137500113527144,28.768253039402943,31.47702258217543,4.530545620164964,0.06774656563133982,5,32.71408324952657,0.056482661654837014,22.61276003585944,1,1
S15,91.21841152115712,6.7642625517816075,25.511928621773045,27.9539866911327,5.096696033513985,0.15093024904637675,9,32.89116022050717,0.07821708272704833,20.09170267013504,1,1
S15,81.56947058268821,6.986172804095875,18.178732975371346,18.562675910441385,2.7269307789033483,0.192081385885307,5,32.69198739412027,0.13291368292865433,22.189123047126515,1,1
S15,89.70526011325607,6.431325574972129,21.888330911409316,32.12513455928973,5.543790913282981,0.2935683111924503,4,32.990761394672745,0.1496386239495413,32.29008654131616,1,1
S15,85.33703999453907,6.639646125228132,17.631179536262493,32.78438800623104,3.2635816964665896,0.4038847290469344,7,32.68406130498051,0.13645049132151293,18.291930971824417,1,1
S15,100.79558718379526,4.9530951403310866,18.72893942130827,36.523688073725424,4.246499382729069,0.37931480750212715,8,32.564726828611185,0.11055464083611782,21.58838258141175,1,1
S15,93.00091546016324,5.210640582678993,24.412091123623767,27.989762301829057,5.745815821561867,0.27783856953208824,2,33.16757210901127,0.14449307297561054,18.761926542522104,1,1
S15,91.25706301281102,6.9100901884844435,17.128952130554403,25.997608304821398,2.8469435901474895,0.4322392832551398,3,33.227416677202015,0.14346122231595287,23.374291588632158,1,1
S15,92.73958183434752,7.046320066804325,19.72796743804256,24.512610480044295,4.564384745289896,0.14739319172588422,8,32.900885657861515,0.09281069943959518,19.391926913315398,1,1
S15,88.6117665119099,6.143328279501703,16.65107148960747,12.010757049057517,4.414017406071146,0.3196631501217747,6,33.52298497947255,0.12549332165088772,22.673746931499146,1,1
S15,96.3542769026941,6.339080820436572,25.29148612601974,27.57169769290608,4.610819486535761,0.2620349915377171,5,32.87175222330011,0.12881827580304278,17.14971451994372,1,1
S15,85.4166123520301,4.282827548740029,20.1972548691399,46.59898493474397,4.918788257929644,0.41955158192498565,5,32.854814639847945,0.018113324593461155,24.852861995253953,1,1
S15,94.60217198737608,8.910818964344058,10.918255219870302,37.62564716146397,4.645889417970202,0.2454814471574838,2,33.24012005083644,0.14010319257086376,26.667035769403924,1,1
S15,98.39396277524267,6.727680868585225,30.168204952017902,24.046891634165355,3.561824590924279,0.2846034410910802,7,32.922954223920826,0.12217017904106084,21.848169133809623,1,1
S15,83.95825462224524,7.618108578175557,27.066885608228525,26.911887699451384,4.711672388466288,0.217116917341276,4,33.009843549508616,0.14139196522104946,22.594609978772894,1,1
S15,90.8678871395094,3.831058752842433,11.923475501816236,26.87382433900862,4.619182487178511,0.24946694266738753,12,31.967749069650534,0.1334387969708911,22.509778307806062,1,1
S15,91.3412689231199,7.990035159231779,25.674156384326007,38.39119346806841,4.585656683252163,0.2960788848261401,7,32.982607411793346,0.08426430248177058,23.542732025675075,1,1
S15,82.39485784372549,7.793415556737407,29.613484867579185,43.34720603262726,6.302631935361654,0.18306337608812467,10,32.24504608290965,0.17005636294995646,22.885491239100716,1,1
S15,80.62805743908636,5.830658205000671,21.067700284919038,30.538776521939663,5.703768789984284,0.09603743057940395,6,32.48754422949861,0.05221266127933793,25.304350857292082,1,1
S15,83.34595913600872,6.087287273759175,22.745155631720085,31.582016068096205,6.0955531930073885,0.26398252713260534,9,32.44179544239596,0.17878626739804382,26.699117400352836,1,1
S15,88.52949536968774,3.923001324771547,20.40641945603978,33.122355747356,4.909103332275406,0.25394621993039307,6,32.55889119648463,0.057623143716717735,20.557786332523452,1,1
S15,91.35514791484655,5.014690293573193,24.59869622682846,29.9048691966745,6.062099096301393,0.41839720300693384,11,32.75638291404526,0.05454655107376037,22.072014521677108,1,1
S15,86.62421895906535,7.174084848135667,27.165868803717462,31.69190545616654,3.9490269587243874,0.28929073590143917,9,32.78132741167997,0.09903314294567166,25.704858346774234,1,1
S15,100.42579836812048,7.038873246383475,16.04453418900203,30.289039822518692,4.34643854666578,0.13399796180567114,6,33.24163453960101,0.1662529003121423,18.734992855822902,1,1
S15,94.99900215450785,9.849690990247042,18.46918896588965,32.86781986559541,4.169711574771496,0.2547104697759313,10,33.06487958355204,0.19692424522454216,17.08783615446329,1,1
S15,91.558021410306,5.201944136900159,22.508235414742366,17.989583211875775,4.237109261907163,0.29004319938562806,5,32.21549468637097,0.15727556255098055,23.678947858695437,1,1
S15,86.25926232128704,5.0819910795541805,23.551092626274066,27.123117267417836,4.666868921235834,0.11184509411205615,7,33.00924231291688,0.03553131737524584,24.489039233211475,1,1
S15,89.26093600311134,10.121653127805317,24.037281480879173,22.899634953422584,4.797000267672939,0.19709753493612223,7,33.10322655653153,0.09257052946326005,20.83309943613922,1,1
S15,95.45127425368493,3.774471843357891,21.03739884464555,34.1405687856161,4.978620762366654,0.34483392793291884,8,32.84449785139697,0.06873760563101661,21.264046837638634,1,1
S15,94.36202918659913,5.017473944677356,17.58970363980258,25.28635631325322,6.029551836470894,0.27995204194161605,2,32.95157006713548,0.05743816291017711,20.719423034777304,1,1
S15,94.29713644752165,5.64283546097155,26.926310352519295,20.610630485785332,3.4141227311671094,0.390220958950327,8,33.052048508056984,0.11713017590067454,20.399224281966696,1,1
S15,87.01995167986641,6.261084584856717,15.891760698531257,19.269666436773925,3.6696300553447765,0.2714864709463865,8,33.28176429695239,0.08443459616093746,25.0804874618138,1,1
S15,86.82270795212025,2.243248498298145,38.014828947122304,41.46323633087814,1.6292262107252475,0.1501225490771565,7,33.742033315113446,0.03925116607183349,19.103464405767784,2,0
S15,72.78116070067529,6.780751236253332,36.49713816829214,49.50936358007999,3.2431994657093672,0.010258511883628446,7,33.67799917005374,0.08845190395579954,18.619056256822056,2,0
S15,77.89657716316528,4.7303422167429465,29.206913078448295,55.51223325999317,2.498198580176822,0.10474377692227496,3,33.90472967199654,0.05649083129916474,15.137726576017211,2,0
S15,77.41707418505966,6.836094772891045,37.68818595028648,52.96798052698188,1.7097943235012338,0.12828235433604815,3,34.12421026512093,0.04193592782209097,13.351534355239535,2,0
S15,81.8857588890113,1.4216350659566777,19.613206708009717,69.94490297970997,2.032249603777052,0.10709188852589234,1,33.732355864146484,0.059978577329251714,19.49068084610216,2,0
S15,82.35781604731382,1.7201979439367365,36.85930582435911,42.27729944724267,2.2889210453582947,0.09778425898070658,7,33.75119067015342,0.04852130733851599,22.281372985850567,2,0
S15,76.68185233091026,4.013935102460042,38.44228568165429,50.017851839354385,2.4057311138880015,0.12903694446593608,8,33.982066549699056,0.0898521989492807,19.860334262070165,2,0
S15,78.29527881891087,5.363333554553931,39.69340489025049,60.39134362734563,1.6840184581710476,0.07114237000679179,1,33.43816320975463,0.06737830257658389,20.558998817630034,2,0
S15,78.48462012291536,4.094660682238036,27.05128765564504,59.889273896148254,1.8267325778811963,0.046714841814763965,5,34.258145822845194,0.06796465569384545,22.95929386409885,2,0
S15,65.48123807549258,6.78500850687657,39.573717156840324,32.39937658780495,1.3073605057574627,0.10129706416748016,3,33.51218362996586,0.028116346405491988,19.821917128602646,2,0
S15,68.89699834095674,4.045403006662928,30.709981110948203,47.97313903968015,2.6537089317463334,0.05145151204106999,5,33.20034763083037,0.07727211013772575,18.69336224923095,2,0
S15,73.81662789973576,4.7872974875876935,32.31271117395366,59.8761661267896,1.9630185535587845,0.09316359786101028,2,33.77894456045494,0.053376714682883575,16.953687985874836,2,0
S15,74.03395297146128,3.68164854757668,43.02551970075865,71.1251439231931,2.3669886115355885,0.10033097977369282,3,34.28546206861083,0.04455529957316916,24.055531407430216,2,0
S15,70.84553424352495,1.9183703784978445,52.09879606351821,53.63036707000655,2.844957041232106,0.14554795786778593,4,33.95186039699825,0.05229198047006083,20.3163694478842,2,0
S15,80.58985921021377,4.250564656253716,38.35951131161876,45.05709365042813,2.2437628581309155,0.11141127804669977,6,34.00125162079925,0.06644040959310428,16.640995710201672,2,0
S16,80.74001121474411,2.972047869751417,41.750205365012086,64.48514080353455,2.3811739744159075,0.042427046661999306,1,32.99284785901921,0.04630770396988511,14.120423383330191,0,0
S16,72.44498723826871,3.268744719432009,57.71729252674712,53.021420481390315,1.1309660719243682,0.048678431338193814,3,32.84904340740746,0.040702600608529635,16.282833945142006,0,0
S16,73.24485471949404,2.5943740353937947,43.6920083301689,49.258391962018734,1.1081741661813242,0.08642039546510376,0,32.97536149856468,0.08995023406984409,18.427291708392957,0,0
S16,71.68715167386833,2.529202510292129,47.81727810588988,40.6105713655006,1.3640720627769416,0.06697940592270567,2,33.084777640274154,0.033443822410838,15.510219869901123,0,0
S16,74.37251003537331,2.6731706544833833,49.2857499867316,66.28233426157878,1.8579114803000352,0.028249719727646408,3,32.94351483884972,0.0703966762476951,11.964195447075914,0,0
S16,70.77556876398675,3.4845230229456297,43.686787321534254,47.890967122355555,0.6973389724965521,0.0635089459286918,5,32.79675990508866,0.06776514798074923,10.96553924673933,0,0
S16,69.10799376088761,2.1303896632560138,50.45004985296675,65.53735317648933,0.8653381206642853,0.0435116419568801,4,33.152181964830426,0.058904647257970025,16.62162547209991,0,0
S16,75.8896790558538,2.654432880639353,52.91520850935768,63.27464801249512,1.316586586177368,0.05138850268179378,3,33.202229294314385,0.03400555489178073,16.213033152647817,0,0
S16,77.53734921836514,4.329730791420419,52.22857113628481,68.52802149680511,2.072552893263948,0.0687706147037573,1,33.07810208099173,0.0747415589299766,16.375469630541065,0,0
S16,70.2987911596085,3.659120474168847,53.12305217907253,62.58839056359829,1.4441371855243548,0.028122482294395266,1,32.549029386599294,0.04040945920033348,16.97857494769962,0,0
S16,72.15699379608739,2.298267516182455,28.338269914483732,52.90157889990948,1.0877792917231293,0.04485450219714095,1,32.85891831218189,0.07115527391341166,13.041093333820514,0,0
S16,74.45517310642317,1.5272391671023544,35.624632538265075,55.159076198238914,1.683119513013468,0.03832721147149656,0,32.78106872757986,0.04211027980835142,14.386376092636729,0,0
S16,81.68197213281745,1.6859833364197898,40.884175220658705,55.24535586750761,1.935083912006028,0.05409516509646701,1,33.553625253910205,0.04316041361365084,16.8461268822493,0,0
S16,63.52467675078852,4.111816825565053,38.63236175838035,52.31254009496265,1.2448980287087044,0.04449753199322967,3,33.0696639677074,0.05917884316605091,17.47172748752387,0,0
S16,76.63484788639839,3.1149853683772766,39.2391838737689,38.76782305050202,1.5728266486982707,0.0003697492402916433,3,32.950227291248765,0.021297088142599577,15.486229541792468,0,0
S16,77.5719754567217,3.3835404689576882,52.116509400457254,33.449930831002966,1.4835321964557346,0.05675923633226757,0,32.8666802697222,0.048626602909981186,13.135445028535969,0,0
S16,72.00641466707569,4.330133307937843,45.85531370215951,62.588292682758265,1.608184592772341,0.060199494814167934,1,32.996838973746144,0.08140591026643282,16.679927581513827,0,0
S16,73.45804481225939,0.5403328529283424,43.90518457176112,53.1907797234013,1.2988177807635612,0.08468296048368874,2,33.259755772224395,0.03785694067395244,16.102268333245767,0,0
S16,76.18692303303332,3.024863632753244,43.195500172952286,64.60039180895426,1.6250942814354925,0.0737354380797068,4,32.48532458752938,0.007704702070956249,13.883502746944158,0,0
S16,74.73642536558654,2.7466662585132555,41.79889889717598,51.204611025780736,1.688045396529317,0.07017630710087791,2,33.10334534248056,0.03765900423679501,12.032731814627253,0,0
S16,81.65120572350872,3.913740740836834,43.06453096559603,54.98850435195334,1.6507947961320761,0.0635276343940759,1,32.88291707825368,0.05338333749657062,17.142503397293236,0,0
S16,75.26554312581594,3.598899609720766,56.10071744155227,64.29528906349468,0.9498027886532981,0.07589266607480259,1,33.163496781683605,0.06205001939617736,14.76509517798879,0,0
S16,78.29985637432023,3.929128862531557,30.886219530922382,70.55338239475078,1.0063458851173035,0.03237412532619984,2,33.27402618508496,0.06163987608834348,16.37339592918845,0,0
S16,76.65599347867982,3.489364985275438,55.195584420441676,51.83820747424383,1.2297352092612457,0.07247786580342498,1,32.825639700817376,0.026840087266115517,16.299119195274343,0,0
S16,77.63143812932529,4.073610295245658,63.349416611056924,44.99919257413001,1.516751203521998,0.032416721091269876,4,32.62353514585305,0.09681286582366161,13.706142975329136,0,0
S16,71.74540764016822,2.1115280333300754,55.13474451440356,67.13008142942167,1.6042648619341078,0.026664524141926986,1,32.94297546384284,0.04418989678922459,16.83572805239888,0,0
S16,75.65971895152262,4.048364885635423,37.08053378739087,52.129141336778815,1.120278916953085,0.057100953429101875,1,33.42041619939275,0.08359003685098385,14.28042471605701,0,0
S16,74.59270700980187,2.699503434374859,41.10774983285967,50.147608749618584,1.5337761712817488,0.04020066095054927,1,33.284992921233076,0.03531089018390341,13.009235635102549,0,0
S16,71.99006267622879,2.473692764325092,53.26639200043537,51.00206645512427,1.7202237146969153,0.02205571508150819,2,32.921008899399204,0.037023572728964095,12.75304305048762,0,0
S16,78.55503258641072,1.7895174100580915,43.01075453147781,47.81366069947189,1.6369052430842723,0.06437940078644208,1,32.84384400859172,0.07960389038478409,15.993526258532702,0,0
S16,66.79335708647208,3.2216396548893207,40.951917686371445,62.737454171487215,1.2985555122824564,0.03652200903181522,2,32.8664909019371,0.0648855165322546,19.188204640018625,0,0
S16,80.24277959087306,2.9607403161247507,44.1921572307253,41.61770629522229,1.3259787430432524,0.07029695456294162,2,32.64500808472415,0.03109144271711319,16.082043512486926,0,0
S16,65.97994169535542,2.1239971097962975,36.02519339999618,56.02051157312851,1.0472345420396874,0.06452318243151126,1,33.269727955036466,0.04959466233724739,19.566316903167255,0,0
S16,74.2400560711316,3.926876699460905,43.95793514050601,57.49708806407422,1.9586021696269844,0.03282951813151071,0,33.3245206512368,0.05867305328318485,18.897643635574507,0,0
S16,78.61961017690786,3.5464872790777333,35.35027453460786,49.01454683163964,1.5787138393496374,0.019257575546114628,1,32.918154472883224,0.04993157697730034,17.03257179481475,0,0
S16,70.10143522529664,0.9838081769774685,50.77979128727325,70.87132451454383,0.9528348411688645,0.07939706777135154,1,32.884091325935735,0.023647971230251443,19.14898260093039,0,0
S16,76.54992142128623,2.811107623730586,38.24535003935467,63.9833424661066,1.8044988204175807,0.04990197046139049,3,32.824813607008984,0.030757298884342647,18.922743975015226,0,0
S16,76.11745203723439,4.849204682469123,45.41202175978656,50.45471027609259,1.6340695470209787,0.03616610353447391,0,32.89918612155527,0.044604136395854456,18.357391969438524,0,0
S16,76.16149056294803,2.3105016897930444,41.44446928531522,53.93853605176671,1.7947933519678636,0.03604016758923464,2,32.81374367731638,0.04782037537268214,12.23133996209431,0,0
S16,73.46015617216035,3.7030552015900584,48.05640542042664,63.94290528046484,1.2689233222503704,0.05320262305521206,1,32.98773457201837,0.03482942602570815,15.526512304696151,0,0
S16,72.99376605998351,2.9937082049499355,51.578672556579924,55.80027088347547,1.3107973054497566,0.02265989443210236,1,33.27021465179314,0.07366522638847842,14.612606565822599,0,0
S16,68.57446158733828,2.494035909021202,47.29198887431469,69.01578138999446,1.19271086413513,0.0409507637712999,4,33.2393033929275,0.011077022781709363,18.342260892829444,0,0
S16,74.43902951917246,2.4933029031606244,39.39748080191388,60.66209699149201,2.071659442898777,0.08364644425904005,5,32.78268852251534,0.06223042187408252,15.385499023065238,0,0
S16,78.52500602224939,4.108997119123672,40.494702227928606,57.52883277130083,1.286207801858862,0.052332215912645454,0,33.07983866002305,0.002403143756950256,19.504619939421797,0,0
S16,73.03055868267533,3.0696020736382086,63.87920170648675,57.442766289705276,1.1499414379919375,0.05402425941719625,1,33.22814107268523,0.06791278282326126,16.20312466438281,0,0
S16,92.63452088052537,7.897810740793441,16.15741723607357,30.98650912275046,5.783461162041636,0.14412165590747922,5,33.49070805734338,0.056262382971257685,25.897039868828145,1,1
S16,88.22421665990625,6.896277454813415,22.205221640519134,34.038956011765876,4.994264603501615,0.2920763197691713,9,32.263075032218964,0.13720289837208927,18.375301484435397,1,1
S16,92.25975971890408,2.5791152997436804,22.57057875066675,33.9517308524925,6.002433027638418,0.24022577592065006,3,32.11279250014639,0.05478533116538299,20.29020888468354,1,1
S16,90.80140112448233,7.710588426404627,23.119378392344508,27.450954103419463,5.500533066769548,0.38337490486275166,9,32.40239903991933,0.12017982707421226,17.896807187220837,1,1
S16,95.99683013413613,4.884304289493127,21.830288785545456,23.87599362058921,4.00567310845687,0.1751414847326706,3,32.35795330168157,0.08352685610701194,25.889494176063028,1,1
S16,92.273139607909,4.317751215655419,21.58455998425248,25.513301761687792,4.436156339302147,0.23407588509880417,8,32.1280242986847,0.069965383315078,24.71625704766327,1,1
S16,86.91412936345547,3.236701780413927,15.984619946217693,23.49740137897507,5.760078587482642,0.28806464279451593,14,32.12375013729337,0.11831296085002664,27.854857174872834,1,1
S16,96.25636162515362,9.39883998480338,19.5631552765998,18.86409151402107,4.168075034028744,0.20668062506657447,5,32.76013437651431,0.02439181373404284,21.676233171469793,1,1
S16,88.4218177060657,7.630602845320408,22.80637296901551,36.55056818460872,5.252759423558527,0.3427756254847529,5,32.603662088048466,0.14568006552329396,20.52807452476765,1,1
S16,90.95898284462099,8.942648673431922,19.306294210726588,18.68386195879002,5.476311378957889,0.39855307290178366,7,32.81176323772118,0.06092894208667113,21.42556809698912,1,1
S16,90.0714544719897,9.096155109661726,23.46084325923612,41.168761348075584,4.727990312057745,0.21719646951811272,5,32.32079504074971,0.131937473115346,19.001687675210682,1,1
S16,94.2783004981256,6.518985442061692,21.32395243434923,26.833276010336764,5.058368892460879,0.15272508956532155,5,31.999201457829084,0.1464143338982598,27.285955341886684,1,1
S16,84.62726537237123,5.087796968567109,21.28539883871311,28.32986810268483,5.601940121138431,0.43587744285726526,4,32.204734891060724,0.06947027205356875,33.12990172588184,1,1
S16,93.04761218890852,3.991097717231063,23.036343765651075,20.91063900554222,5.563776686831824,0.18371293903709315,11,32.8452213482664,0.15980805097715192,20.828564606368875,1,1
S16,99.33759710293354,2.865600127145658,24.42571547824119,32.307401123652404,5.295046842646595,0.3413066469436057,5,31.79413398646641,0.17329442037459775,24.778094242724695,1,1
S16,93.42959120785352,5.661236553082847,25.540105979338684,28.434646383079208,4.926141502275522,0.210691361620732,10,33.01218009968775,0.10319583811852193,22.533532623582825,1,1
S16,88.85038498988033,3.7551816763969796,31.915212791752616,30.36658581173459,5.406389598304431,0.5148264232902262,9,31.99023188842026,0.12679241718680578,24.325221284505474,1,1
S16,90.66105390082797,3.558968095823133,26.318909515834292,25.277258698078402,3.319275953139267,0.1692812430663828,8,32.74616635225555,0.10716535160971961,26.17909605741242,1,1
S16,94.62944943274157,3.4111529882033853,14.597780374886419,32.88489463913475,6.116968684652275,0.0995678906912277,6,32.02611232619485,0.1117507232391776,19.570725893496896,1,1
S16,96.21674772311191,8.011996679265364,16.580689309718057,25.056495556295395,4.830459125189777,0.3415221962504421,4,32.19622852591558,0.09761049720748063,21.564228345108223,1,1
S16,101.87858319091842,5.450981184754461,20.62676604233525,30.472597377824048,4.34853110196047,0.25516701889004334,8,31.611304932876653,0.13968508155028242,26.60946667981005,1,1
S16,83.1005072199728,3.486463971080983,18.185414880145466,32.77189026537292,5.416076115801984,0.1722582357800808,6,33.17581517028831,0.08488936106430439,24.52650468362242,1,1
S16,94.43558932582518,5.515521308641865,23.952484302408223,38.70785427780179,5.393648675499032,0.24455290829022883,6,32.66422804589785,0.09900389254548722,23.98195922818367,1,1
S16,93.96731855702018,7.348049421659625,24.482961755951507,34.835405658664705,4.155363707548613,0.07371837778237839,10,32.6877751520234,0.035942397900885284,24.52905152223865,1,1
S16,92.45440764485689,4.669611263070907,19.582437057317073,30.539274722412888,4.990536804157802,0.33635893559200986,5,32.237148616809634,0.07392200884577822,24.823674527649604,1,1
S16,94.98760014808362,5.917835521451431,27.948375990925115,29.952191850832715,4.966373042590416,0.26281404230120103,5,32.061994005778445,0.11264387021842509,26.473290256211364,1,1
S16,91.47774709305946,9.129150224399334,29.271000061379116,31.88047231598309,4.914171441727861,0.3194644178337912,8,32.74490798877351,0.13989852569544903,25.261320914987657,1,1
S16,86.86208044801309,5.746407251758589,12.940860287722012,34.600272696793326,6.235720820479961,0.39735038550299195,4,31.95304590917888,0.1028643064906889,22.847819970508763,1,1
S16,94.13611826949169,2.089359608342017,14.855610227355783,25.53412927345736,4.920380711823982,0.49583866628276657,6,32.36744500178271,0.101847304087611,24.0591091506952,1,1
S16,96.75048971254841,7.059545003230343,27.486200757797484,35.419256004787385,4.832581195703068,0.14313905376149982,10,31.934003699294905,0.18788477796421854,22.79771301097175,1,1
S16,92.57107936192497,4.413492170638897,26.349144927000168,24.378034626479746,4.392210767709961,0.21147531899070127,6,32.48387512451253,0.03883621732350664,20.76156888938489,1,1
S16,99.21101797408535,6.7291553920555165,24.513259088016607,32.737878347752144,4.276633364321259,0.2218484620729561,4,31.66753064008988,0.03825623246231848,22.845117643934998,1,1
S16,91.430579953327,5.864858144422705,22.05469871287962,33.24856278345122,5.250139046436672,0.2594794959676071,11,31.842064236533982,0.09010095967836054,22.658568343041825,1,1
S16,95.61835798553012,2.358224049085721,21.48441593672397,25.970609471996525,4.560648909299512,0.2790795807229757,5,32.09036796414544,0.049294388134127856,17.905724126608927,1,1
S16,83.3645034369136,7.778434032095734,24.682997167136723,20.74571634932242,4.786161479461254,0.194458901298366,9,32.68019697552052,0.1371047556246115,25.32480487826615,1,1
S16,106.30954965868648,6.028165719603552,22.882383212397457,28.41258580437409,5.095039767447648,0.25653948204349536,6,32.22176866137362,0.15105189558130427,25.833390336885866,1,1
S16,91.48948679780979,4.369468751280838,28.538613534880938,14.220774988445406,4.987456542987735,0.1404226066890052,5,32.827735075124274,0.12222806958158333,24.63142671938974,1,1
S16,89.92584444550337,3.371902313687802,18.593780257529385,28.929814136753556,5.044473826434188,0.1701221277301748,10,33.03457505694218,0.03683353546310217,25.65411745916856,1,1
S16,91.26045526859379,8.30364512443876,22.089977309274303,22.510556499282732,5.041558447429888,0.14973249243192605,2,32.31083849400308,0.07382882496147011,22.47227259334535,1,1
S16,87.16225820045914,3.4198950151016843,26.451676574910348,48.67951006738975,5.43618539548109,0.2114578693838185,7,31.84291677777006,0.09428222541844675,21.4577776660984,1,1
S16,84.98484799610588,3.4262580099054563,33.76900562424855,45.81141165191181,2.066386975654364,0.11969292255649366,4,33.35930809177069,0.10813051737164417,18.751464276710493,2,0
S16,74.24518110426922,0.41416329246963635,34.22709108137424,43.28235764391017,2.1865998098906423,0.1159779656878443,1,32.89531744145238,0.104095712182423,21.142267645460826,2,0
S16,77.85035304931928,3.2353182296942737,32.77556474622183,47.173201783331784,2.481835047458932,0.10599356215258753,1,33.3307668156742,0.07353139856779166,17.560541426642477,2,0
S16,87.96865505168745,0.7661638911604349,43.808137166911585,43.124174459924745,1.4511045728552414,0.11064737324549885,1,32.932384666974194,0.04411870539313746,17.830706141956394,2,0
S16,86.0602617386374,7.071653185880181,34.692262103025826,49.78763428911213,2.4675341132545436,0.09170515172255059,3,33.81605115609219,0.0457931952666181,22.9309465826116,2,0
S16,77.46593633518451,5.269947431549733,29.649626645133928,47.81218338248976,2.7606282525855494,0.11952050861607472,0,33.243469010282475,0.07791869210736646,17.15224062524366,2,0
S16,80.60759703730267,6.865635760560888,44.73330966359802,42.396204482122165,2.5236056520813808,0.07659170674243986,2,33.12323981006082,0.09438071667271794,19.49117187757315,2,0
S16,90.69513891046176,6.8161720539391935,36.065182617333996,47.305434325696346,2.2395797128402837,0.06925996186801026,2,33.068031260072345,0.046567124237280946,16.730608281314083,2,0
S16,74.88505136370838,4.07083378227509,28.480701028130625,52.3435140960391,2.4570815441034277,0.09201290792574143,3,33.33450628456534,0.09418110366647163,17.360986732884697,2,0
S16,71.24865767517018,2.7041129442618574,49.98975203906264,29.948688813199905,2.398758795178677,0.10978635318657633,5,33.38898003611403,0.04469027091727857,17.737198036551014,2,0
S16,78.17449100182986,4.162702217258142,42.27382855641481,52.62558646229669,2.815772850954394,0.18566791989455278,3,32.739878644858784,0.09646082501211822,22.617864569675667,2,0
S16,80.43807326597131,4.56778729536783,38.32374343445851,38.18895782594811,3.0640100893335958,0.12519078722548813,5,33.65335491379409,0.06942980356897929,20.28442083600443,2,0
S16,76.84398543690533,3.5439921218169452,36.51707761122865,44.32893219275383,2.2310882676157617,0.17666193346670866,5,33.375569664945786,0.08639101250902735,21.10464705677134,2,0
S16,85.73951238100338,4.351559145007605,36.03762204860194,25.362541568740284,2.552268896052082,0.0913261624573782,1,33.6509430701219,0.05696084208884336,14.482943005399534,2,0
S16,81.90824116407842,4.508162235849413,35.89482938326645,52.5252936845214,2.1027135323723702,0.09859809550711945,5,33.7475077417285,0.0827901817040766,19.086621091899215,2,0
