subject_id,mean_HR,std_HR,RMSSD,SDNN,mean_EDA,std_EDA,SCR_peaks,mean_Temp,std_Temp,mean_RESP,label,stress_binary,HRV_ratio,EDA_activation,HR_CV
S2,70.6,3.19,58.32,56.83,0.91,0.0181,2,34.67,0.0144,17.31,1,0,1.0262183659654467,2.73,0.04518412957731876
S2,64.74,2.88,42.2,42.07,1.43,0.0492,3,34.01,0.0165,14.36,1,0,1.0030898495151297,5.72,0.04448562797565215
S2,81.52,3.5,33.58,53.53,1.44,0.0485,1,33.97,0.0364,15.87,1,0,0.6273116705937473,2.88,0.042934243997271346
S2,64.4,3.84,49.74,47.96,1.17,0.0058,3,34.01,0.0245,15.96,1,0,1.0371140456392731,4.68,0.059627319933645964
S2,71.2,1.13,46.74,32.04,0.59,0.0453,1,34.26,0.0419,13.26,1,0,1.4588010428211475,1.18,0.015870784287811194
S2,73.48,3.64,51.51,51.76,1.35,0.04,2,34.01,0.059,14.94,1,0,0.9951698231897559,4.050000000000001,0.04953728231664639
S2,68.14,3.31,48.9,54.69,1.26,0.0638,1,34.12,0.0583,14.57,1,0,0.894130390541161,2.52,0.04857645310002156
S2,72.45,4.32,34.22,67.36,1.61,0.0346,3,34.77,0.028,14.19,1,0,0.5080165516602506,6.44,0.059627320962412564
S2,70.0,3.6,52.03,70.19,0.93,0.0258,2,34.55,0.0483,15.44,1,0,0.7412735801006439,2.79,0.0514285640816337
S2,75.47,5.23,45.22,45.57,1.0,0.0696,1,33.88,0.0564,14.19,1,0,0.9923192906913998,2.0,0.06929905004650191
S2,70.96,1.96,50.06,63.93,1.58,0.0593,0,34.4,0.0661,15.09,1,0,0.7830438318404768,1.58,0.02762119114695728
S2,76.58,3.04,44.85,58.22,1.17,0.0318,1,34.46,0.0526,16.7,1,0,0.770353697981158,2.34,0.039697043654081526
S2,75.02,2.1,51.73,50.58,1.33,0.065,1,34.02,0.0332,15.01,1,0,1.0227360571893915,2.66,0.027992531592571104
S2,68.38,2.82,49.93,53.79,1.41,0.0653,0,34.03,0.0608,13.75,1,0,0.928239277144585,1.41,0.04124012266157902
S2,70.43,4.2,52.38,76.91,1.15,0.0482,1,33.97,0.0479,13.17,1,0,0.6810556909302183,2.3,0.05963367036296033
S2,66.23,3.53,50.35,43.11,1.46,0.0413,3,33.9,0.0343,18.79,1,0,1.1679422018227321,5.84,0.053299101117454145
S2,67.86,3.22,65.9,27.09,1.53,0.0824,1,34.62,0.08,12.49,1,0,2.432631069534489,3.06,0.0474506266651007
S2,63.63,3.8,37.65,60.21,1.36,0.0354,3,33.71,0.0427,16.28,1,0,0.6253113062097149,5.44,0.0597202483545107
S2,68.67,2.89,24.71,60.8,1.73,0.0455,2,34.18,0.0263,12.33,1,0,0.40641440683973573,5.1899999999999995,0.04208532953468334
S2,66.61,1.9,63.38,39.91,0.85,0.0464,0,34.18,0.0725,14.79,1,0,1.588072766706899,0.85,0.028524241326491315
S2,67.31,4.37,44.15,58.42,1.67,0.0645,0,34.49,0.0668,15.33,1,0,0.7557342081933912,1.67,0.06492347869209943
S2,71.25,4.17,53.16,43.99,1.58,0.0543,0,34.46,0.0354,15.21,1,0,1.2084561926673805,1.58,0.05852630757525507
S2,71.07,2.11,41.72,44.85,1.56,0.0574,1,34.19,0.0465,17.51,1,0,0.9302116097632976,3.12,0.029689034798222203
S2,68.07,4.54,55.39,71.0,0.97,0.0573,3,34.39,0.0755,16.61,1,0,0.7801407351914457,3.88,0.0666960383875366
S2,69.73,3.81,33.78,43.31,1.03,0.0469,0,33.65,0.0231,19.18,1,0,0.7799582590722098,1.03,0.0546393152675584
S2,75.34,4.97,44.07,66.15,1.14,0.0419,0,33.72,0.0276,10.76,1,0,0.6662130512149581,1.14,0.06596760472954542
S2,64.43,2.86,30.48,44.37,0.73,0.0582,1,34.12,0.057,14.56,1,0,0.6869504875027074,1.46,0.04438925277211659
S2,75.07,2.74,33.08,54.31,1.64,0.0349,5,33.89,0.0945,16.7,1,0,0.6090958186161262,9.84,0.03649926248844246
S2,69.25,2.08,51.4,51.13,1.65,0.0597,2,33.99,0.035,16.55,1,0,1.0052804605357988,4.949999999999999,0.03003609674569
S2,66.77,3.58,55.9,70.05,1.72,0.0383,2,33.79,0.0174,13.62,1,0,0.7980013136329317,5.16,0.053616885784501155
S2,78.05,3.07,45.23,54.06,1.22,0.0404,1,34.32,0.0762,17.33,1,0,0.8366628123080257,2.44,0.03933375537043493
S2,68.67,3.84,46.99,40.41,1.38,0.0744,2,34.38,0.0945,14.79,1,0,1.1628306946719391,4.14,0.05591960740940623
S2,74.91,3.12,35.89,46.45,0.67,0.0137,0,33.88,0.0209,16.31,1,0,0.7726586065320544,0.67,0.041649974415969244
S2,66.08,3.63,36.17,54.46,1.43,0.034,0,34.76,0.0424,18.0,1,0,0.6641570576281569,1.43,0.05493340573041681
S2,71.91,3.91,44.84,57.97,1.74,0.0368,1,34.32,0.0708,16.6,1,0,0.7735034028802135,3.48,0.054373514897300114
S2,73.56,1.77,43.28,69.67,1.58,0.0381,2,33.99,0.0688,14.32,1,0,0.621214206801463,4.74,0.024061986941002318
S2,71.72,3.38,52.49,54.27,1.36,0.0796,3,34.06,0.0453,13.33,1,0,0.9672008536574803,5.44,0.047127712335790245
S2,57.7,4.05,29.72,61.48,1.4,0.0685,3,34.28,0.0501,14.87,1,0,0.4834091601481522,5.6,0.07019062908307987
S2,64.77,4.44,58.62,47.32,1.29,0.0608,2,34.66,0.0565,16.34,1,0,1.2387994000846574,3.87,0.0685502441639271
S2,70.85,3.35,42.2,60.13,1.23,0.0296,1,34.21,0.0722,16.09,1,0,0.7018126223494724,2.46,0.047282985563445935
S2,63.2,1.74,25.46,50.57,1.19,0.0134,1,34.0,0.0731,15.01,1,0,0.5034604501759047,2.38,0.027531641213347908
S2,76.4,3.88,42.1,68.91,1.5,0.0155,1,34.08,0.0563,16.79,1,0,0.6109417194976463,3.0,0.05078533366684113
S2,70.38,2.9,53.61,51.21,1.42,0.0459,1,34.48,0.0517,13.77,1,0,1.0468656420883338,2.84,0.041204881897572904
S2,63.51,3.33,41.82,66.9,1.42,0.0553,0,34.09,0.0434,17.34,1,0,0.6251120141835553,1.42,0.05243267950989143
S2,76.59,2.14,56.44,54.21,1.24,0.0693,1,33.75,0.022,11.77,1,0,1.041136129655759,2.48,0.02794098081459971
S2,75.46,2.88,48.67,52.59,1.35,0.0624,2,34.03,0.038,17.37,1,0,0.9254609383036816,4.050000000000001,0.03816591065916901
S2,67.87,5.48,52.99,51.72,1.81,0.0534,1,33.83,0.0251,16.51,1,0,1.0245550996606536,3.62,0.08074258424302574
S2,70.35,2.41,50.12,46.69,1.29,0.0556,1,34.4,0.0786,17.21,1,0,1.0734630384529795,2.58,0.034257280134004246
S2,73.06,3.22,45.18,35.26,0.92,0.0433,1,33.98,0.0174,14.5,1,0,1.2813382639426363,1.84,0.04407335832557373
S2,61.97,3.46,39.94,45.41,1.1,0.04,0,34.22,0.0465,14.4,1,0,0.8795417574230879,1.1,0.05583345879724725
S2,66.53,2.82,43.99,55.52,1.19,0.0598,2,34.54,0.0997,13.72,1,0,0.7923269466269909,3.57,0.04238688675982462
S2,72.6,3.94,30.58,34.95,0.46,0.0513,2,34.0,0.0461,17.68,1,0,0.8749639842735379,1.3800000000000001,0.05426996497658885
S2,59.45,3.63,38.28,60.61,1.47,0.0146,3,34.64,0.0699,14.36,1,0,0.6315788431646852,5.88,0.06105970377465032
S2,65.59,3.43,47.62,52.55,1.36,0.0353,2,34.14,0.0546,14.65,1,0,0.9061844136661439,4.08,0.05229454912417302
S2,67.51,3.93,46.76,59.47,2.23,0.0737,3,33.93,0.0521,11.65,1,0,0.7862786638172752,8.92,0.058213589362525645
S2,74.01,5.05,40.64,43.94,0.8,0.062,1,34.32,0.0786,14.37,1,0,0.9248973771284986,1.6,0.06823401320983472
S2,74.08,5.13,42.87,59.2,1.06,0.0443,0,34.14,0.0284,16.19,1,0,0.7241552830818777,1.06,0.06924945069526853
S2,73.59,3.6,57.73,68.08,1.3,0.0628,2,34.63,0.0555,17.74,1,0,0.8479728484176191,3.9000000000000004,0.04891968352769622
S2,56.39,4.78,51.88,54.76,1.56,0.0754,2,34.45,0.0337,15.04,1,0,0.947406693315067,4.68,0.08476678759234127
S2,72.25,2.35,43.87,45.72,0.82,0.0769,0,34.82,0.0805,13.68,1,0,0.9595360980892172,0.82,0.03252594705523224
S2,79.56,4.17,42.65,59.79,1.2,0.0524,1,34.22,0.0366,14.15,1,0,0.7133298689864744,2.4,0.052413266413616585
S2,74.39,3.08,65.04,61.76,1.09,0.0477,3,34.01,0.0384,14.25,1,0,1.0531086377738605,4.36,0.04140340887170199
S2,66.27,3.14,45.17,54.48,1.5,0.0733,2,33.48,0.0475,16.31,1,0,0.8291114484009824,4.5,0.047381915288680354
S2,70.25,3.03,45.22,71.45,1.38,0.0823,0,34.39,0.0161,14.52,1,0,0.6328900443820791,1.38,0.043131666458125766
S2,71.38,3.33,35.85,45.66,1.17,0.047,2,34.57,0.0413,16.97,1,0,0.7851509449954128,3.51,0.046651716636072205
S2,78.43,5.81,67.6,51.23,1.46,0.0694,0,34.03,0.0438,16.52,1,0,1.319539074850854,1.46,0.07407878693372599
S2,66.2,4.99,69.36,49.52,0.98,0.0676,2,34.46,0.0637,15.54,1,0,1.400645920709628,2.94,0.07537763211818245
S2,67.42,2.75,50.34,68.77,1.16,0.0754,2,34.12,0.081,13.31,1,0,0.7320051283982655,3.4799999999999995,0.04078907730805735
S2,72.04,1.32,36.66,53.7,1.42,0.0506,4,34.16,0.0455,14.05,1,0,0.6826814371170506,7.1,0.01832315125997345
S2,73.21,2.05,35.93,69.16,1.08,0.0245,1,34.3,0.0583,15.18,1,0,0.5195198786119319,2.16,0.028001635295501256
S2,61.75,4.42,43.48,62.71,0.98,0.0466,1,33.81,0.0585,15.0,1,0,0.6933502322834902,1.96,0.07157893577669056
S2,70.74,2.72,45.62,56.84,0.9,0.0834,1,34.1,0.0242,15.27,1,0,0.8026036589367241,1.8,0.0384506589693725
S2,77.04,2.99,38.47,52.17,1.91,0.0411,5,34.33,0.0216,14.17,1,0,0.7373968300945313,11.459999999999999,0.03881100223117832
S2,58.83,2.48,47.72,49.17,1.08,0.0323,1,34.56,0.0717,16.01,1,0,0.9705102764876394,2.16,0.04215535574445763
S2,62.55,2.05,35.92,38.3,1.16,0.0284,3,33.63,0.0725,10.21,1,0,0.9378587629611586,4.64,0.03277377573560739
S2,57.91,3.26,42.24,46.39,1.26,0.0581,2,34.7,0.034,16.83,1,0,0.9105408686051156,3.7800000000000002,0.056294239976819205
S2,68.7,3.25,61.08,54.25,1.15,0.0513,1,34.2,0.055,14.58,1,0,1.1258984099726432,2.3,0.047307125573926405
S2,59.27,3.37,76.68,54.04,1.22,0.0546,0,34.43,0.0494,12.51,1,0,1.4189486641471754,1.22,0.056858434813829115
S2,67.45,4.78,49.15,58.85,1.68,0.0995,2,33.86,0.0355,16.63,1,0,0.8351740297070467,5.04,0.07086729861122333
S2,66.5,3.29,42.27,68.54,1.09,0.0655,4,33.92,0.051,12.37,1,0,0.6167200734286441,5.45,0.04947367677087567
S2,64.42,3.31,38.41,55.46,0.73,0.0535,1,34.43,0.053,17.29,1,0,0.6925710976251175,1.46,0.05138155054617346
S2,73.65,3.71,48.93,66.3,1.26,0.0279,0,34.41,0.0224,15.79,1,0,0.7380089384601902,1.26,0.050373380804700496
S2,74.0,4.79,34.79,72.02,0.96,0.0166,2,33.78,0.0361,11.96,1,0,0.4830601939655382,2.88,0.06472972098247014
S2,66.04,0.08,43.12,35.7,1.53,0.0489,1,34.25,0.023,13.23,1,0,1.2078427989235854,3.06,0.0012113868547263997
S2,74.47,3.89,55.68,35.12,0.75,0.0499,2,34.24,0.0412,15.93,1,0,1.5854209608710248,2.25,0.052235792636525766
S2,71.4,2.68,33.24,63.64,0.86,0.0185,0,33.92,0.0485,18.6,1,0,0.5223129286120477,0.86,0.03753500874859821
S2,72.37,4.32,44.2,44.3,1.43,0.0226,1,34.06,0.0877,10.46,1,0,0.9977424384328581,2.86,0.05969323480817537
S2,67.07,3.98,47.08,55.67,1.25,0.0228,1,34.83,0.05,14.93,1,0,0.845697710490801,2.5,0.05934097818085908
S2,64.87,2.5,49.53,62.67,0.81,0.0682,1,34.28,0.0708,15.96,1,0,0.7903301754698938,1.62,0.038538609752025624
S2,76.16,3.76,43.84,70.21,0.71,0.0902,1,34.27,0.0327,16.19,1,0,0.624412387920184,1.42,0.049369741416788154
S2,65.82,3.11,62.63,46.75,1.58,0.0584,1,33.73,0.0434,14.47,1,0,1.3396788578227041,3.16,0.04725006878607281
S2,65.82,3.46,47.19,38.87,1.91,0.0421,2,34.17,0.0394,19.2,1,0,1.2140465104073808,5.7299999999999995,0.05256760064302634
S2,65.23,3.86,39.34,46.06,1.34,0.0753,1,33.3,0.044,11.71,1,0,0.8541031580323147,2.68,0.059175217051170154
S2,72.42,3.04,58.15,33.26,1.0,0.0962,1,34.27,0.0566,18.05,1,0,1.7483458363361886,2.0,0.04197734852563539
S2,65.63,3.88,50.1,53.52,1.49,0.0177,0,34.5,0.0075,18.01,1,0,0.9360984798022272,1.49,0.05911929618782627
S2,69.42,2.36,40.19,61.08,1.14,0.07,1,34.23,0.0611,14.58,1,0,0.657989414212604,2.28,0.03399596168309396
S2,71.28,3.42,60.87,54.35,1.2,0.0586,1,34.14,0.0853,11.52,1,0,1.1199629954069925,2.4,0.04797979124862636
S2,68.17,2.95,55.12,52.5,1.13,0.043,1,34.1,0.0397,15.31,1,0,1.0499045619229406,2.26,0.043274161174393255
S2,69.06,1.37,57.15,55.21,1.08,0.0722,1,34.38,0.0557,18.57,1,0,1.0351383743636344,2.16,0.01983781931106005
S2,60.73,4.41,49.61,69.54,0.98,0.0229,1,34.19,0.055,13.06,1,0,0.7134022557661408,1.96,0.07261648730174752
S2,77.63,6.53,24.84,26.68,5.28,0.1768,4,32.33,0.1253,24.91,2,1,0.9310341337953022,26.400000000000002,0.08411695425519075
S2,84.22,5.16,11.0,18.94,5.03,0.1953,10,33.15,0.1214,21.63,2,1,0.5807811083521075,55.330000000000005,0.061268100063156014
S2,89.3,7.75,18.44,33.35,4.47,0.2817,6,33.52,0.0961,17.6,2,1,0.5529233724367698,31.29,0.08678610450323578
S2,82.19,8.42,29.52,41.36,6.8,0.3422,4,33.4,0.0925,21.06,2,1,0.7137329028692208,34.0,0.10244554052250389
S2,75.43,8.71,28.85,30.34,4.88,0.426,8,32.57,0.0767,18.12,2,1,0.9508896008933418,43.92,0.11547128258368254
S2,91.06,8.95,29.97,30.23,3.94,0.2793,8,33.67,0.0684,21.6,2,1,0.9913989442940971,35.46,0.09828683304559267
S2,90.22,8.71,21.06,21.08,5.08,0.2051,2,33.61,0.0856,21.47,2,1,0.9990507594635867,15.24,0.09654177604280914
S2,91.18,11.68,20.93,39.2,5.9,0.1222,4,33.52,0.0861,21.38,2,1,0.5339284352223379,29.5,0.12809825311490972
S2,92.64,7.02,11.76,27.64,4.19,0.1175,5,32.99,0.1209,22.17,2,1,0.4254701789181697,25.14,0.07577719389278995
S2,82.3,6.54,27.83,11.09,5.7,0.4709,5,33.48,0.1123,18.07,2,1,2.509465726360932,34.2,0.07946536093981034
S2,87.7,9.52,24.71,31.73,5.38,0.143,5,32.46,0.0421,23.96,2,1,0.7787580274951064,32.28,0.1085518690362749
S2,81.11,7.92,22.22,18.22,2.48,0.0379,6,33.59,0.0549,17.66,2,1,1.2195382988264003,17.36,0.09764516118294153
S2,88.87,8.6,28.9,14.16,5.36,0.4259,3,33.2,0.0646,15.16,2,1,2.0409590106221676,21.44,0.09677055285579465
S2,101.0,5.28,29.25,13.55,5.5,0.2363,6,32.79,0.0752,24.29,2,1,2.158669993601481,38.5,0.05227722254680965
S2,88.18,7.74,13.55,15.17,5.18,0.5225,5,33.64,0.0605,19.07,2,1,0.8932096946541236,31.08,0.08777499571614926
S2,87.87,9.17,18.87,38.51,3.09,0.3285,3,34.48,0.1125,25.39,2,1,0.4900024694878033,12.36,0.1043586998567543
S2,79.26,10.8,19.92,32.57,5.38,0.3512,5,33.47,0.1078,20.51,2,1,0.6116055844011101,32.28,0.13626039158965536
S2,91.76,6.08,30.03,32.53,4.19,0.416,3,33.59,0.1375,22.74,2,1,0.9231475797271503,16.76,0.06625980097430241
S2,82.64,5.41,31.29,22.39,6.22,0.1585,1,33.36,0.077,24.45,2,1,1.3974982592683076,12.44,0.06546465809962995
S2,86.51,5.85,19.96,33.12,8.01,0.0406,5,33.16,0.0059,22.27,2,1,0.6026568228693168,48.06,0.06762223238674922
S2,90.09,5.6,29.45,29.74,3.92,0.4274,6,33.16,0.1715,17.22,2,1,0.990248490165269,27.439999999999998,0.062160055260289115
S2,86.02,7.0,31.56,18.2,4.29,0.2852,8,33.85,0.0581,18.41,2,1,1.7340649812829774,38.61,0.08137641462724778
S2,83.87,8.62,31.38,33.47,4.82,0.205,7,33.81,0.0495,18.99,2,1,0.9375557401984641,38.56,0.10277809672372756
S2,92.66,7.96,17.5,26.83,4.38,0.4245,6,33.85,0.0899,27.69,2,1,0.6522546953951938,30.66,0.0859054515534803
S2,81.41,3.02,21.81,29.26,5.77,0.0227,5,33.02,0.0922,14.1,2,1,0.745385938008907,34.62,0.03709617527377776
S2,84.39,6.98,25.28,23.83,5.8,0.5056,4,33.56,0.0073,20.57,2,1,1.0608472258299515,29.0,0.08271121190766538
S2,75.72,5.39,29.26,31.06,3.67,0.3396,1,33.46,0.1664,19.01,2,1,0.9420473464110283,7.34,0.07118329751937433
S2,94.11,6.53,27.42,35.24,5.76,0.2899,8,34.25,0.0661,21.42,2,1,0.7780928552517437,51.839999999999996,0.06938688031166929
S2,88.14,7.62,13.5,25.44,5.01,0.0716,8,33.2,0.0737,19.64,2,1,0.5306601687656569,45.089999999999996,0.08645335983056956
S2,82.88,3.65,13.49,40.74,6.27,0.4396,4,33.81,0.153,23.98,2,1,0.33112412098082444,31.349999999999998,0.04403956997592061
S2,88.56,7.09,16.95,35.04,5.8,0.2922,8,33.71,0.0683,23.57,2,1,0.48373273866074806,52.199999999999996,0.08005870821378633
S2,88.75,9.91,19.37,26.69,4.44,0.2169,5,33.83,0.0821,21.37,2,1,0.7257397056052058,26.64,0.11166195924935671
S2,81.11,5.38,23.81,27.65,7.13,0.4433,7,32.89,0.0119,24.23,2,1,0.8611208458875783,57.04,0.06632966757124059
S2,84.74,2.6,7.79,28.95,5.81,0.281,5,33.24,0.0513,24.35,2,1,0.26908453572209473,34.86,0.030682082761141993
S2,82.17,5.39,8.83,20.44,4.39,0.4495,7,33.13,0.1029,23.25,2,1,0.4319958747573998,35.12,0.06559570821519918
S2,83.72,6.76,15.89,41.1,6.12,0.4588,9,33.55,0.1121,20.86,2,1,0.38661791079856184,61.2,0.08074533197021834
S2,82.56,8.42,26.74,29.18,6.0,0.1502,6,33.11,0.0483,21.08,2,1,0.9163807688893869,42.0,0.10198642175552061
S2,88.61,8.74,27.11,23.74,4.78,0.2243,4,34.02,0.0793,25.88,2,1,1.1419540261356251,23.900000000000002,0.09863445450463215
S2,75.2,3.69,36.21,36.76,6.48,0.3707,7,33.43,0.0649,25.97,2,1,0.9850378169102783,51.84,0.04906914241101829
S2,85.84,8.06,22.09,20.87,5.61,0.403,11,33.48,0.2158,20.66,2,1,1.058456608310202,67.32000000000001,0.09389560881924408
S2,81.9,5.7,23.16,21.19,4.55,0.2317,3,33.42,0.0746,26.98,2,1,1.0929678655177604,18.2,0.06959706109925994
S2,104.74,0.23,18.22,31.95,5.23,0.287,4,33.19,0.1091,22.0,2,1,0.570265862201608,26.150000000000002,0.0021959134813907314
S2,75.82,6.53,13.63,30.77,4.91,0.2198,3,33.52,0.1181,26.11,2,1,0.44296378194222236,19.64,0.08612502161368747
S2,88.07,4.02,26.16,39.62,5.56,0.1355,4,33.47,0.0083,20.01,2,1,0.6602724229499185,27.799999999999997,0.04564550407113613
S2,79.75,5.17,22.58,22.9,4.48,0.2062,4,33.02,0.0885,20.7,2,1,0.9860257702944235,22.400000000000002,0.06482757807804664
S2,85.18,5.23,24.37,31.59,3.93,0.3916,5,33.14,0.0767,20.53,2,1,0.7714464161296563,23.580000000000002,0.06139938231986589
S2,82.75,8.77,16.99,22.85,3.51,0.4588,3,33.86,0.1397,21.83,2,1,0.7435445323656312,14.04,0.1059818603043069
S2,83.03,3.88,15.95,19.94,4.73,0.2652,5,33.27,0.0614,25.4,2,1,0.7998992979441835,28.380000000000003,0.04673009192700326
S2,80.8,8.83,23.92,33.18,4.23,0.2107,7,34.28,0.1925,16.54,2,1,0.7209159973128398,33.84,0.1092821646928014
S2,99.47,5.58,25.15,26.31,3.3,0.1698,3,34.08,0.1121,26.06,2,1,0.9559099369403509,13.2,0.056097310133979075
S2,85.34,10.19,22.84,23.39,5.55,0.2511,6,33.27,0.0787,19.11,2,1,0.9764852601602136,38.85,0.1194047200135083
S2,82.66,5.43,21.18,28.03,6.63,0.3013,4,33.74,0.1234,21.41,2,1,0.7556187100896503,33.15,0.06569077356753283
S2,89.84,8.07,15.98,25.03,7.44,0.1216,3,33.74,0.1331,25.16,2,1,0.6384336242774173,29.76,0.08982634797124354
S2,86.53,6.77,18.89,29.61,6.04,0.0933,2,33.91,0.0921,19.87,2,1,0.6379599331442306,18.12,0.07823875208150327
S2,91.72,6.76,21.25,31.55,6.52,0.1161,5,32.88,0.0908,26.62,2,1,0.673533859418745,39.12,0.07370256501280363
S2,95.18,6.08,21.5,24.39,4.54,0.354,10,33.28,0.1035,25.67,2,1,0.8815084536660707,49.94,0.06387895945797861
S2,86.12,4.46,22.42,13.71,7.01,0.3672,8,33.36,0.1585,20.64,2,1,1.6353015059799374,63.089999999999996,0.05178819649463579
S2,84.01,5.47,22.05,20.99,4.53,0.1618,5,33.35,0.1441,18.15,2,1,1.0504997377323786,27.18,0.06511128852383186
S2,87.56,6.42,13.96,29.77,4.74,0.207,5,33.5,0.1169,16.57,2,1,0.4689282939441405,28.44,0.0733211428367813
S2,81.94,4.66,17.62,22.62,4.16,0.0509,4,33.75,0.0164,17.04,2,1,0.7789563311422055,20.8,0.05687087419198509
S2,85.47,8.11,25.34,32.53,5.42,0.1913,7,33.88,0.0463,23.14,2,1,0.7789730159935394,43.36,0.09488708378529498
S2,74.32,3.33,26.42,40.26,5.73,0.3429,2,33.89,0.0967,25.93,2,1,0.6562343129075229,17.19,0.044806237243509524
S2,89.02,7.61,23.06,38.15,4.1,0.1881,4,33.89,0.1152,23.23,2,1,0.6044559359224283,20.5,0.08548639794581017
S2,91.55,3.97,34.85,35.0,5.77,0.2303,6,33.8,0.031,15.0,2,1,0.995714001224571,40.39,0.04336427707653992
S2,89.69,6.05,22.01,14.68,6.04,0.2796,6,33.07,0.0493,15.59,2,1,1.4993177797562809,42.28,0.06745455820553482
S2,97.27,5.48,27.28,30.69,3.34,0.2956,4,33.49,0.0454,22.39,2,1,0.888888599254285,16.7,0.05633802237709239
S2,97.88,2.56,12.13,27.13,7.3,0.3042,5,33.01,0.0551,18.29,2,1,0.4471063593415558,43.8,0.026154472195088662
S2,103.6,6.73,19.57,18.55,4.75,0.1684,5,33.41,0.0963,22.9,2,1,1.0549859541854694,28.5,0.06496138369098614
S2,79.2,6.67,32.36,37.34,6.32,0.3645,6,33.37,0.0849,26.67,2,1,0.8666307266655792,44.24,0.08421716108369177
S2,80.14,5.39,23.23,19.46,6.04,0.2418,6,33.51,0.0577,22.1,2,1,1.1937301162743492,42.28,0.06725729133300581
S2,82.03,7.84,17.36,16.85,5.18,0.5067,4,33.47,0.1275,26.18,2,1,1.0302664508804444,25.9,0.0955747780598832
S2,99.19,5.95,36.74,21.66,7.14,0.3437,6,33.43,0.0819,15.62,2,1,1.6962134366512298,49.98,0.05998587962638576
S2,89.37,8.92,21.97,34.0,4.38,0.3476,0,33.75,0.048,17.11,2,1,0.646176280536388,4.38,0.0998097683999364
S2,81.56,3.61,32.94,26.72,3.92,0.1271,9,33.31,0.0904,22.15,2,1,1.2327839697664784,39.2,0.04426188765793432
S2,103.3,8.35,35.2,23.19,3.99,0.2955,8,33.53,0.0531,21.4,2,1,1.5178949901272143,35.910000000000004,0.08083251879646478
S2,87.91,9.3,13.35,44.8,5.26,0.4703,9,33.6,0.1316,18.1,2,1,0.2979910049127221,52.599999999999994,0.10579000047889883
S2,80.2,4.86,30.4,27.8,4.12,0.0277,6,33.67,0.0785,20.99,2,1,1.0935247865018753,28.84,0.06059849618472616
S2,92.74,3.63,24.79,21.41,6.86,0.3821,5,33.82,0.072,19.38,2,1,1.1578696133257294,41.160000000000004,0.03914168221461266
S2,98.46,8.63,31.07,43.68,2.5,0.2564,5,33.89,0.0564,22.0,2,1,0.7113093609639741,15.0,0.08764979812616311
S2,73.97,6.38,20.36,18.63,7.87,0.2895,10,34.59,0.0454,23.88,2,1,1.0928603903057488,86.57000000000001,0.08625117125170052
S2,70.14,1.77,29.72,43.35,2.54,0.0901,3,33.94,0.0469,20.45,3,0,0.6855823101309549,10.16,0.02523524020027941
S2,68.4,6.0,36.64,44.02,2.3,0.0467,4,34.75,0.0825,15.23,3,0,0.8323487432192768,11.5,0.08771928542115709
S2,76.81,4.5,43.86,50.6,2.28,0.1069,2,34.9,0.035,16.94,3,0,0.8667982476683304,6.84,0.05858611397134306
S2,71.48,4.34,39.44,57.91,2.45,0.1023,2,34.6,0.0623,17.25,3,0,0.6810566946888802,7.3500000000000005,0.06071627578115895
S2,76.69,3.42,45.43,34.93,1.82,0.0972,3,34.38,0.0624,17.31,3,0,1.3006008300598826,7.28,0.04459511740838213
S2,71.81,2.55,34.44,26.26,1.9,0.0446,2,34.6,0.0599,21.16,3,0,1.3114998813785674,5.699999999999999,0.03551036965459272
S2,75.07,2.57,38.23,42.72,1.31,0.0993,4,34.57,0.0276,17.08,3,0,0.8948967942657315,6.550000000000001,0.034234709706312816
S2,78.58,3.04,44.32,50.76,2.56,0.059,1,33.88,0.0694,16.15,3,0,0.873128275585446,5.12,0.0386866838016437
S2,70.99,0.77,27.16,45.28,1.32,0.0946,4,34.13,0.0696,15.66,3,0,0.5998231890849847,6.6000000000000005,0.010846596584505342
S2,69.19,5.12,34.29,30.65,4.14,0.0701,2,34.07,0.0556,14.55,3,0,1.1187598307472004,12.419999999999998,0.07399912212760194
S2,75.27,4.17,35.8,38.0,2.05,0.0582,2,34.52,0.078,15.44,3,0,0.9421050152355221,6.1499999999999995,0.05540055063098836
S2,79.32,4.98,32.27,39.29,1.44,0.127,5,34.28,0.0568,11.24,3,0,0.821328373293873,8.64,0.06278365320427974
S2,61.48,2.19,40.65,63.83,2.29,0.0853,3,33.92,0.0412,16.9,3,0,0.6368477774012569,9.16,0.03562133447928847
S2,69.02,3.04,26.46,41.56,2.09,0.1008,2,34.38,0.0439,15.66,3,0,0.6366697216867849,6.27,0.044045197907099695
S2,77.59,6.84,40.54,47.75,2.55,0.1027,3,33.89,0.0187,19.12,3,0,0.8490050577999878,10.2,0.0881556788045265
S2,73.42,3.84,42.71,41.52,1.88,0.1118,3,34.26,0.0485,15.79,3,0,1.0286606385692103,7.52,0.05230181799212503
S2,73.39,5.27,41.94,36.71,1.73,0.2149,1,33.97,0.0838,14.54,3,0,1.142467681158354,3.46,0.07180813846462208
S2,77.97,6.38,44.85,64.05,2.11,0.1577,2,34.71,0.0292,16.62,3,0,0.7002340827113064,6.33,0.08182633297084353
S2,82.84,4.08,32.18,48.87,2.1,0.1337,3,34.05,0.1029,15.4,3,0,0.658481551364528,8.4,0.04925156334481369
S2,76.78,4.5,41.59,45.39,2.46,0.0286,6,34.3,0.064,14.97,3,0,0.9162809173207938,17.22,0.05860900513037182
S2,72.4,3.24,33.93,54.52,3.15,0.0615,0,33.92,0.0682,19.31,3,0,0.6223403113829216,3.15,0.044751375034340464
S2,70.47,3.73,45.96,31.6,2.15,0.0436,1,34.16,0.0579,17.38,3,0,1.4544299194842027,4.3,0.052930317449933664
S2,77.46,3.72,40.26,54.73,2.76,0.0626,2,34.45,0.0616,12.24,3,0,0.7356110477597209,8.28,0.04802478078688604
S2,76.11,5.57,41.18,50.17,2.14,0.1391,4,34.19,0.0852,15.91,3,0,0.8208090849493551,10.700000000000001,0.07318354050932328
S2,71.97,4.15,35.63,43.15,2.76,0.1936,1,34.1,0.0401,12.47,3,0,0.8257240264834238,5.52,0.0576629070914399
S2,68.8,4.32,38.76,47.93,2.06,0.0868,1,34.46,0.0778,17.44,3,0,0.808679155293312,4.12,0.06279068854786504
S2,62.92,6.36,37.52,52.0,2.74,0.083,3,34.23,0.0607,19.43,3,0,0.7215383227810918,10.96,0.10108072137941491
S2,75.83,3.04,50.4,29.32,1.83,0.1045,3,34.31,0.0452,20.43,3,0,1.7189625787985747,7.32,0.040089668984614406
S2,68.93,4.19,44.82,54.64,2.37,0.1169,3,33.84,0.0216,15.45,3,0,0.820278034356143,9.48,0.060786296128493233
S2,77.4,4.5,38.38,46.57,2.16,0.154,0,34.41,0.0716,16.09,3,0,0.8241355327173002,2.16,0.05813952737215408
S2,76.81,2.17,24.46,51.99,2.87,0.0967,1,34.18,0.1,16.06,3,0,0.4704750008703595,5.74,0.028251526070625428
S2,70.62,5.31,37.04,37.93,1.9,0.1214,3,34.54,0.069,13.06,3,0,0.9765354662442746,7.6,0.07519115332892191
S2,84.42,1.57,42.84,61.31,1.91,0.0629,4,33.57,0.0672,19.66,3,0,0.698743973455558,9.549999999999999,0.018597486543770844
S2,77.7,4.81,55.7,57.47,2.66,0.114,3,34.51,0.0929,17.63,3,0,0.9692011537843825,10.64,0.0619047539376121
S2,78.55,0.03,47.37,40.54,2.48,0.1171,2,33.92,0.0448,16.65,3,0,1.1684752914466472,7.4399999999999995,0.00038192229383548137
S2,81.8,3.47,25.66,52.81,2.94,0.0861,2,34.29,0.0783,17.98,3,0,0.48589273132120214,8.82,0.042420532711426324
S2,78.46,6.59,39.53,59.72,2.5,0.1608,2,34.33,0.0694,24.17,3,0,0.6619221932481257,7.5,0.08399183227226201
S2,83.14,6.8,35.82,24.41,2.99,0.1284,3,33.56,0.0488,19.91,3,0,1.4674307794220487,11.96,0.08178974238757007
S2,65.15,5.68,45.47,47.19,2.27,0.0934,2,34.24,0.0753,12.7,3,0,0.9635513957297317,6.8100000000000005,0.08718340948834849
S2,76.46,4.98,48.65,57.67,2.28,0.1186,2,34.17,0.004,13.37,3,0,0.8435927096249852,6.84,0.06513208669473101
S3,71.65,3.92,40.85,57.47,1.52,0.0231,2,33.68,0.0187,15.64,1,0,0.7108055140411494,4.5600000000000005,0.05471039013113884
S3,76.59,2.93,52.55,59.44,0.91,0.0581,4,33.29,0.0697,15.12,1,0,0.884084642650632,4.55,0.03825564195643792
S3,67.03,3.76,40.87,51.24,1.88,0.0634,2,33.73,0.0563,17.59,1,0,0.7976188919557197,5.64,0.05609427777200092
S3,74.81,2.12,36.92,72.3,1.59,0.0714,1,33.32,0.0558,17.23,1,0,0.5106499985269711,3.18,0.02833845363742098
S3,72.35,5.23,49.14,58.51,1.45,0.085,0,33.39,0.0774,20.52,1,0,0.8398562912568294,1.45,0.07228748137007861
S3,77.48,2.19,41.19,64.17,1.2,0.0586,3,33.32,0.0253,19.0,1,0,0.6418886330234325,4.8,0.02826535515418751
S3,67.85,3.07,41.36,61.02,1.72,0.0146,1,33.27,0.0333,18.0,1,0,0.6778104428367022,3.44,0.04524686142271755
S3,76.33,3.67,41.27,51.92,1.25,0.0552,2,33.66,0.0454,16.91,1,0,0.7948765803396417,3.75,0.048080695915014286
S3,68.7,3.65,32.83,53.39,1.7,0.0451,1,33.33,0.0657,16.06,1,0,0.6149090438454684,3.4,0.053129541029178884
S3,73.9,4.69,37.81,59.57,1.63,0.0364,4,33.08,0.0371,15.1,1,0,0.6347153542529202,8.149999999999999,0.06346413214287792
S3,73.83,2.35,52.56,55.92,1.43,0.033,0,33.42,0.0878,17.15,1,0,0.9399139950082269,1.43,0.03182987514155829
S3,79.54,2.27,48.35,47.26,1.5,0.0673,1,33.47,0.0192,19.56,1,0,1.0230636853441208,3.0,0.028539096235969792
S3,72.35,3.63,48.4,55.5,2.06,0.0754,0,33.28,0.0171,16.62,1,0,0.8720719149419972,2.06,0.050172764316134856
S3,67.71,1.57,39.34,57.73,1.54,0.0577,3,33.32,0.0278,17.17,1,0,0.6814480025206995,6.16,0.023187118123302597
S3,67.68,2.76,48.03,53.63,1.9,0.0424,2,33.55,0.0553,20.15,1,0,0.895580664631612,5.699999999999999,0.040780135818537844
S3,61.18,2.7,50.94,68.97,0.96,0.0639,1,33.71,0.0456,12.73,1,0,0.7385818850830962,1.92,0.04413206209021542
S3,73.41,3.45,42.63,61.94,1.07,0.0428,3,33.13,0.0751,18.04,1,0,0.6882465792304522,4.28,0.0469963156250762
S3,75.99,4.01,42.73,36.79,1.42,0.0101,2,33.24,0.0695,14.13,1,0,1.1614566019416683,4.26,0.05277009438477505
S3,75.6,3.72,49.48,51.91,1.69,0.0917,3,33.11,0.0354,17.17,1,0,0.9531880267408925,6.76,0.04920634269757372
S3,76.51,1.84,46.87,69.89,0.95,0.0411,2,33.79,0.013,19.05,1,0,0.6706251723243422,2.8499999999999996,0.024049140759490162
S3,68.24,2.5,41.4,61.58,1.41,0.0475,2,33.49,0.0318,17.95,1,0,0.6722960908905341,4.2299999999999995,0.03663539908625453
S3,75.6,2.39,54.54,43.06,1.08,0.0481,2,33.52,0.0507,17.83,1,0,1.2666044434267432,3.24,0.031613752432043334
S3,78.36,3.5,34.85,63.88,1.56,0.0904,4,33.89,0.0663,17.0,1,0,0.5455540786546527,7.800000000000001,0.044665640037565076
S3,69.85,4.45,32.57,51.03,1.2,0.0655,1,33.37,0.0646,20.23,1,0,0.6382518835485237,2.4,0.0637079364770313
S3,68.2,2.39,49.25,57.58,1.84,0.0352,4,33.37,0.0456,16.14,1,0,0.8553315638534971,9.200000000000001,0.03504398313138077
S3,71.7,3.85,56.41,52.29,1.74,0.0357,0,33.26,0.0312,18.91,1,0,1.078791149590524,1.74,0.05369594788062093
S3,84.13,4.1,53.08,65.36,1.3,0.0627,1,33.06,0.0477,16.43,1,0,0.8121173788070105,2.6,0.04873409619230997
S3,74.22,1.83,38.55,57.87,1.56,0.0697,0,33.28,0.052,15.37,1,0,0.6661481482377487,1.56,0.02465642351705423
S3,74.51,2.43,48.55,59.18,1.07,0.0279,2,33.49,0.0508,15.85,1,0,0.8203783676278527,3.21,0.03261306769385751
S3,69.92,3.75,45.58,38.47,1.5,0.0363,1,32.95,0.0828,17.36,1,0,1.1848190317600644,3.0,0.05363271544154527
S3,78.92,1.86,47.91,35.81,1.39,0.0572,1,33.35,0.0178,19.34,1,0,1.3378940692839791,2.78,0.023568167312700544
S3,78.5,2.91,49.74,64.42,1.53,0.0363,1,33.25,0.0776,15.11,1,0,0.7721203396273921,3.06,0.03707005897196701
S3,69.98,3.3,38.57,42.5,1.91,0.0445,1,33.71,0.0566,16.44,1,0,0.9075291982284239,3.82,0.047156323641565634
S3,75.91,4.09,50.64,47.44,1.56,0.0563,1,33.63,0.057,17.5,1,0,1.0674534006211214,3.12,0.05387958715853153
S3,76.03,2.19,58.59,70.75,1.65,0.0715,2,33.22,0.0222,21.0,1,0,0.8281270914307998,4.949999999999999,0.028804415519608637
S3,78.49,4.29,50.91,63.33,1.73,0.0982,1,33.32,0.0501,16.84,1,0,0.8038842880334299,3.46,0.054656637194975516
S3,76.36,4.45,33.07,54.61,1.71,0.0382,2,33.1,0.0318,16.37,1,0,0.6055666351278822,5.13,0.0582765769674467
S3,75.17,2.49,56.41,71.88,1.31,0.0177,4,33.66,0.053,19.99,1,0,0.7847800800250305,6.550000000000001,0.03312491244846183
S3,84.3,3.92,47.58,53.46,1.44,0.0284,3,33.63,0.039,16.41,1,0,0.8900110568628774,5.76,0.04650058760372626
S3,67.56,0.35,42.93,43.78,1.14,0.0581,2,33.44,0.0561,19.57,1,0,0.9805845179112567,3.42,0.005180579458173555
S3,74.15,1.85,44.78,63.67,2.11,0.0381,2,33.39,0.0452,16.05,1,0,0.7033138521573972,6.33,0.024949423472768243
S3,76.33,2.77,56.75,50.82,1.33,0.0492,0,33.51,0.0653,19.3,1,0,1.1166861242254773,1.33,0.036289789559833675
S3,68.67,1.81,57.8,50.76,1.38,0.0835,0,33.23,0.038,18.03,1,0,1.1386916590441962,1.38,0.02635793995078783
S3,82.05,4.28,51.49,58.19,1.39,0.0675,0,33.29,0.0586,19.14,1,0,0.8848597895068243,1.39,0.052163308694295106
S3,76.33,2.41,58.71,51.84,1.46,0.0409,3,33.02,0.0474,15.41,1,0,1.1325229296830768,5.84,0.03157342701776143
S3,62.47,2.74,62.95,71.07,1.54,0.0146,0,32.98,0.0639,18.6,1,0,0.8857463225346388,1.54,0.04386104628444913
S3,74.44,4.41,41.45,32.78,1.13,0.0727,1,33.86,0.0528,19.28,1,0,1.2644901572635272,2.26,0.05924233486803669
S3,72.57,4.69,40.24,54.1,1.13,0.0313,0,33.44,0.0366,16.95,1,0,0.7438076259135626,1.13,0.06462724753655126
S3,74.75,2.56,59.65,49.25,1.31,0.0744,1,33.42,0.0607,17.24,1,0,1.2111672667680675,2.62,0.03424748705719237
S3,69.34,3.25,51.76,55.83,1.84,0.0397,2,33.48,0.0712,15.0,1,0,0.9270999593229519,5.5200000000000005,0.04687048646228923
S3,68.73,2.19,46.29,87.96,1.48,0.0339,0,33.17,0.0141,15.55,1,0,0.5262618774145206,1.48,0.03186381029189432
S3,74.93,3.82,37.72,58.27,1.06,0.0465,2,33.2,0.0304,14.84,1,0,0.64733127727282,3.18,0.05098090871734835
S3,73.28,4.48,31.88,38.37,1.42,0.0943,3,33.47,0.0374,18.34,1,0,0.8308572241706478,5.68,0.061135362836331496
S3,78.96,1.64,64.36,57.01,1.78,0.0449,0,33.34,0.0223,15.33,1,0,1.1289245520216538,1.78,0.020770007501265515
S3,65.54,4.98,54.5,52.71,1.12,0.0431,0,33.23,0.0647,16.09,1,0,1.0339592043332946,1.12,0.07598412023434234
S3,75.0,2.98,52.34,40.96,1.06,0.0488,1,33.49,0.049,17.35,1,0,1.2778317192793653,2.12,0.03973332803555626
S3,78.31,3.81,58.42,53.62,1.52,0.0649,1,33.56,0.0352,14.82,1,0,1.089518633062545,3.04,0.048652783979979054
S3,68.54,4.33,45.74,63.37,0.96,0.0475,2,33.09,0.04,21.9,1,0,0.7217925324613331,2.88,0.06317477922749062
S3,76.59,2.3,44.89,43.47,2.39,0.0634,1,34.2,0.038,17.09,1,0,1.032665969020941,4.78,0.03003002610914922
S3,73.41,2.46,42.85,53.71,1.55,0.0566,1,33.38,0.0516,15.48,1,0,0.7978028676591198,3.1,0.03351041635874998
S3,72.01,4.64,42.37,61.55,1.41,0.0625,4,33.48,0.01,17.92,1,0,0.6883833162659112,7.05,0.06443548612199886
S3,69.29,2.48,42.92,53.41,0.72,0.1024,0,33.28,0.0223,16.77,1,0,0.8035946819706643,0.72,0.035791595354077735
S3,72.17,2.29,44.47,57.39,0.94,0.0688,2,32.9,0.0605,16.77,1,0,0.7748735363524069,2.82,0.03173063160168607
S3,79.03,1.6,33.34,55.1,1.09,0.0481,3,33.91,0.0625,18.38,1,0,0.605081559876305,4.36,0.020245473839621178
S3,71.08,2.93,55.13,44.96,2.08,0.0494,1,33.62,0.0584,20.6,1,0,1.226200794884165,4.16,0.041221153457913134
S3,73.81,3.16,47.06,49.36,1.11,0.0636,1,33.3,0.0674,19.31,1,0,0.9534033724871611,2.22,0.04281262121492735
S3,78.32,3.23,55.93,42.46,1.84,0.0128,1,33.41,0.0309,18.61,1,0,1.3172394448329143,3.68,0.041241057042765955
S3,69.58,4.76,52.41,56.9,1.48,0.0465,1,33.19,0.0556,17.93,1,0,0.9210894690528173,2.96,0.06841045294474662
S3,72.73,2.09,27.66,55.56,1.55,0.0463,1,33.26,0.0446,16.04,1,0,0.4978400831821304,3.1,0.02873641843305122
S3,76.31,2.57,44.93,64.63,1.35,0.0635,1,34.0,0.0729,15.95,1,0,0.6951878856277448,2.7,0.03367841256998917
S3,78.36,4.22,41.22,43.31,1.24,0.0648,0,33.16,0.0232,18.64,1,0,0.9517430266120925,1.24,0.053854000273864173
S3,74.39,1.91,39.73,48.59,1.6,0.0606,2,33.14,0.0663,14.99,1,0,0.8176577860346189,4.800000000000001,0.025675490566542468
S3,68.87,4.49,52.68,54.16,1.48,0.0657,3,33.48,0.0435,17.02,1,0,0.9726733802301735,5.92,0.0651952860178182
S3,78.33,3.86,52.03,58.99,1.16,0.0662,0,33.66,0.0515,20.55,1,0,0.8820137511419306,1.16,0.04927868641916425
S3,72.61,2.04,59.21,67.38,1.79,0.0313,2,33.08,0.0735,13.97,1,0,0.8787472723735126,5.37,0.028095299807836413
S3,66.74,4.45,43.82,54.23,2.05,0.0048,2,33.4,0.0416,17.05,1,0,0.8080396813498651,6.1499999999999995,0.06667664568824608
S3,73.22,4.47,46.82,40.62,1.99,0.033,1,33.47,0.0729,16.85,1,0,1.15263388659924,3.98,0.06104888540714484
S3,74.81,4.99,33.81,55.56,2.05,0.0596,0,33.42,0.0612,16.61,1,0,0.6085312079677452,2.05,0.06670230360883524
S3,74.24,1.54,38.68,60.46,1.74,0.0569,1,33.13,0.064,19.99,1,0,0.6397617201849619,3.48,0.020743531688640668
S3,73.91,0.4,47.95,51.24,1.17,0.0404,3,33.02,0.0184,15.89,1,0,0.9357921670975473,4.68,0.005411986820188497
S3,74.36,3.05,55.34,49.86,1.33,0.0269,2,33.84,0.0639,16.58,1,0,1.1099075190718974,3.99,0.04101667011610138
S3,76.73,2.85,39.67,50.86,1.63,0.0471,4,33.52,0.0328,14.78,1,0,0.7799841171875507,8.149999999999999,0.03714322466529067
S3,83.39,2.57,61.39,55.59,1.54,0.0363,2,33.51,0.0349,16.62,1,0,1.1043351134493409,4.62,0.030819039354953906
S3,74.26,3.18,65.91,57.87,1.88,0.0205,1,33.64,0.0423,17.99,1,0,1.13893189235668,3.76,0.042822509719565076
S3,75.29,4.49,30.29,52.69,0.85,0.0532,1,33.29,0.04,19.45,1,0,0.5748717830951255,1.7,0.05963606592694037
S3,81.12,1.88,38.7,54.0,1.64,0.0709,2,33.55,0.0773,21.86,1,0,0.7166665339506418,4.92,0.023175539549366422
S3,74.77,3.71,47.81,51.6,0.5,0.0761,2,34.03,0.0483,19.63,1,0,0.9265502080329053,1.5,0.0496188244457905
S3,65.78,3.87,40.81,46.21,1.51,0.0767,2,33.21,0.0168,15.95,1,0,0.8831419859030543,4.53,0.058832462932127856
S3,81.19,1.77,49.49,56.35,1.33,0.0344,2,33.45,0.0755,18.74,1,0,0.8782607137070605,3.99,0.021800711688543948
S3,76.25,3.83,29.42,50.35,1.42,0.0506,2,32.98,0.0686,13.3,1,0,0.584309715132132,4.26,0.05022950160924569
S3,72.34,3.87,42.58,59.79,1.69,0.0484,0,33.66,0.0624,17.86,1,0,0.712159104840424,1.69,0.053497366118694205
S3,68.08,4.74,52.28,61.75,2.08,0.089,0,33.2,0.0475,15.34,1,0,0.8466395390057426,2.08,0.06962396157109847
S3,77.08,2.76,48.31,60.39,1.64,0.0455,0,33.6,0.0513,14.16,1,0,0.7999667494673374,1.64,0.03580694916879227
S3,72.89,4.45,38.07,43.12,1.41,0.0429,3,33.66,0.0503,15.83,1,0,0.8828847674200446,5.64,0.06105089023859374
S3,75.64,2.76,45.14,55.53,1.89,0.0627,1,33.61,0.0669,16.05,1,0,0.812893784820136,3.78,0.03648862553032449
S3,74.84,3.4,54.49,42.16,1.59,0.0632,1,33.21,0.056,15.41,1,0,1.2924569989428372,3.18,0.04543024513224944
S3,71.94,1.93,33.85,63.59,1.74,0.0436,4,33.7,0.0553,20.4,1,0,0.5323163182392957,8.7,0.026827908419807003
S3,71.71,2.65,50.65,64.73,1.57,0.06,4,33.07,0.0425,15.93,1,0,0.7824809543517758,7.8500000000000005,0.03695439451200746
S3,69.78,1.5,37.31,45.8,1.5,0.0209,1,33.56,0.0417,17.8,1,0,0.8146286430941828,3.0,0.021496127615917508
S3,75.75,2.09,57.54,31.87,0.76,0.052,1,33.06,0.0732,17.14,1,0,1.8054591134423867,1.52,0.027590755433563634
S3,82.08,6.96,29.85,31.69,8.12,0.1811,8,33.71,0.1621,18.72,2,1,0.9419372224874654,73.08,0.08479531130661412
S3,89.56,7.14,22.51,29.77,3.66,0.3305,11,32.51,0.061,21.22,2,1,0.7561300785589257,43.92,0.07972308176383633
S3,86.81,8.63,7.59,32.68,2.9,0.434,5,32.66,0.0028,31.16,2,1,0.23225207091429897,17.4,0.09941249862775042
S3,89.44,3.3,19.0,17.09,6.53,0.2873,6,32.73,0.0633,22.03,2,1,1.1117606133641817,45.71,0.03689623916634177
S3,103.99,7.39,31.38,14.86,4.4,0.2358,5,33.55,0.0074,28.56,2,1,2.111707865607089,26.400000000000002,0.07106451860135411
S3,105.27,8.77,13.5,34.21,5.25,0.1228,7,32.21,0.074,21.84,2,1,0.39462134036207525,42.0,0.08330957696308758
S3,95.44,10.06,15.12,33.94,4.26,0.3094,8,33.02,0.1534,21.29,2,1,0.4454919135262482,38.339999999999996,0.10540652709487353
S3,94.77,8.35,20.2,27.52,6.18,0.3792,6,32.9,0.0665,23.05,2,1,0.7340113611877321,43.26,0.0881080417739747
S3,95.22,7.95,17.52,19.24,5.98,0.0244,8,32.47,0.0887,27.93,2,1,0.9106024373168206,53.82000000000001,0.08349085449581448
S3,92.4,10.89,22.49,31.15,4.61,0.0994,11,32.5,0.028,26.35,2,1,0.7219901374028451,55.32000000000001,0.1178571301020422
S3,96.53,6.45,13.27,37.31,2.23,0.2946,7,32.59,0.0633,22.45,2,1,0.355668626194418,17.84,0.06681859869277958
S3,92.95,6.71,25.66,26.52,6.35,0.1013,7,31.91,0.1127,21.3,2,1,0.9675712791963502,50.8,0.07218934134595574
S3,82.95,5.01,21.21,21.81,4.34,0.0345,6,32.53,0.1038,23.43,2,1,0.9724892377399186,30.38,0.06039782273685078
S3,100.43,8.91,33.96,24.0,6.96,0.2667,8,32.5,0.1255,22.73,2,1,1.4149994104169124,62.64,0.08871850157139284
S3,102.5,2.02,15.56,32.5,6.41,0.2864,5,32.53,0.0958,18.02,2,1,0.4787690834556666,38.46,0.01970731515050584
S3,84.38,4.75,23.29,31.36,6.76,0.3401,7,32.93,0.0723,20.65,2,1,0.7426655795071494,54.08,0.056292953745798326
S3,97.12,9.28,14.79,28.15,5.62,0.4008,5,31.86,0.0981,25.82,2,1,0.5253994581174216,33.72,0.09555188472488829
S3,96.03,5.45,25.53,37.02,5.68,0.1841,9,32.31,0.1274,24.87,2,1,0.6896270422401289,56.8,0.056753092080277824
S3,95.79,13.15,30.25,44.26,6.02,0.3451,3,33.09,0.0469,20.87,2,1,0.6834612102437392,24.08,0.13727945116614979
S3,91.17,5.52,19.61,16.91,6.37,0.1005,5,32.75,0.0453,23.59,2,1,1.1596681492204912,38.22,0.06054622567223585
S3,98.72,6.32,22.79,18.78,6.11,0.359,3,32.59,0.1775,24.34,2,1,1.2135243804449518,24.44,0.06401944246156377
S3,95.36,6.52,23.18,34.28,7.3,0.3563,8,32.97,0.0486,25.94,2,1,0.6761958354154505,65.7,0.06837247605154403
S3,102.43,10.08,18.16,25.86,5.2,0.4014,9,33.65,0.0799,24.81,2,1,0.7022425745388343,52.0,0.0984086597277497
S3,98.79,11.11,19.87,16.57,4.5,0.2187,5,32.74,0.0773,20.31,2,1,1.1991543758875223,27.0,0.11246076399830306
S3,87.5,4.49,26.56,32.09,7.37,0.2659,8,32.36,0.0799,23.62,2,1,0.8276719140941369,66.33,0.05131427984979659
S3,86.04,4.37,33.1,32.7,5.46,0.1174,8,32.86,0.0911,27.11,2,1,1.0122321063510378,49.14,0.050790324175926986
S3,92.77,5.27,18.49,33.56,6.25,0.343,8,33.06,0.0702,18.71,2,1,0.550953351920932,56.25,0.05680715136281649
S3,93.53,7.6,15.97,23.97,5.15,0.0751,4,32.18,0.0854,24.06,2,1,0.6662492005635375,25.75,0.08125734189486347
S3,92.96,5.85,21.46,29.89,2.87,0.4019,5,32.39,0.1049,22.75,2,1,0.7179656346719189,17.22,0.06293028582935824
S3,93.47,10.31,18.16,28.92,4.74,0.33,5,33.27,0.128,22.26,2,1,0.6279389253323218,28.44,0.1103027591416755
S3,91.97,2.31,19.14,32.56,5.02,0.3136,7,32.16,0.0794,27.08,2,1,0.5878376572980167,40.16,0.0251168832100812
S3,91.15,4.95,10.63,39.84,4.89,0.2896,7,32.32,0.0865,16.89,2,1,0.2668172021041159,39.12,0.05430608290662831
S3,91.13,9.23,21.5,14.98,3.9,0.2411,2,32.27,0.0955,24.42,2,1,1.43524603788649,11.7,0.10128386905696599
S3,92.08,10.44,26.95,36.88,3.78,0.2151,5,32.41,0.0957,26.52,2,1,0.7307481749598222,22.68,0.11337965753913362
S3,77.48,4.38,23.93,29.34,6.6,0.3525,1,33.22,0.0583,25.43,2,1,0.8156098106306031,13.2,0.05653071030837502
S3,81.85,9.07,11.9,15.71,5.67,0.2584,6,32.84,0.109,23.55,2,1,0.7574788303763015,39.69,0.11081244828192446
S3,95.39,1.71,31.66,30.6,3.3,0.3083,6,32.51,0.091,24.04,2,1,1.0346401847581095,23.099999999999998,0.0179264055009534
S3,88.11,4.65,24.33,25.87,6.42,0.3345,5,32.82,0.1229,25.67,2,1,0.9404712251754057,38.519999999999996,0.0527749344257253
S3,98.2,7.2,18.53,26.22,3.89,0.3535,10,33.64,0.0983,23.64,2,1,0.7067121637253381,42.79,0.0733197481344452
S3,83.74,3.97,24.3,20.4,6.08,0.1397,4,32.67,0.1516,20.98,2,1,1.1911758866784872,30.4,0.0474086401470456
S3,90.95,6.08,25.76,39.14,5.76,0.0337,8,33.27,0.1029,22.22,2,1,0.6581500617909908,51.839999999999996,0.06684991018692577
S3,85.62,10.17,18.27,29.38,7.01,0.1529,3,32.67,0.0967,22.81,2,1,0.6218513880696432,28.04,0.11878064485159484
S3,95.82,10.93,14.94,26.26,5.5,0.2703,8,32.6,0.0376,29.94,2,1,0.5689259067304239,49.5,0.11406803234522726
S3,85.4,2.2,13.69,28.36,4.96,0.1649,8,32.9,0.0907,18.49,2,1,0.4827219736523365,44.64,0.02576112110525514
S3,85.72,5.45,10.77,39.04,4.2,0.2905,6,32.47,0.1269,28.22,2,1,0.27587083097570925,29.400000000000002,0.06357908730995249
S3,102.11,4.34,29.69,29.51,5.02,0.3088,6,32.73,0.1191,22.52,2,1,1.0060992863099674,35.14,0.04250317867954376
S3,89.25,10.24,36.11,37.02,4.96,0.2042,7,32.7,0.0528,25.79,2,1,0.9754184291144166,39.68,0.11473388070208619
S3,95.78,8.51,15.49,16.65,4.18,0.2452,3,33.12,0.0804,26.35,2,1,0.9303297715737109,16.72,0.08884943737216147
S3,80.73,8.18,19.44,14.32,6.38,0.164,6,33.18,0.0539,25.93,2,1,1.3575409514378831,44.66,0.1013253931220868
S3,100.16,8.06,19.3,18.63,5.26,0.3738,6,31.79,0.054,32.74,2,1,1.0359629436591822,36.82,0.08047123797212082
S3,88.89,5.47,27.99,21.32,5.51,0.427,7,32.83,0.0458,25.34,2,1,1.3128511665801281,44.08,0.06153672386807021
S3,90.1,7.97,24.88,33.04,3.29,0.36,4,33.27,0.0011,31.95,2,1,0.7530264064690052,16.45,0.08845725988265705
S3,94.92,2.38,15.1,29.87,5.33,0.4524,7,32.98,0.0391,25.12,2,1,0.5055237678192943,42.64,0.025073743671118448
S3,89.17,4.26,15.01,29.69,4.27,0.2705,5,32.77,0.0668,24.46,2,1,0.5055572564643798,25.619999999999997,0.04777390963621064
S3,98.95,5.92,30.77,39.86,6.31,0.5655,5,32.76,0.1452,18.76,2,1,0.7719516377441952,37.86,0.05982819001231025
S3,85.97,4.73,10.22,38.4,5.57,0.1914,6,32.74,0.002,17.29,2,1,0.2661457640245406,38.99,0.05501918634184177
S3,78.8,10.15,32.09,38.43,4.98,0.3091,7,31.58,0.1395,24.09,2,1,0.8350245029860779,39.84,0.12880709025290732
S3,82.9,13.06,25.88,26.67,3.8,0.2794,5,32.4,0.0793,24.97,2,1,0.9703783388157708,22.799999999999997,0.15753918485655188
S3,84.83,4.32,35.96,46.38,4.09,0.2608,4,32.51,0.1047,23.17,2,1,0.7753340286041335,20.45,0.05092537416888198
S3,94.79,7.18,21.19,37.05,4.74,0.3752,13,32.39,0.1591,20.6,2,1,0.571929670194421,66.36,0.07574637875868985
S3,94.87,5.22,24.29,33.76,4.25,0.1252,3,32.72,0.1161,23.57,2,1,0.7194903082078471,17.0,0.0550226567911187
S3,93.04,6.09,23.01,16.89,7.55,0.3834,8,32.74,0.1501,27.36,2,1,1.3623437759953962,67.95,0.06545571093554267
S3,91.18,6.44,30.53,31.12,5.88,0.4978,6,32.6,0.107,23.39,2,1,0.9810408158609204,41.16,0.07062951627226187
S3,85.63,4.6,38.94,43.18,5.13,0.1878,3,32.59,0.0997,20.47,2,1,0.9018061829999575,20.52,0.05371948455921002
S3,85.68,10.61,26.41,30.7,5.29,0.3223,6,31.87,0.1234,21.71,2,1,0.8602603061041348,37.03,0.12383285202697804
S3,84.42,7.76,17.04,30.72,5.73,0.2962,5,32.85,0.0977,25.25,2,1,0.5546873194377215,34.38,0.09192133476411575
S3,93.78,7.22,24.31,25.33,4.84,0.4057,4,32.58,0.1634,27.69,2,1,0.9597311647330578,24.2,0.07698868874080947
S3,97.35,5.26,15.07,30.86,4.28,0.2781,9,32.34,0.1096,21.96,2,1,0.48833425523841373,42.800000000000004,0.05403183831208646
S3,97.55,8.14,21.31,23.0,2.45,0.1799,8,32.34,0.082,20.27,2,1,0.9265213362950712,22.05,0.08344437893958187
S3,91.0,9.55,14.13,27.17,5.07,0.1614,3,32.51,0.0948,26.7,2,1,0.5200586970707777,20.28,0.1049450434126326
S3,80.14,2.28,15.12,24.07,5.87,0.2187,8,32.47,0.118,21.26,2,1,0.628167582813634,52.83,0.02845020857871118
S3,93.54,6.86,25.01,35.13,6.48,0.2836,7,32.71,0.1977,17.93,2,1,0.7119269251560133,51.84,0.07333760173855017
S3,91.8,4.65,16.77,24.21,5.16,0.133,5,33.45,0.1194,19.74,2,1,0.6926886853826165,30.96,0.05065358925342165
S3,87.68,2.5,20.23,37.31,5.9,0.1385,5,33.28,0.0965,20.77,2,1,0.5422137383506463,35.400000000000006,0.028512770470715043
S3,97.81,4.86,20.21,16.78,6.54,0.3489,6,32.8,0.1144,25.14,2,1,1.204409294154175,45.78,0.04968816586359617
S3,83.27,8.31,28.85,31.93,9.5,0.3813,6,32.32,0.0532,22.43,2,1,0.9035387085691486,66.5,0.09979583285747175
S3,89.69,4.63,25.19,27.75,5.8,0.3662,1,32.68,0.0058,19.18,2,1,0.9077474206315602,11.6,0.05162224867630185
S3,98.96,5.28,17.8,37.32,3.72,0.399,9,32.89,0.0563,22.52,2,1,0.4769559279324952,37.2,0.053354885473435185
S3,94.16,9.36,22.25,39.54,4.16,0.3018,6,32.51,0.1187,25.52,2,1,0.5627211525743164,29.12,0.0994052570725088
S3,99.76,4.34,14.99,30.55,6.93,0.0893,5,33.05,0.0617,25.8,2,1,0.4906708704841668,41.58,0.043504406224498166
S3,85.58,3.84,41.64,62.13,2.33,0.1827,2,33.25,0.0765,22.94,3,0,0.6702075212928502,6.99,0.04487029155523585
S3,83.48,4.44,29.24,50.9,2.59,0.127,1,33.0,0.0822,23.62,3,0,0.5744596120904495,5.18,0.053186385579014665
S3,83.73,2.09,38.51,40.21,2.93,0.0237,3,33.4,0.0743,21.01,3,0,0.9577217215315289,11.72,0.024961181779388296
S3,87.23,4.51,35.2,46.19,2.79,0.1145,1,33.31,0.0488,20.74,3,0,0.7620695470730576,5.58,0.05170239003755702
S3,77.28,4.86,27.12,26.86,3.81,0.0805,3,33.44,0.0845,22.02,3,0,1.0096794453911224,15.24,0.06288819062005815
S3,81.5,7.02,37.89,49.28,1.87,0.1859,0,33.81,0.0543,23.49,3,0,0.7688715972257311,1.87,0.08613495875644676
S3,72.54,1.97,34.4,48.35,2.63,0.0282,1,32.82,0.0856,18.4,3,0,0.7114786532619124,5.26,0.027157426639450418
S3,76.34,5.56,29.57,64.16,3.27,0.0968,2,33.34,0.045,20.63,3,0,0.4608789805363185,9.81,0.07283205752789394
S3,75.93,5.31,31.79,35.83,2.96,0.1878,6,33.01,0.041,18.51,3,0,0.8872450775202128,20.72,0.06993282366221207
S3,69.26,5.41,33.1,40.45,2.55,0.0346,3,33.88,0.0089,23.49,3,0,0.8182939880608187,10.2,0.07811145277050927
S3,80.94,2.02,43.73,52.9,2.87,0.1384,2,33.56,0.0399,22.44,3,0,0.8266539080049322,8.61,0.024956755009049293
S3,72.78,5.73,41.01,41.74,3.07,0.0972,2,33.41,0.0557,23.2,3,0,0.9825105456371475,9.209999999999999,0.07873040962758868
S3,80.65,3.66,41.89,43.89,2.82,0.0862,2,33.36,0.0638,21.78,3,0,0.954431315919044,8.459999999999999,0.04538127149643255
S3,76.37,2.3,44.92,39.43,2.94,0.1241,1,33.25,0.0529,18.58,3,0,1.1392337967958923,5.88,0.030116533964052113
S3,86.09,5.28,52.25,41.24,2.62,0.1412,2,33.62,0.0739,16.06,3,0,1.266973504613602,7.86,0.06133115793574655
S3,85.2,5.63,24.1,34.83,2.48,0.0833,3,33.22,0.0502,23.12,3,0,0.6919320436600507,9.92,0.06607980445072717
S3,79.33,5.47,35.54,48.59,3.35,0.1115,3,33.16,0.0367,26.02,3,0,0.7314260688565406,13.4,0.06895246830297891
S3,83.88,3.92,26.84,54.59,2.96,0.0985,3,33.85,0.0794,19.97,3,0,0.49166505007051653,11.84,0.046733423136215646
S3,79.86,6.35,30.02,42.78,1.8,0.086,1,33.42,0.0663,22.75,3,0,0.7017296162389863,3.6,0.07951413980539196
S3,75.22,5.11,44.27,27.63,2.25,0.1491,3,33.32,0.1002,21.33,3,0,1.6022433578561863,9.0,0.06793405105902008
S3,81.7,5.18,36.73,35.7,2.68,0.1238,3,33.38,0.0724,18.24,3,0,1.028851252422618,10.72,0.0634026850180312
S3,78.67,1.32,35.13,37.38,2.13,0.1218,2,33.44,0.059,16.95,3,0,0.9398071322078297,6.39,0.016778947911662907
S3,82.35,5.32,47.76,43.32,3.01,0.0995,4,33.6,0.0475,19.41,3,0,1.102492820292516,15.049999999999999,0.06460229938041295
S3,62.2,2.87,30.13,46.78,2.89,0.0724,4,33.44,0.0836,15.57,3,0,0.6440785284141666,14.450000000000001,0.04614147168143542
S3,75.24,3.88,40.97,42.26,3.03,0.1089,1,33.58,0.0641,18.23,3,0,0.9694744511418715,6.06,0.051568307872367374
S3,75.91,6.61,27.56,53.9,2.49,0.0406,2,33.09,0.0623,15.51,3,0,0.51131715931036,7.470000000000001,0.08707679000437492
S3,84.4,2.71,42.11,28.85,2.61,0.1344,1,33.7,0.0679,20.13,3,0,1.4596182115708105,5.22,0.03210900093495249
S3,87.01,3.0,36.9,58.77,2.14,0.1186,5,33.98,0.0534,19.43,3,0,0.6278712561049419,12.84,0.03447879157811842
S3,70.62,4.04,55.12,39.28,2.82,0.0697,0,33.51,0.0627,23.84,3,0,1.4032582985594961,2.82,0.05720758181710821
S3,71.91,4.73,45.39,68.66,2.7,0.0564,1,33.39,0.0418,24.27,3,0,0.6610835040659039,5.4,0.06577665612895897
S3,75.86,3.77,49.69,40.37,3.22,0.0273,3,33.04,0.0192,24.46,3,0,1.2308641984483035,12.88,0.0496968033618767
S3,79.03,2.91,41.46,43.45,2.39,0.0721,4,33.37,0.0728,22.65,3,0,0.954200010540849,11.950000000000001,0.03682145554581102
S3,86.09,5.73,40.11,48.26,3.2,0.144,1,33.02,0.0366,23.1,3,0,0.8311229110810379,6.4,0.06655824525981587
S3,73.13,4.16,46.15,42.22,2.81,0.0551,4,33.38,0.082,18.3,3,0,1.0930835876163931,14.05,0.0568849915376738
S3,83.0,3.3,43.09,35.84,2.98,0.1114,2,33.21,0.0796,19.0,3,0,1.2022876109688585,8.94,0.03975903135433357
S3,80.92,4.58,49.23,45.93,2.1,0.0691,2,33.31,0.0765,18.59,3,0,1.0718482316899125,6.300000000000001,0.056599103237876515
S3,81.64,4.59,33.7,45.83,2.61,0.1169,6,33.61,0.0739,18.49,3,0,0.735326045095779,18.27,0.056222433093773505
S3,78.33,4.39,48.69,47.02,2.91,0.0862,2,33.84,0.0566,17.27,3,0,1.0355165811321603,8.73,0.05604493092749509
S3,76.07,2.47,35.78,45.11,1.84,0.091,3,34.18,0.0171,19.7,3,0,0.7931720697911616,7.36,0.03247008906663743
S3,80.21,2.7,38.95,42.88,2.61,0.1205,4,33.61,0.0724,17.58,3,0,0.9083486687619708,13.049999999999999,0.03366163400303778
S4,76.51,2.37,43.57,51.99,0.8,0.0543,1,34.22,0.0236,18.54,1,0,0.8380456168406198,1.6,0.03097633891303896
S4,71.81,3.42,50.14,60.08,0.83,0.0772,2,34.2,0.0275,21.67,1,0,0.8345537891887834,2.4899999999999998,0.047625672242630236
S4,76.19,3.35,48.09,54.89,0.94,0.0016,1,34.24,0.0664,17.87,1,0,0.8761157084868448,1.88,0.04396901903543522
S4,73.67,2.59,52.02,44.81,1.38,0.0435,2,34.56,0.0473,16.09,1,0,1.1609013253958211,4.14,0.03515677546399138
S4,77.69,3.27,43.96,49.4,0.95,0.066,1,34.19,0.0006,16.82,1,0,0.8898783623728012,1.9,0.042090353701846606
S4,83.36,2.41,42.81,65.17,1.14,0.0536,1,33.96,0.0812,14.22,1,0,0.6568972446068367,2.28,0.02891074509228106
S4,66.46,1.49,35.55,52.93,1.18,0.0401,1,33.65,0.0566,15.2,1,0,0.67164166415234,2.36,0.022419497078017294
S4,74.68,2.91,40.48,70.36,1.13,0.0637,3,33.97,0.0676,15.1,1,0,0.5753268085095496,4.52,0.03896625080794713
S4,74.49,4.23,41.85,68.99,0.74,0.0464,4,34.21,0.0646,14.31,1,0,0.6066095656458087,3.7,0.056786138168057713
S4,69.38,2.98,47.21,61.69,1.52,0.0461,1,34.1,0.0659,14.83,1,0,0.765277878865638,3.04,0.042951853134642094
S4,81.55,4.51,39.0,50.68,1.05,0.0378,0,33.93,0.0078,18.68,1,0,0.7695341812284567,1.05,0.05530348800692973
S4,80.55,4.71,45.61,52.82,1.6,0.041,0,33.84,0.058,16.6,1,0,0.8634985112649542,1.6,0.05847299087858586
S4,71.56,3.8,58.36,55.5,0.85,0.046,1,33.96,0.0495,21.32,1,0,1.0515313420664247,1.7,0.05310228436245327
S4,70.89,3.39,50.77,57.46,1.11,0.0676,2,34.22,0.0712,17.14,1,0,0.8835710261797727,3.33,0.04782056033000983
S4,73.36,1.82,51.74,57.06,1.98,0.0505,0,33.76,0.022,14.24,1,0,0.9067646500587714,1.98,0.024809156923506416
S4,72.42,3.89,50.31,57.05,1.2,0.0464,1,34.07,0.049,16.83,1,0,0.8818578647050194,2.4,0.05371443610681633
S4,66.74,2.79,57.52,50.42,0.68,0.0312,2,34.02,0.0209,18.74,1,0,1.1408169097943455,2.04,0.041804009319147545
S4,65.15,3.61,34.58,65.96,0.89,0.0164,1,33.94,0.0345,16.66,1,0,0.5242570460495685,1.78,0.05541058243889754
S4,82.3,1.49,44.19,41.05,0.78,0.0667,0,34.1,0.0442,15.58,1,0,1.0764918205866454,0.78,0.018104493547449144
S4,69.34,3.41,53.2,59.26,1.28,0.0516,1,33.7,0.0311,15.41,1,0,0.8977386267737721,2.56,0.04917795656504809
S4,72.57,2.63,30.43,68.18,1.96,0.0464,2,34.36,0.0567,14.66,1,0,0.44631850303336706,5.88,0.036240865889366695
S4,78.91,4.88,57.13,47.9,0.49,0.0226,1,34.24,0.0423,18.09,1,0,1.1926928616507595,0.98,0.061842597662831365
S4,68.04,3.06,49.38,47.35,0.44,0.0358,1,33.53,0.0603,16.26,1,0,1.042872007841181,0.88,0.044973538363677484
S4,70.37,3.48,51.71,46.7,0.89,0.0513,0,34.44,0.0258,15.52,1,0,1.1072802768136452,0.89,0.04945288482977336
S4,65.97,3.65,34.61,66.6,1.12,0.0239,3,33.77,0.0335,14.76,1,0,0.5196695916412025,4.48,0.055328171088650735
S4,76.07,2.8,51.91,32.44,1.09,0.0217,0,34.35,0.0926,15.84,1,0,1.600184463568291,1.09,0.03680819813222057
S4,71.29,4.6,48.17,60.32,0.8,0.0595,2,33.64,0.0594,20.3,1,0,0.7985741381674174,2.4000000000000004,0.06452516979588022
S4,70.03,3.45,44.25,37.09,0.71,0.0152,1,33.98,0.0254,17.48,1,0,1.1930436254937649,1.42,0.04926459385055064
S4,74.16,4.09,45.67,57.51,1.53,0.052,0,33.8,0.0591,15.19,1,0,0.7941226231746439,1.53,0.05515101737445828
S4,72.73,2.97,46.71,44.12,1.59,0.0491,1,34.4,0.0548,17.38,1,0,1.0587032958514742,3.18,0.040835963036441214
S4,78.71,3.58,47.13,43.92,0.47,0.0485,0,33.92,0.0895,15.91,1,0,1.0730871873663053,0.47,0.045483414371310586
S4,75.29,3.35,39.43,57.49,0.99,0.0424,3,34.8,0.0476,17.99,1,0,0.6858582908578377,3.96,0.04449461488981074
S4,74.4,2.57,53.42,34.66,1.36,0.0591,1,33.88,0.0698,15.57,1,0,1.5412574895390971,2.72,0.034543006109811
S4,69.14,2.14,41.54,54.69,1.23,0.0652,0,33.62,0.0181,16.37,1,0,0.759553710083432,1.23,0.030951687742017973
S4,68.99,0.16,35.82,55.72,0.98,0.0614,2,33.51,0.0734,15.96,1,0,0.6428570274843812,2.94,0.0023191763561130085
S4,77.09,3.09,39.2,47.18,1.1,0.0743,2,33.8,0.0704,17.38,1,0,0.8308603580202717,3.3000000000000003,0.040083014647423185
S4,73.74,2.89,31.19,70.87,0.6,0.065,2,33.89,0.056,12.87,1,0,0.4401015323689103,1.7999999999999998,0.039191749499355916
S4,75.69,3.56,31.45,65.72,1.04,0.0511,1,33.96,0.0635,15.96,1,0,0.4785452710673659,2.08,0.047033948073200146
S4,77.02,2.28,30.25,49.55,0.97,0.0463,1,33.85,0.0637,17.8,1,0,0.6104943268427191,1.94,0.029602696753739707
S4,72.0,4.36,36.72,64.89,1.39,0.0421,3,33.88,0.0457,17.83,1,0,0.5658806340143883,5.56,0.0605555471450629
S4,67.1,3.86,37.62,60.08,1.35,0.0391,2,34.01,0.0428,16.62,1,0,0.626165008960551,4.050000000000001,0.057526071903715066
S4,70.26,3.47,37.91,60.07,1.51,0.0548,1,33.54,0.0607,16.22,1,0,0.6310969483774015,3.02,0.04938798044577562
S4,73.74,1.25,35.98,45.2,1.24,0.0664,2,34.03,0.0652,15.45,1,0,0.7960175230049726,3.7199999999999998,0.016951448745396155
S4,75.25,2.74,45.74,61.88,0.99,0.0786,3,34.2,0.0372,16.19,1,0,0.7391724726612035,3.96,0.03641195529409232
S4,78.35,3.19,43.17,60.57,1.45,0.0674,1,33.82,0.0615,14.27,1,0,0.7127289561286188,2.9,0.040714736347831994
S4,73.64,2.88,43.46,63.84,1.07,0.0222,1,33.98,0.0628,16.2,1,0,0.6807643043915562,2.14,0.03910917448273024
S4,76.11,4.72,45.34,62.36,2.09,0.0164,1,34.75,0.0489,14.79,1,0,0.7270685171474476,4.18,0.0620154957278287
S4,73.61,2.87,52.08,66.09,0.75,0.0257,2,34.11,0.0286,19.02,1,0,0.788016222118895,2.25,0.03898926246579779
S4,72.8,7.49,47.2,56.94,1.29,0.0362,1,33.65,0.0709,13.24,1,0,0.8289426011691955,2.58,0.10288460125211521
S4,82.56,3.36,34.81,57.75,1.49,0.0173,2,34.09,0.0459,16.29,1,0,0.6027704583947259,4.47,0.04069766948913887
S4,73.98,2.39,41.36,67.72,1.31,0.0317,2,33.92,0.0844,12.12,1,0,0.6107500574793181,3.93,0.03230602428953443
S4,72.5,1.4,48.61,68.19,0.87,0.0672,3,33.65,0.0315,14.07,1,0,0.7128610187914622,3.48,0.019310342164090735
S4,72.62,4.45,32.71,77.66,0.92,0.0061,0,33.75,0.0545,15.59,1,0,0.42119489812066724,0.92,0.061277876442044
S4,78.55,1.51,49.81,60.92,0.88,0.0727,1,34.5,0.0563,13.45,1,0,0.817629544052931,1.76,0.01922342212305256
S4,66.38,4.7,38.15,58.31,1.12,0.0254,1,34.16,0.019,13.51,1,0,0.6542615924778609,2.24,0.07080444850791677
S4,78.95,2.25,43.07,52.12,1.44,0.0271,1,34.18,0.0644,17.16,1,0,0.8263620824324477,2.88,0.02849904642190672
S4,74.24,2.97,38.03,41.19,0.2,0.014,1,34.5,0.0299,18.54,1,0,0.9232821259329629,0.4,0.04000538254237843
S4,77.4,4.44,33.7,62.55,0.7,0.0329,4,34.31,0.0428,16.42,1,0,0.5387688986780338,3.5,0.057364333673858695
S4,70.97,3.03,50.48,52.08,0.98,0.0612,0,33.76,0.0676,16.61,1,0,0.9692778476809047,0.98,0.042694090081148356
S4,75.45,3.32,49.23,60.71,0.72,0.04,1,33.76,0.0836,17.2,1,0,0.8109041655568825,1.44,0.044002644930066934
S4,74.2,1.12,46.39,47.63,0.9,0.0616,0,34.64,0.0132,20.06,1,0,0.9739657833370179,0.9,0.015094337588364207
S4,79.15,4.5,47.94,35.49,0.83,0.011,2,34.31,0.0768,14.54,1,0,1.3508026624957274,2.4899999999999998,0.056854067358930206
S4,72.48,4.12,53.83,48.41,0.95,0.0412,3,33.82,0.0477,16.61,1,0,1.1119601090766145,3.8,0.05684325926555473
S4,76.95,4.44,52.18,46.34,1.15,0.065,3,34.19,0.0208,13.1,1,0,1.126024789377473,4.6,0.05769979756987686
S4,71.21,3.99,44.02,51.7,0.77,0.0596,3,34.0,0.0433,15.83,1,0,0.8514505122919706,3.08,0.05603144838766348
S4,74.0,4.26,39.94,63.26,1.78,0.0294,1,34.21,0.065,16.54,1,0,0.6313625306097801,3.56,0.05756755978816759
S4,72.79,4.65,45.5,37.93,0.83,0.0221,4,34.26,0.0652,18.24,1,0,1.199577854052767,4.1499999999999995,0.06388239265250822
S4,74.88,2.69,43.02,58.86,0.91,0.0501,1,34.39,0.0454,15.58,1,0,0.7308867259791495,1.82,0.0359241405015838
S4,73.56,4.43,46.7,40.7,0.2,0.0434,1,34.29,0.0306,17.11,1,0,1.1474198654988044,0.4,0.06022293906702839
S4,77.4,1.88,53.15,63.01,1.05,0.0486,0,34.41,0.036,15.76,1,0,0.8435167682087338,1.05,0.024289402546588814
S4,81.39,1.86,45.33,50.13,0.81,0.0678,2,34.16,0.0596,17.64,1,0,0.9042487723421558,2.43,0.022852927527592146
S4,74.99,3.13,46.43,45.62,1.29,0.0336,2,33.49,0.0953,17.58,1,0,1.0177551473574864,3.87,0.04173889295387479
S4,75.41,2.23,34.89,38.93,1.24,0.0366,2,33.92,0.0304,15.62,1,0,0.8962237615659487,3.7199999999999998,0.029571670922732936
S4,79.13,2.77,48.81,53.48,1.14,0.0438,2,34.29,0.077,14.99,1,0,0.9126774658419099,3.42,0.03500568242061387
S4,72.04,1.1,33.86,64.29,1.19,0.0759,2,34.0,0.0552,14.27,1,0,0.5266759174559157,3.57,0.01526929271664454
S4,67.07,3.46,55.98,60.67,0.8,0.0528,3,33.7,0.0704,16.94,1,0,0.9226964030498758,3.2,0.051587885554214175
S4,71.58,5.4,48.42,48.48,1.06,0.0397,1,34.22,0.0207,16.77,1,0,0.9987621702223246,2.12,0.07544005651857272
S4,75.72,3.34,64.86,57.56,0.78,0.0757,2,33.99,0.0816,15.21,1,0,1.126823987695624,2.34,0.04410987267434328
S4,73.19,2.25,48.65,47.08,1.41,0.01,1,33.82,0.0424,13.6,1,0,1.033347274140341,2.82,0.030741900431493312
S4,86.66,2.88,51.44,44.66,0.64,0.0564,1,34.0,0.0416,16.1,1,0,1.151813445630666,1.28,0.03323332180552483
S4,80.2,1.81,33.3,44.83,1.45,0.0909,4,33.58,0.0178,17.72,1,0,0.7428059908976151,7.25,0.022568575739579082
S4,70.88,3.46,40.43,46.08,1.08,0.0481,3,33.94,0.0458,18.87,1,0,0.8773869623726209,4.32,0.04881489153288776
S4,75.82,3.17,57.14,42.87,1.12,0.0438,1,33.7,0.0287,14.4,1,0,1.3328664957157697,2.24,0.04180954341736436
S4,67.05,2.11,37.21,50.0,1.39,0.0664,2,33.84,0.0717,12.72,1,0,0.7441998511600297,4.17,0.031469048252192655
S4,68.88,3.54,40.49,53.89,0.94,0.0727,1,34.3,0.0663,14.08,1,0,0.7513451936639092,1.88,0.051393720761654944
S4,75.61,3.74,35.99,48.37,1.07,0.0678,1,34.18,0.0836,18.72,1,0,0.7440560793764567,2.14,0.04946435002455363
S4,74.37,2.47,45.18,53.27,0.51,0.0282,0,34.12,0.024,16.23,1,0,0.8481319977225459,0.51,0.03321231232858514
S4,76.84,2.23,50.38,64.88,1.28,0.0216,4,34.22,0.0851,16.86,1,0,0.7765103612037052,6.4,0.029021339273641426
S4,71.97,4.06,41.64,47.35,1.04,0.0259,3,34.24,0.0092,17.81,1,0,0.879408473197788,4.16,0.056412386214758053
S4,81.52,2.04,39.82,56.55,0.93,0.0121,2,34.1,0.0284,18.38,1,0,0.7041554899813457,2.79,0.025024530786981015
S4,74.2,1.71,46.61,59.47,1.3,0.0148,1,33.78,0.0409,17.11,1,0,0.783756384100154,2.6,0.023045818996520348
S4,72.8,3.46,49.73,66.59,0.5,0.0653,1,33.92,0.0481,18.31,1,0,0.7468087180043972,1.0,0.04752746599897445
S4,72.28,3.87,66.09,51.64,0.23,0.0078,0,33.79,0.0266,18.96,1,0,1.279821595696825,0.23,0.05354177455149771
S4,79.34,3.5,49.25,49.25,1.12,0.0356,1,34.49,0.0588,17.99,1,0,0.9999997969543559,2.24,0.04411393444492885
S4,74.75,0.61,67.34,63.74,0.96,0.0465,1,33.87,0.0229,15.72,1,0,1.0564792820082707,1.92,0.008160534025346618
S4,70.88,3.84,56.07,46.8,1.03,0.0319,3,34.08,0.0418,17.1,1,0,1.1980766670776353,4.12,0.054176064591413005
S4,70.45,3.65,48.01,51.09,1.66,0.045,2,34.26,0.0281,15.66,1,0,0.9397140458574972,4.9799999999999995,0.05180978682614807
S4,71.95,2.31,45.29,53.93,0.93,0.0521,5,33.86,0.0652,18.95,1,0,0.839792167663236,5.58,0.03210562444675129
S4,79.12,2.03,36.68,50.0,0.9,0.0242,2,34.07,0.0365,16.97,1,0,0.7335998532800293,2.7,0.02565722628194814
S4,73.83,3.56,31.4,52.36,0.82,0.0487,4,34.35,0.0337,18.14,1,0,0.5996943086909264,4.1,0.04821887468253086
S4,89.96,4.79,22.61,33.93,5.59,0.3162,10,33.65,0.1221,18.07,2,1,0.6663717458379764,61.489999999999995,0.05324588114207635
S4,90.2,6.8,24.18,26.8,3.16,0.3369,4,33.75,0.1486,24.86,2,1,0.902238469314004,15.8,0.07538801824966537
S4,95.85,8.18,17.75,26.7,2.36,0.2435,3,33.37,0.064,17.18,2,1,0.6647937585042103,9.44,0.08534167080420753
S4,106.12,5.73,20.21,18.62,4.1,0.3223,6,33.75,0.0399,21.32,2,1,1.0853914686404573,28.699999999999996,0.05399547173054356
S4,99.51,6.26,16.1,29.41,5.45,0.3403,9,33.31,0.1481,24.41,2,1,0.5474326598324857,54.5,0.06290824410529151
S4,75.23,7.96,14.22,17.47,4.77,0.4256,8,32.91,0.1144,28.14,2,1,0.8139663343066205,42.92999999999999,0.10580883878654275
S4,90.83,2.69,19.82,31.33,4.59,0.1389,5,33.06,0.1093,23.3,2,1,0.63262028962008,27.54,0.029615762455602504
S4,104.62,2.13,23.24,30.62,6.0,0.1783,7,32.94,0.0946,18.19,2,1,0.7589808102610025,48.0,0.020359393962971324
S4,100.98,9.08,33.06,31.66,5.33,0.3828,6,33.79,0.1152,17.39,2,1,1.0442195059319312,37.31,0.08991878689653526
S4,103.46,3.63,24.15,21.55,4.53,0.291,6,33.64,0.0669,24.44,2,1,1.1206491319493586,31.71,0.035086020192729536
S4,87.55,7.8,22.53,29.77,4.85,0.3432,4,34.1,0.1379,22.31,2,1,0.7568018955989603,24.25,0.08909193728247432
S4,89.75,4.43,21.32,24.55,3.83,0.4912,7,33.53,0.0348,20.29,2,1,0.8684314181542085,30.64,0.04935932597667677
S4,85.9,6.73,10.49,20.43,4.54,0.5931,7,33.42,0.116,17.82,2,1,0.5134603458343878,36.32,0.07834690589675135
S4,84.21,10.02,23.91,30.11,2.59,0.2596,8,33.66,0.113,28.64,2,1,0.7940880790142547,23.31,0.1189882295465824
S4,95.1,7.32,27.45,32.07,3.46,0.3134,7,34.01,0.0999,22.47,2,1,0.8559398640661476,27.68,0.07697160073905356
S4,84.32,7.67,21.36,32.36,4.51,0.51,4,33.7,0.0116,26.34,2,1,0.6600739616582318,22.549999999999997,0.09096298731463623
S4,89.02,6.43,10.88,32.8,3.41,0.0645,6,33.64,0.1203,26.94,2,1,0.33170721594292196,23.87,0.07223095122096705
S4,92.85,4.73,25.85,16.91,5.55,0.2964,5,33.28,0.1249,23.33,2,1,1.5286803496863692,33.3,0.05094237469656708
S4,97.74,10.06,16.34,24.42,4.11,0.4236,5,33.07,0.1166,28.54,2,1,0.6691233951173647,24.660000000000004,0.10292612001983631
S4,98.36,12.31,23.55,22.46,4.38,0.2546,7,33.51,0.1342,23.95,2,1,1.0485302544388895,35.04,0.1251524882927523
S4,90.79,9.05,21.28,20.4,6.51,0.2955,3,32.85,0.0708,19.29,2,1,1.04313674356042,26.04,0.09968057058260044
S4,96.85,3.59,22.92,10.0,5.72,0.2436,8,33.18,0.03,20.38,2,1,2.291997708002292,51.48,0.03706762652889762
S4,100.58,7.89,29.61,30.89,4.09,0.1863,6,32.65,0.2024,19.66,2,1,0.9585623313168238,28.63,0.0784450110911701
S4,89.69,9.53,6.0,33.62,4.89,0.2644,4,34.06,0.1445,23.69,2,1,0.17846514620310938,24.45,0.10625486606590856
S4,92.8,6.51,40.79,31.5,4.53,0.0584,7,32.54,0.0548,20.49,2,1,1.2949202238348496,36.24,0.07015085450960619
S4,94.86,7.72,14.64,32.62,3.95,0.1043,3,32.95,0.0669,25.76,2,1,0.4488042768840353,15.8,0.08138308229147351
S4,94.8,6.52,15.91,19.09,3.51,0.3241,8,32.82,0.0852,25.02,2,1,0.8334202025038228,31.589999999999996,0.06877636405312615
S4,89.83,10.21,22.83,28.08,1.81,0.2951,6,32.95,0.1153,24.9,2,1,0.8130338984922014,12.67,0.11365912126693518
S4,97.43,4.71,21.35,41.7,6.18,0.418,7,33.61,0.0331,27.3,2,1,0.511990284894416,49.44,0.04834239470980245
S4,87.42,10.69,27.89,23.29,4.71,0.3386,8,33.46,0.0566,22.07,2,1,1.1975091466255274,42.39,0.12228321639404982
S4,91.64,6.7,18.66,22.45,2.69,0.2141,7,32.88,0.0607,25.2,2,1,0.8311800306547749,21.52,0.07311217010997707
S4,87.59,6.72,27.5,30.72,5.81,0.2706,3,33.6,0.038,23.09,2,1,0.895182000266276,23.24,0.07672107812295031
S4,79.6,8.93,7.89,32.78,4.66,0.3332,3,33.28,0.1884,21.98,2,1,0.2406954726371346,18.64,0.11218591555453322
S4,92.14,3.16,23.32,33.16,5.25,0.2783,6,32.71,0.0323,22.88,2,1,0.703256723987719,36.75,0.034295633351895664
S4,83.6,8.67,17.38,29.54,7.43,0.3318,3,33.83,0.1437,26.06,2,1,0.5883545740167319,29.72,0.10370812156601417
S4,94.85,5.9,28.72,39.8,5.69,0.0935,10,33.04,0.0741,30.34,2,1,0.7216078588924977,62.59,0.062203472619560086
S4,98.33,3.96,26.61,33.8,5.77,0.4145,6,33.24,0.0431,22.94,2,1,0.7872778735864279,40.39,0.0402725475162669
S4,89.59,8.24,16.49,16.47,1.33,0.3366,4,33.73,0.0265,26.36,2,1,1.0012137211817116,6.65,0.09197454046494692
S4,89.56,6.14,15.94,16.33,5.85,0.2279,8,33.21,0.0902,31.71,2,1,0.9761169772706815,52.65,0.06855738403780882
S4,87.49,8.49,28.23,15.14,3.52,0.4721,7,32.9,0.1372,23.93,2,1,1.8645958622220196,28.16,0.0970396505841067
S4,90.38,5.57,26.85,22.68,5.97,0.2131,7,33.31,0.0722,23.88,2,1,1.183861911877464,47.76,0.06162867209242398
S4,95.36,7.86,15.07,24.32,4.45,0.207,4,32.93,0.0684,26.78,2,1,0.619654350471073,22.25,0.08242448800078775
S4,92.35,8.88,20.95,19.24,3.78,0.1698,9,33.12,0.0624,27.44,2,1,1.0888767729330702,37.8,0.09615591812063692
S4,90.03,9.88,25.29,26.27,4.34,0.5065,6,33.06,0.173,23.27,2,1,0.9626947229940148,30.38,0.10974118518924968
S4,84.7,6.1,20.54,32.59,3.53,0.3449,5,33.58,0.1403,26.54,2,1,0.6302544859605749,21.18,0.07201888169788881
S4,85.04,8.38,10.8,23.31,5.14,0.3187,10,33.1,0.1101,28.99,2,1,0.4633202645558711,56.54,0.09854185106516332
S4,92.59,6.37,23.43,37.93,2.35,0.0972,7,33.68,0.0969,26.07,2,1,0.6177166839660733,18.8,0.06879791891155428
S4,106.42,9.95,21.88,17.02,5.44,0.269,8,32.61,0.0822,26.37,2,1,1.2855456606664744,48.96,0.09349745409721347
S4,95.43,9.78,23.5,22.41,5.19,0.3318,7,33.47,0.0908,23.54,2,1,1.0486385325129262,41.52,0.10248348501692495
S4,90.9,9.55,21.43,46.58,4.94,0.343,4,33.46,0.0812,24.5,2,1,0.46006860024289387,24.700000000000003,0.10506049449279488
S4,89.5,5.56,20.6,30.29,6.5,0.3626,6,32.87,0.0523,22.5,2,1,0.6800922152221146,45.5,0.06212289808682702
S4,87.34,4.21,15.35,25.41,4.87,0.2661,8,33.34,0.1221,19.87,2,1,0.6040926390819996,43.83,0.04820242177668631
S4,91.42,8.21,24.76,35.24,5.65,0.3967,8,33.14,0.093,22.36,2,1,0.7026104703148495,50.85,0.08980528442296168
S4,104.28,6.94,14.47,28.15,4.27,0.377,6,33.24,0.1385,26.7,2,1,0.514031788976274,29.889999999999997,0.06655158548603898
S4,86.06,4.66,29.58,31.5,5.16,0.1607,4,32.98,0.0548,21.09,2,1,0.9390473209373584,25.8,0.054148262357859356
S4,101.33,4.34,18.34,27.55,6.32,0.5514,3,33.09,0.0984,26.02,2,1,0.6656984879497321,25.28,0.04283035203490062
S4,85.24,10.63,19.55,26.91,5.3,0.3962,6,33.8,0.0751,18.86,2,1,0.7264954565234275,37.1,0.12470669583450308
S4,96.05,2.31,16.79,34.37,5.68,0.3609,6,33.17,0.0857,22.5,2,1,0.48850727712910175,39.76,0.024049971467988394
S4,105.95,4.86,22.04,25.64,4.53,0.1489,7,33.08,0.0742,25.67,2,1,0.8595940485202619,36.24,0.04587068939398873
S4,84.96,4.92,17.16,35.5,5.92,0.3508,5,33.99,0.013,22.49,2,1,0.48338014552671954,35.519999999999996,0.057909597703672586
S4,78.54,7.86,13.46,34.73,5.31,0.3265,5,33.21,0.2092,17.09,2,1,0.38756107470167733,31.86,0.1000763814519504
S4,94.77,9.33,27.34,30.28,5.66,0.0839,5,32.7,0.1006,22.6,2,1,0.9029059105330546,33.96,0.09844886583846514
S4,109.6,6.21,23.06,34.45,7.21,0.4295,7,32.83,0.1008,23.01,2,1,0.669375712808211,57.68,0.056660578771845
S4,100.78,6.51,43.12,15.32,5.99,0.3913,3,33.32,0.0782,20.72,2,1,2.8146195727026284,23.96,0.06459614362014847
S4,101.31,5.53,20.7,39.73,4.87,0.0939,7,33.24,0.063,30.79,2,1,0.5210167326914843,38.96,0.05458493193318212
S4,97.3,6.66,17.47,26.27,4.24,0.4409,4,32.97,0.0521,24.66,2,1,0.6650168766589735,21.200000000000003,0.06844809162917866
S4,100.41,6.86,33.19,37.99,5.13,0.1743,7,33.06,0.1245,22.68,2,1,0.8736507308105471,41.04,0.06831988165323358
S4,104.15,5.31,21.72,35.89,6.0,0.2164,7,33.17,0.1116,24.94,2,1,0.6051823334682825,48.0,0.050984152569932537
S4,105.01,4.45,24.42,28.05,5.92,0.0362,5,33.2,0.079,23.02,2,1,0.870587924924091,35.519999999999996,0.04237691244863227
S4,91.96,7.31,18.02,25.08,5.7,0.3394,5,32.62,0.0719,19.34,2,1,0.7185005109647086,34.2,0.07949107443550735
S4,100.7,5.82,22.62,18.21,5.91,0.3551,3,33.04,0.1082,24.75,2,1,1.2421739471861906,23.64,0.05779542623679978
S4,89.54,6.67,24.61,29.02,4.97,0.5491,7,33.23,0.1152,21.89,2,1,0.8480355451290333,39.76,0.07449183889972762
S4,82.86,9.22,30.55,32.26,1.49,0.3113,4,32.8,0.1107,26.91,2,1,0.9469928868589935,7.45,0.11127201167366502
S4,94.84,6.8,18.11,27.65,5.22,0.1808,4,32.98,0.1023,22.09,2,1,0.654972638346243,26.099999999999998,0.07169969720585224
S4,85.79,7.75,19.05,41.46,6.4,0.1316,7,33.18,0.0585,18.13,2,1,0.45947890509433065,51.2,0.09033685856896391
S4,93.29,8.3,20.03,20.8,3.98,0.2387,2,32.8,0.0828,25.85,2,1,0.9629803062594682,11.94,0.08896986933541973
S4,83.59,2.44,14.04,28.35,4.37,0.3759,6,32.68,0.1125,19.58,2,1,0.49523792055099797,30.59,0.029190091016857156
S4,91.99,8.72,32.53,33.61,2.61,0.0269,3,32.8,0.066,22.66,2,1,0.9678664183676232,10.44,0.0947929019683768
S4,92.77,5.44,28.68,28.65,6.26,0.3318,8,33.3,0.1054,16.35,2,1,1.0010467710133435,56.339999999999996,0.05863964011645574
S4,104.0,1.98,9.71,28.7,6.12,0.4697,5,32.97,0.068,18.91,2,1,0.33832740824828983,36.72,0.019038459707840412
S4,79.02,4.54,40.12,30.11,1.31,0.0592,5,33.95,0.0662,17.72,3,0,1.3324472492702593,7.86,0.057453801891444965
S4,81.91,5.32,35.43,37.86,1.65,0.118,0,33.91,0.0393,20.5,3,0,0.935815917639747,1.65,0.0649493267062231
S4,74.33,3.78,40.36,43.9,2.25,0.0841,1,33.81,0.062,14.07,3,0,0.9193619773662921,4.5,0.050854291557340024
S4,76.43,6.45,34.81,33.19,2.27,0.1143,5,34.26,0.0102,20.43,3,0,1.0488095664930501,13.620000000000001,0.08439093492202865
S4,78.39,5.56,39.53,42.7,2.31,0.1278,5,34.17,0.0701,19.57,3,0,0.9257609073159466,13.86,0.07092740516297931
S4,79.77,4.73,29.9,34.7,2.19,0.091,1,34.18,0.0405,16.41,3,0,0.8616712214203971,4.38,0.0592954670558522
S4,75.38,4.21,26.87,32.24,2.65,0.0786,3,33.82,0.0759,19.61,3,0,0.8334364660556866,10.6,0.055850350776021386
S4,86.45,5.69,48.45,58.64,1.46,0.1001,3,34.02,0.0604,19.26,3,0,0.8262276899338864,5.84,0.06581838452071896
S4,69.7,7.56,32.41,43.14,2.33,0.1291,3,34.08,0.0484,15.5,3,0,0.7512747447207359,9.32,0.10846483379270676
S4,76.55,6.07,42.93,43.35,2.94,0.0717,3,34.31,0.0381,17.69,3,0,0.9903111902396331,11.76,0.07929456834819486
S4,72.22,4.93,43.1,68.16,1.72,0.074,2,33.81,0.029,18.53,3,0,0.6323355879789337,5.16,0.06826362942901835
S4,78.1,3.38,31.11,45.21,1.72,0.1648,0,34.03,0.0553,19.51,3,0,0.6881219446755265,1.72,0.043277843370314546
S4,81.55,6.34,43.77,54.08,1.84,0.1417,2,34.43,0.0334,20.75,3,0,0.8093563592166496,5.5200000000000005,0.07774370597869945
S4,75.9,1.94,22.43,39.75,2.95,0.1509,2,34.13,0.0443,18.67,3,0,0.5642765876033742,8.850000000000001,0.025559943931496184
S4,83.4,4.21,33.68,50.87,2.54,0.0629,1,34.48,0.0829,16.66,3,0,0.6620796811323607,5.08,0.05047961025424337
S4,78.91,3.99,54.76,44.16,2.74,0.0443,5,34.34,0.0685,18.72,3,0,1.2400359510788155,16.44,0.05056392718743795
S4,92.0,5.08,37.99,61.61,2.11,0.1172,2,34.39,0.0509,18.05,3,0,0.616620578376793,6.33,0.055217385302458115
S4,75.86,5.09,34.63,48.49,3.15,0.0812,2,34.41,0.0702,22.84,3,0,0.7141677223824041,9.45,0.06709727562651256
S4,76.31,5.79,34.96,64.24,2.19,0.079,4,34.4,0.0655,19.59,3,0,0.5442091307270968,10.95,0.07587471158764099
S4,78.37,5.65,14.5,44.9,1.93,0.0181,2,33.45,0.0951,18.59,3,0,0.32293979444548004,5.79,0.07209390428813267
S4,78.89,3.29,33.01,47.07,2.96,0.1296,4,33.99,0.0574,17.68,3,0,0.7012957932237532,14.8,0.04170363269062838
S4,81.75,4.37,51.7,48.16,2.65,0.1055,0,33.93,0.0289,19.06,3,0,1.073504760484892,2.65,0.05345565095343719
S4,78.64,8.46,47.08,41.69,2.07,0.0701,5,34.66,0.0336,17.56,3,0,1.1292873280673235,12.419999999999998,0.1075788266049305
S4,77.86,4.23,39.62,41.31,2.14,0.1181,1,33.7,0.054,19.75,3,0,0.9590895765941473,4.28,0.05432827455326554
S4,69.72,5.39,33.81,40.11,1.4,0.0227,0,34.72,0.0289,21.46,3,0,0.8429317270177694,1.4,0.07730922585926192
S4,70.18,2.61,34.44,43.54,2.04,0.0811,3,34.24,0.052,13.37,3,0,0.7909966028946708,8.16,0.03719007734538652
S4,83.16,4.87,42.9,40.46,2.56,0.1437,3,33.93,0.1143,14.97,3,0,1.0603062134685581,10.24,0.05856180151974489
S4,77.67,4.13,35.51,47.32,2.01,0.0835,4,34.16,0.0862,13.89,3,0,0.7504224956841724,10.049999999999999,0.053173676686793264
S4,78.55,5.22,41.4,46.51,1.63,0.0714,2,34.5,0.0739,20.06,3,0,0.8901309632055551,4.89,0.06645447912737376
S4,87.72,5.13,37.76,40.98,1.94,0.1614,2,34.2,0.0614,21.93,3,0,0.9214248605600632,5.82,0.05848152548090225
S4,92.11,3.24,30.95,56.44,1.72,0.0657,0,34.35,0.0332,15.99,3,0,0.5483698532300048,1.72,0.035175330021134515
S4,85.77,1.3,42.68,42.35,2.45,0.1143,5,34.4,0.0447,16.27,3,0,1.0077919698248003,14.700000000000001,0.015156812969941359
S4,80.95,3.77,39.11,52.93,1.39,0.0844,5,34.41,0.0598,19.92,3,0,0.7389002949366531,8.34,0.04657195224558959
S4,82.44,2.11,36.23,50.47,1.58,0.0951,3,33.81,0.0711,16.99,3,0,0.7178520471860417,6.32,0.02559436855963506
S4,76.51,1.13,41.38,36.75,1.49,0.0915,2,34.07,0.0518,14.27,3,0,1.1259860881670507,4.47,0.014769309270773847
S4,87.05,4.05,46.64,50.32,2.65,0.1294,2,33.77,0.0637,15.51,3,0,0.9268678603203775,7.949999999999999,0.046524980295809266
S4,81.87,6.55,39.95,58.47,2.64,0.0723,1,34.23,0.05,22.12,3,0,0.6832562539325716,5.28,0.08000487602236764
S4,77.06,5.07,47.91,51.91,1.89,0.1294,4,34.2,0.0726,20.34,3,0,0.9229433783580469,9.45,0.06579288012031143
S4,84.06,5.09,49.0,36.02,2.01,0.1089,2,33.97,0.0728,20.98,3,0,1.3603549804678008,6.029999999999999,0.06055197947275999
S4,81.23,3.82,27.03,39.81,2.07,0.0739,3,34.14,0.0779,17.04,3,0,0.6789749613225416,8.28,0.047026954693222364
S5,72.68,3.17,45.54,63.82,2.1,0.0401,0,34.09,0.0275,10.92,1,0,0.7135693021671415,2.1,0.043615844301617454
S5,68.56,2.71,33.76,61.38,1.8,0.0502,2,33.72,0.0592,13.47,1,0,0.5500162023434013,5.4,0.03952741547149716
S5,67.31,1.84,33.25,62.54,1.98,0.0566,1,33.43,0.0009,18.3,1,0,0.5316596527566912,3.96,0.027336201554568184
S5,67.79,2.17,39.38,57.82,1.04,0.0536,0,33.7,0.0705,16.45,1,0,0.6810790935525608,1.04,0.032010616313524656
S5,71.76,1.63,44.07,41.99,1.53,0.0305,3,33.87,0.0506,13.84,1,0,1.0495353537662886,6.12,0.022714601070986468
S5,65.43,4.02,47.82,41.32,1.65,0.0464,2,33.24,0.0468,14.47,1,0,1.1573085292089715,4.949999999999999,0.06143969716648368
S5,79.44,5.74,51.43,56.69,1.57,0.0505,4,33.34,0.0833,14.71,1,0,0.9072145162789704,7.8500000000000005,0.07225578143809398
S5,64.61,3.29,46.64,50.69,1.25,0.0679,1,33.94,0.0383,15.98,1,0,0.9201024028205952,2.5,0.05092090219456706
S5,60.98,2.92,46.01,65.86,1.47,0.0673,0,33.34,0.0784,13.61,1,0,0.6986029914055585,1.47,0.047884544459733606
S5,71.66,2.18,54.79,61.18,1.96,0.0499,3,33.78,0.0562,14.3,1,0,0.8955539562677416,7.84,0.03042143030680571
S5,69.68,2.45,43.6,72.52,2.03,0.0248,2,34.15,0.0273,11.7,1,0,0.6012133754532025,6.09,0.03516072974157151
S5,68.85,1.53,48.92,53.87,2.31,0.0648,1,33.9,0.0655,13.71,1,0,0.9081119531999344,4.62,0.022222218994594194
S5,65.87,2.84,32.06,27.35,0.99,0.0536,0,33.41,0.0489,17.59,1,0,1.1722116372169518,0.99,0.04311522041669645
S5,74.42,2.16,40.88,64.35,1.6,0.0722,0,33.95,0.0566,18.49,1,0,0.6352757365538871,1.6,0.029024451891366314
S5,71.68,3.43,42.79,63.19,1.32,0.0567,0,33.72,0.0909,16.4,1,0,0.6771640010818165,1.32,0.04785155582428071
S5,63.43,4.51,53.74,47.74,1.73,0.0515,1,33.53,0.0256,14.1,1,0,1.1256805350480654,3.46,0.0711019909976366
S5,74.3,2.82,48.11,60.27,1.49,0.0422,1,33.26,0.0592,15.04,1,0,0.7982411152744125,2.98,0.03795423446107207
S5,63.04,4.46,55.64,53.48,1.71,0.0549,1,33.98,0.0226,16.77,1,0,1.0403887359033777,3.42,0.0707487197416371
S5,72.77,2.53,36.85,61.13,1.2,0.0465,0,33.44,0.0425,17.79,1,0,0.6028135771612011,1.2,0.03476706956615781
S5,70.24,2.37,54.97,54.71,1.44,0.0368,1,33.53,0.0315,13.8,1,0,1.0047521468192018,2.88,0.03374145305503231
S5,74.5,1.64,36.14,51.32,1.19,0.0494,2,33.96,0.0456,15.08,1,0,0.7042087482056218,3.57,0.022013419863970485
S5,72.41,3.53,52.06,41.14,1.33,0.0736,2,33.49,0.046,15.92,1,0,1.2654347920673816,3.99,0.048750165895571615
S5,68.78,3.44,66.73,52.2,1.89,0.0443,0,34.2,0.0512,17.28,1,0,1.2783522455263896,1.89,0.050014531838538545
S5,67.28,2.67,25.41,60.47,1.45,0.0504,0,33.49,0.0667,13.87,1,0,0.4202082982953037,1.45,0.03968489303137737
S5,70.82,2.46,43.98,67.29,1.05,0.0363,1,33.53,0.0242,16.71,1,0,0.6535888462492425,2.1,0.03473594539170497
S5,62.78,2.97,40.95,53.69,1.52,0.0336,2,33.9,0.0524,15.12,1,0,0.7627117223483475,4.5600000000000005,0.047308052356156045
S5,71.66,2.95,59.61,52.75,1.24,0.0168,1,33.92,0.0628,17.46,1,0,1.1300471791379754,2.48,0.04116661440599855
S5,69.37,2.13,51.03,58.35,0.73,0.0566,1,33.49,0.0237,13.74,1,0,0.8745499786546737,1.46,0.030704911243345644
S5,71.03,2.72,34.36,64.41,1.59,0.1062,2,33.9,0.0623,15.9,1,0,0.5334574548272853,4.7700000000000005,0.038293673336101175
S5,78.82,1.89,41.55,56.17,1.47,0.0617,2,33.88,0.0873,16.32,1,0,0.7397185793629019,4.41,0.023978682570580744
S5,69.2,3.91,40.28,42.6,1.97,0.0459,1,33.56,0.0605,16.36,1,0,0.945539684145614,3.94,0.05650288200825404
S5,61.92,4.33,50.59,44.44,1.54,0.0384,2,33.97,0.0798,16.74,1,0,1.138388582720841,4.62,0.06992892927504371
S5,62.86,3.7,38.18,53.48,1.66,0.0627,3,34.01,0.0519,14.95,1,0,0.7139116092162286,6.64,0.05886095150159855
S5,64.93,4.29,29.22,53.78,1.49,0.0518,1,33.64,0.0712,15.11,1,0,0.5433245549786992,2.98,0.0660711433742271
S5,64.87,1.71,65.45,59.9,1.45,0.0514,1,33.6,0.0632,15.25,1,0,1.0926542416270049,2.9,0.026360409070385525
S5,65.32,3.05,47.59,44.35,1.62,0.0613,1,33.82,0.064,15.64,1,0,1.0730550004385568,3.24,0.0466931955460509
S5,68.21,1.99,31.23,65.93,1.35,0.0303,0,33.65,0.0445,19.32,1,0,0.4736841386797908,1.35,0.029174603551590156
S5,59.68,2.58,45.06,46.63,1.61,0.0775,1,33.64,0.0655,15.12,1,0,0.9663304811643831,3.22,0.04323055575895513
S5,64.01,3.69,54.7,47.29,1.69,0.0685,1,33.91,0.0668,14.34,1,0,1.1566925022853665,3.38,0.05764723361236781
S5,69.08,3.52,60.01,50.25,2.28,0.0775,2,33.54,0.0397,13.51,1,0,1.1942286180639565,6.84,0.050955406636449534
S5,67.99,3.14,46.24,53.73,1.58,0.044,2,33.65,0.0703,17.69,1,0,0.8605991325890318,4.74,0.04618325545179358
S5,63.59,4.14,56.66,46.81,1.78,0.0415,3,33.37,0.0352,14.71,1,0,1.2104248642544615,7.12,0.06510456595304827
S5,72.43,1.72,53.76,50.9,2.12,0.0374,1,34.01,0.0703,17.08,1,0,1.0561883976054227,4.24,0.023747062854195377
S5,76.09,3.44,46.19,62.52,1.11,0.0639,2,33.84,0.0795,14.1,1,0,0.738803464682747,3.33,0.04520961424502375
S5,64.46,3.85,43.38,38.23,1.84,0.0189,3,33.18,0.0503,15.46,1,0,1.134710663167496,7.36,0.05972695319159895
S5,60.11,1.89,45.36,52.92,1.21,0.0512,4,33.8,0.0641,12.52,1,0,0.857142695173338,6.05,0.031442350450449096
S5,67.3,2.74,51.81,60.91,1.29,0.0402,0,33.89,0.0723,16.66,1,0,0.8505991051388763,1.29,0.04071321831898688
S5,66.14,4.54,41.47,54.83,1.54,0.0717,2,33.5,0.0491,17.49,1,0,0.7563376333507872,4.62,0.06864226358598978
S5,63.8,3.84,41.53,41.37,1.59,0.0558,2,33.58,0.0629,14.03,1,0,1.0038672942066005,4.7700000000000005,0.06018807834042659
S5,72.56,3.64,37.38,51.72,1.94,0.0401,5,33.71,0.0398,14.68,1,0,0.7227376792850582,11.64,0.050165373461221956
S5,73.87,3.05,42.64,57.23,1.38,0.0613,1,33.92,0.063,15.14,1,0,0.7450636475513459,2.76,0.04128874491826926
S5,70.36,2.6,49.25,63.6,2.11,0.061,2,33.9,0.0608,17.13,1,0,0.7743709474259516,6.33,0.036952808846957244
S5,74.21,2.5,36.28,60.86,1.97,0.0544,2,33.47,0.052,12.05,1,0,0.596122149832049,5.91,0.0336881776461154
S5,74.5,3.96,49.5,57.93,1.84,0.0726,2,33.66,0.0465,19.79,1,0,0.8544793967755226,5.5200000000000005,0.05315435528129459
S5,66.57,3.32,39.91,57.4,1.4,0.0587,2,33.74,0.0578,15.56,1,0,0.6952960461156713,4.199999999999999,0.049872307364832905
S5,71.66,3.13,57.29,47.65,2.07,0.0209,3,34.36,0.0453,13.37,1,0,1.2023082471546176,8.28,0.04367847562399168
S5,69.79,1.99,39.57,57.83,1.65,0.0481,3,33.67,0.0536,13.62,1,0,0.6842468123384381,6.6,0.028514109684179723
S5,70.09,2.91,30.54,58.56,1.65,0.0467,0,33.8,0.0519,12.43,1,0,0.5215163043858769,1.65,0.04151804230017944
S5,69.5,3.8,48.41,62.42,2.21,0.0626,1,33.98,0.0453,13.65,1,0,0.7755525832181057,4.42,0.05467625112571926
S5,74.3,2.71,30.87,52.13,1.35,0.05,1,33.75,0.0369,14.0,1,0,0.5921732990267985,2.7,0.03647375013812246
S5,70.89,3.55,40.19,58.56,1.28,0.0439,2,33.51,0.037,16.74,1,0,0.6863045276119316,3.84,0.05007757792670645
S5,70.83,4.43,50.51,44.3,1.79,0.0641,1,33.54,0.0661,14.47,1,0,1.1401803295303996,3.58,0.06254411089310873
S5,65.32,2.02,58.86,45.68,1.17,0.0607,1,33.2,0.0905,13.78,1,0,1.2885286145953119,2.34,0.03092467377148289
S5,65.73,3.44,48.69,46.94,1.37,0.0343,0,33.81,0.0795,16.4,1,0,1.0372814151509553,1.37,0.05233530315908973
S5,70.54,1.98,43.36,54.99,1.7,0.0742,4,33.68,0.0666,16.88,1,0,0.7885068578820043,8.5,0.028069176627562142
S5,70.06,2.45,33.15,50.82,1.69,0.038,2,33.69,0.0064,17.11,1,0,0.6523021148559396,5.07,0.03497002070082491
S5,70.31,4.67,47.31,71.24,2.16,0.0633,3,33.67,0.0687,13.04,1,0,0.6640931128448747,8.64,0.06642012993597923
S5,69.28,3.2,49.18,50.57,1.94,0.0322,0,33.49,0.0546,14.35,1,0,0.9725131555243908,1.94,0.04618936977636118
S5,74.29,3.71,58.17,60.49,2.44,0.0617,1,33.86,0.0206,15.85,1,0,0.9616463941731865,4.88,0.04993941984931755
S5,71.03,2.61,64.73,45.99,2.25,0.0373,2,34.06,0.0318,13.99,1,0,1.4074795808915892,6.75,0.03674503213500885
S5,60.37,2.37,45.31,50.15,1.28,0.0737,0,33.53,0.0634,15.05,1,0,0.9034893512483846,1.28,0.03925790305484462
S5,61.25,3.12,52.48,61.84,0.99,0.0574,0,33.37,0.0487,15.56,1,0,0.8486415186543468,0.99,0.05093876719367066
S5,69.7,3.48,51.55,58.04,1.67,0.0534,3,33.61,0.0239,14.13,1,0,0.8881804120984816,6.68,0.04992825682521423
S5,66.88,1.93,51.39,58.32,1.54,0.0636,0,33.47,0.0005,14.1,1,0,0.8811726884134622,1.54,0.028857651187552156
S5,72.09,4.77,53.98,40.23,1.69,0.0627,0,33.92,0.054,12.47,1,0,1.3417844042295788,1.69,0.06616728170796479
S5,65.33,3.99,47.57,37.36,1.84,0.0694,2,33.59,0.0659,14.38,1,0,1.2732865970860285,5.5200000000000005,0.06107453527100333
S5,68.18,3.27,61.23,62.88,2.55,0.0478,5,33.85,0.0606,13.22,1,0,0.9737593871247793,15.299999999999999,0.047961271932931655
S5,69.98,4.02,41.41,57.43,1.43,0.0443,4,33.78,0.0464,12.16,1,0,0.7210515895783406,7.1499999999999995,0.05744497607245268
S5,71.96,3.77,45.84,40.11,1.37,0.0681,1,33.71,0.0574,12.81,1,0,1.1428568579264877,2.74,0.052390209506641264
S5,72.46,5.23,50.81,50.83,2.14,0.0691,1,33.64,0.0722,16.25,1,0,0.9996063349190764,4.28,0.0721777432821221
S5,62.88,2.98,29.81,42.74,2.0,0.1227,2,33.77,0.0759,16.78,1,0,0.6974729299314623,6.0,0.0473918499694895
S5,69.49,4.02,50.52,43.72,2.17,0.0402,1,33.85,0.0532,13.88,1,0,1.1555349598501923,4.34,0.05785004204201438
S5,67.6,3.08,41.8,66.67,1.51,0.0416,0,33.58,0.0562,16.92,1,0,0.6269685575268399,1.51,0.04556212343755571
S5,67.29,2.91,35.51,66.75,2.13,0.0474,1,33.73,0.0818,13.36,1,0,0.5319849390284735,4.26,0.04324564671635507
S5,66.99,3.22,70.61,58.52,1.17,0.0306,2,33.59,0.0311,16.32,1,0,1.206595829358197,3.51,0.04806686847785215
S5,68.18,2.07,43.88,69.9,1.58,0.0495,3,33.6,0.0771,16.2,1,0,0.6277538443842855,6.32,0.03036080516855306
S5,65.85,2.69,57.58,47.62,1.24,0.0735,0,33.56,0.0639,14.87,1,0,1.2091555629660724,1.24,0.040850411412238205
S5,70.15,3.31,42.75,52.67,1.48,0.0503,0,33.93,0.0485,15.17,1,0,0.8116573359298773,1.48,0.04718459769285849
S5,72.52,3.26,36.2,60.41,1.51,0.018,1,33.91,0.0175,18.9,1,0,0.5992384374708761,3.02,0.04495311018296881
S5,65.38,2.98,68.1,58.79,1.94,0.0918,1,33.67,0.0226,16.69,1,0,1.1583600683177293,3.88,0.04557968100647278
S5,63.78,3.66,41.03,51.34,1.31,0.0715,2,34.07,0.0864,14.65,1,0,0.7991817687608552,3.93,0.057384751115592485
S5,73.72,3.92,40.14,49.97,1.69,0.0463,0,33.42,0.0775,15.97,1,0,0.8032818084286956,1.69,0.053174165331773555
S5,61.6,4.0,45.89,57.75,1.68,0.0349,1,33.71,0.0429,16.52,1,0,0.7946318970334377,3.36,0.06493505439366
S5,75.81,1.5,37.66,56.17,2.26,0.0614,0,33.67,0.0486,15.02,1,0,0.6704645414875303,2.26,0.01978630526496435
S5,69.18,5.49,35.64,38.56,1.33,0.0549,2,33.56,0.0438,15.0,1,0,0.9242736192236464,3.99,0.07935818453914649
S5,66.95,1.28,35.21,49.13,1.68,0.0493,4,33.75,0.0664,14.46,1,0,0.7166699131549128,8.4,0.01911874247666281
S5,64.35,2.37,49.76,63.41,1.8,0.0805,1,33.51,0.0009,14.64,1,0,0.7847341452871557,3.6,0.03682983110647536
S5,69.23,1.8,39.51,59.32,1.53,0.0203,1,33.84,0.0402,19.39,1,0,0.6660484379554217,3.06,0.026000285136460327
S5,70.45,2.61,56.79,52.0,1.52,0.0447,1,33.91,0.0039,15.79,1,0,1.0921151745932356,3.04,0.037047546196231906
S5,66.45,3.35,35.2,40.47,1.84,0.0602,1,33.82,0.027,14.66,1,0,0.8697798690931878,3.68,0.05041383740950528
S5,79.68,7.04,13.55,28.57,4.9,0.3846,2,32.26,0.1184,20.33,2,1,0.4742735476816424,14.700000000000001,0.08835340256608902
S5,90.66,8.5,16.32,43.81,7.18,0.2443,2,32.34,0.0765,25.59,2,1,0.37251760499484016,21.54,0.09375688354766341
S5,85.45,7.52,21.01,23.74,5.61,0.3435,7,33.33,0.0007,24.48,2,1,0.885003839509756,44.88,0.08800467080109176
S5,89.4,6.21,27.2,15.29,3.99,0.1885,8,32.26,0.0957,19.29,2,1,1.778939320510582,35.910000000000004,0.06946307947840273
S5,72.11,7.74,26.11,28.37,5.9,0.3288,3,32.84,0.1226,24.9,2,1,0.9203380612132318,23.6,0.10733599953737352
S5,88.71,10.84,34.83,24.28,6.03,0.2267,7,32.95,0.1022,24.51,2,1,1.4345134124738828,48.24,0.12219590551280515
S5,89.39,10.04,10.9,35.32,4.95,0.5945,7,32.84,0.0698,19.42,2,1,0.3086069341429971,39.6,0.11231680139648713
S5,99.72,8.32,25.14,25.44,5.41,0.4215,4,32.98,0.0369,20.75,2,1,0.9882071587236011,27.05,0.08343360575274712
S5,92.95,8.12,28.95,33.07,4.1,0.3024,6,32.55,0.0779,30.04,2,1,0.8754155199832112,28.699999999999996,0.08735878565263197
S5,91.68,7.46,24.51,14.42,5.89,0.3297,5,32.86,0.0717,23.28,2,1,1.6997214287646127,35.339999999999996,0.08136997367255958
S5,81.85,7.26,39.75,24.74,4.55,0.3686,7,32.32,0.1278,17.77,2,1,1.606709132292186,36.4,0.08869882850350293
S5,101.87,9.71,30.35,25.44,5.71,0.1396,6,32.71,0.0945,20.92,2,1,1.1930026757064953,39.97,0.09531755224133187
S5,85.98,3.27,31.44,12.85,6.8,0.4205,8,32.7,0.0656,25.66,2,1,2.4466907029644336,61.199999999999996,0.03803209606512025
S5,92.21,5.29,25.16,29.51,4.85,0.2905,8,32.93,0.0718,19.02,2,1,0.8525920526628082,43.65,0.05736904268853241
S5,82.39,9.14,23.2,16.16,5.9,0.3675,6,33.39,0.0903,24.32,2,1,1.4356426759636907,41.300000000000004,0.1109357797140697
S5,84.9,1.03,24.48,36.3,6.48,0.5685,6,31.97,0.1111,18.26,2,1,0.6743799795096476,45.36,0.012131918476805833
S5,95.16,8.47,7.16,23.42,5.55,0.2027,9,32.76,0.1169,21.22,2,1,0.3057214749267827,55.5,0.08900797719546268
S5,76.2,5.76,25.47,10.38,6.9,0.189,4,33.86,0.086,22.71,2,1,2.45375486150784,34.5,0.07559054126108382
S5,81.59,10.3,21.37,42.15,5.47,0.328,3,33.09,0.1138,21.46,2,1,0.506998693475992,21.88,0.1262409454294711
S5,94.7,8.82,19.02,36.28,6.9,0.3082,7,33.08,0.0659,21.09,2,1,0.524255643810462,55.2,0.09313620980610245
S5,86.6,9.23,20.44,23.05,6.37,0.3231,6,33.0,0.1166,15.45,2,1,0.8867675111637696,44.59,0.1065819738357998
S5,81.74,6.4,20.76,39.79,9.41,0.2928,6,32.8,0.0713,25.38,2,1,0.5217389993116363,65.87,0.0782970298144079
S5,92.39,4.69,15.91,22.7,5.79,0.1241,5,32.76,0.0604,17.99,2,1,0.7008807485106835,34.74,0.05076306410184391
S5,83.88,9.32,30.3,27.46,4.94,0.12,5,31.91,0.0051,22.51,2,1,1.10342275913228,29.64,0.11111109786467599
S5,72.53,7.07,17.38,25.23,5.72,0.2397,9,33.07,0.1313,22.4,2,1,0.688862192286091,57.199999999999996,0.09747689266828999
S5,77.88,9.61,25.53,26.35,3.76,0.4845,10,32.83,0.101,20.78,2,1,0.9688800877115417,41.36,0.12339495077106435
S5,87.54,5.39,23.36,28.53,3.71,0.46,7,32.95,0.0183,25.05,2,1,0.8187869545086034,29.68,0.061571845833693635
S5,85.18,5.44,23.99,42.94,6.45,0.1428,3,33.18,0.1587,19.4,2,1,0.5586864092486238,25.8,0.06386474948758517
S5,92.4,3.56,28.69,24.3,7.5,0.2634,9,33.11,0.1185,29.85,2,1,1.1806579503465224,75.0,0.038528134358427016
S5,89.76,7.38,24.48,28.46,4.02,0.3579,10,32.73,0.0989,20.02,2,1,0.8601543007187981,44.22,0.08221924217700063
S5,77.01,6.07,22.19,23.44,3.9,0.5308,5,32.91,0.0656,20.18,2,1,0.9466719510785192,23.4,0.07882092211129436
S5,80.91,6.1,33.49,34.16,4.11,0.3643,6,33.67,0.0919,17.53,2,1,0.9803861298635452,28.770000000000003,0.07539240200316376
S5,70.36,6.29,31.9,22.55,6.51,0.1476,4,32.86,0.1198,19.46,2,1,1.4146335190095258,32.55,0.08939737217206194
S5,72.38,5.13,27.48,32.32,5.76,0.3393,2,32.67,0.0102,24.47,2,1,0.8502472616809215,17.28,0.07087592278586312
S5,88.78,6.93,24.95,35.79,6.85,0.183,7,32.98,0.0516,26.82,2,1,0.6971219063643737,54.8,0.0780581124061599
S5,76.62,8.44,13.83,12.74,3.39,0.234,13,32.8,0.0879,23.95,2,1,1.0855564477578903,47.46,0.11015399241007667
S5,78.13,4.11,28.76,27.94,7.03,0.0423,4,32.89,0.004,22.48,2,1,1.0293482357379258,35.15,0.05260462657050729
S5,80.3,8.94,15.22,28.94,4.87,0.1571,7,33.5,0.1053,26.91,2,1,0.5259155059034188,38.96,0.11133248924875601
S5,85.48,6.1,19.9,33.16,4.83,0.3366,10,32.63,0.0858,24.42,2,1,0.6001204462845457,53.13,0.07136171369189123
S5,74.53,5.96,16.12,28.07,8.1,0.3409,3,32.86,0.1093,23.09,2,1,0.5742783846532296,32.4,0.07996778747245573
S5,99.08,5.62,25.39,32.53,5.97,0.5468,4,33.33,0.0814,28.31,2,1,0.7805100582508274,29.849999999999998,0.056721835211764715
S5,82.0,8.99,21.62,32.67,3.83,0.4986,13,33.5,0.1267,22.68,2,1,0.6617690046620738,53.620000000000005,0.1096341329714472
S5,91.78,9.67,22.67,33.04,5.26,0.2221,5,32.83,0.0906,21.8,2,1,0.6861378068590173,31.56,0.10536063354100746
S5,91.59,6.92,15.06,25.38,5.98,0.0212,4,32.77,0.078,19.0,2,1,0.5933803808587941,29.900000000000002,0.07555409154338993
S5,79.46,9.44,16.7,32.05,6.08,0.4282,5,33.71,0.0529,21.37,2,1,0.5210606798562621,36.480000000000004,0.1188018979609995
S5,80.11,10.93,23.55,28.81,4.34,0.0969,7,33.27,0.1612,25.84,2,1,0.8174242216507388,34.72,0.13643738154570195
S5,82.51,2.54,34.62,24.95,5.41,0.4392,6,33.24,0.1131,21.59,2,1,1.3875745941584792,37.870000000000005,0.030784143645116512
S5,81.48,4.72,15.98,30.03,4.55,0.2595,3,32.93,0.1273,21.64,2,1,0.5321343549336147,18.2,0.057928318860049226
S5,80.97,5.74,19.46,31.14,5.9,0.327,11,32.86,0.0979,24.7,2,1,0.6249195167246253,70.80000000000001,0.07089044449914234
S5,80.81,5.96,13.22,21.17,4.7,0.2667,4,33.35,0.1724,19.32,2,1,0.6244682926460592,23.5,0.07375323923360484
S5,83.99,3.43,30.53,38.87,3.39,0.3886,8,33.3,0.0185,25.49,2,1,0.7854384395579008,30.51,0.0408381901609489
S5,82.02,7.83,25.64,29.3,4.61,0.3025,9,32.09,0.1005,15.45,2,1,0.8750850255682506,46.1,0.09546450920939903
S5,91.92,8.6,25.61,25.08,5.07,0.2711,6,32.96,0.0963,21.55,2,1,1.0211319692456264,35.49,0.09355960687993832
S5,91.04,8.99,28.05,34.95,5.15,0.0928,3,32.91,0.1344,24.28,2,1,0.8025748776609791,20.6,0.09874779231680664
S5,110.53,7.59,11.08,21.02,5.43,0.173,8,33.27,0.0487,22.56,2,1,0.527116780629505,48.87,0.06866913338739407
S5,91.2,2.9,16.89,22.79,5.77,0.4758,3,33.02,0.1092,24.06,2,1,0.7411141987212819,23.08,0.03179824212738573
S5,97.79,4.5,21.3,18.79,8.07,0.3764,3,33.3,0.0895,26.66,2,1,1.133581089100006,32.28,0.04601697044514056
S5,80.32,2.88,28.72,31.33,5.11,0.1439,8,33.31,0.1272,24.12,2,1,0.9166929726482692,45.99,0.03585656924096498
S5,87.82,3.25,24.72,23.71,5.2,0.2214,5,33.05,0.1215,21.46,2,1,1.0425976201612737,31.200000000000003,0.037007511158333964
S5,69.69,5.47,25.05,27.02,4.57,0.3587,12,33.7,0.115,12.57,2,1,0.9270907005585861,59.410000000000004,0.07849044647862728
S5,78.6,9.13,20.57,14.47,7.03,0.3281,11,33.22,0.0779,19.4,2,1,1.4215608696884108,84.36,0.11615774603591018
S5,82.99,3.0,23.81,29.57,5.0,0.3227,10,32.82,0.05,23.47,2,1,0.8052077087562702,55.0,0.03614892925064113
S5,84.38,6.68,20.84,25.15,6.98,0.182,7,33.18,0.113,21.81,2,1,0.8286279011419877,55.84,0.07916566968882796
S5,83.15,5.84,30.8,26.41,4.85,0.2238,7,32.8,0.0975,20.85,2,1,1.1662244732205707,38.8,0.07023450748833343
S5,86.19,5.4,15.84,29.89,6.14,0.3856,6,32.84,0.1589,22.7,2,1,0.5299429474931591,42.98,0.06265227257776163
S5,84.59,6.75,20.8,34.07,6.42,0.2824,11,32.65,0.1408,15.71,2,1,0.6105075989117702,77.03999999999999,0.07979665683926505
S5,96.24,2.76,33.66,24.54,4.53,0.1692,5,33.4,0.1303,20.8,2,1,1.3716375828697707,27.18,0.02867830125952813
S5,87.59,6.41,18.51,22.46,5.82,0.3464,4,32.29,0.0858,17.71,2,1,0.8241314229156621,29.1,0.07318186172144517
S5,85.76,5.66,29.45,35.51,4.23,0.2792,7,32.77,0.092,20.82,2,1,0.8293436132515873,33.84,0.06599812663268112
S5,89.42,6.49,13.64,33.6,6.63,0.4378,6,33.06,0.054,24.14,2,1,0.40595226013325586,46.41,0.07257883330587862
S5,94.38,8.54,23.98,20.36,4.93,0.4074,7,33.22,0.042,25.7,2,1,1.177799028585939,39.44,0.09048526271611965
S5,85.52,6.83,18.67,35.64,6.43,0.3556,2,32.74,0.0973,16.65,2,1,0.5238494601993658,19.29,0.07986434987554375
S5,84.72,8.39,23.19,29.58,4.91,0.1299,6,32.23,0.077,22.75,2,1,0.7839753941935788,34.370000000000005,0.09903209407081043
S5,91.09,6.73,16.67,31.51,4.13,0.1428,9,33.04,0.0641,20.98,2,1,0.5290382326124302,41.3,0.07388296477297565
S5,80.74,10.25,19.52,44.32,6.11,0.2478,11,32.69,0.1168,24.04,2,1,0.4404331136206873,73.32000000000001,0.12695069024638467
S5,81.71,3.7,16.8,32.27,2.56,0.2631,11,33.08,0.1067,16.64,2,1,0.5206072139426048,30.72,0.04528208967297887
S5,98.68,3.22,25.31,35.86,6.95,0.2941,8,33.64,0.1834,21.39,2,1,0.7058001378136814,62.550000000000004,0.0326307222709037
S5,82.52,11.77,29.49,24.02,6.03,0.1567,4,32.18,0.112,17.71,2,1,1.227726383128067,30.150000000000002,0.14263207190595348
S5,89.01,4.17,10.85,23.86,2.38,0.3797,7,32.62,0.1032,22.4,2,1,0.45473576918031466,19.04,0.04684866342560797
S5,96.29,5.26,24.78,19.23,7.28,0.3124,7,33.36,0.0397,19.59,2,1,1.2886108743573197,58.24,0.054626642992351954
S5,72.35,4.08,44.01,47.29,2.58,0.0628,5,33.32,0.042,18.26,3,0,0.9306405306321567,15.48,0.056392528487556534
S5,84.07,4.11,43.23,56.54,3.02,0.0703,1,33.89,0.0395,19.57,3,0,0.7645913044585594,6.04,0.04888782575379735
S5,76.55,3.38,41.46,44.3,2.76,0.0624,2,33.45,0.0776,18.07,3,0,0.9358914365933552,8.28,0.04415414184792399
S5,75.77,5.26,33.09,45.22,1.6,0.0146,1,33.33,0.0417,18.93,3,0,0.7317556984175811,3.2,0.06942060585711946
S5,61.07,3.75,46.8,39.65,2.09,0.0998,3,33.64,0.0274,20.25,3,0,1.1803275711658079,8.36,0.06140493509007121
S5,73.36,4.87,35.11,31.54,3.49,0.0916,3,33.33,0.057,23.3,3,0,1.1131892475620648,13.96,0.06638494187773421
S5,83.73,4.89,42.27,62.98,2.23,0.1043,2,33.46,0.0497,18.35,3,0,0.6711653427809873,6.6899999999999995,0.05840199947426256
S5,78.08,4.2,45.14,42.16,3.04,0.0996,6,33.74,0.067,17.35,3,0,1.0706828579974246,21.28,0.053790976717344174
S5,67.56,4.83,36.72,43.34,2.43,0.16,1,34.21,0.0265,17.72,3,0,0.84725407308397,4.86,0.07149199652279506
S5,63.94,1.85,40.46,54.92,2.74,0.0304,3,34.07,0.0335,19.76,3,0,0.7367078046781127,10.96,0.02893337051401775
S5,70.32,0.61,43.45,40.16,2.65,0.1699,2,33.9,0.0428,16.28,3,0,1.0819220413540735,7.949999999999999,0.008674629028067544
S5,65.52,2.03,30.42,41.83,2.03,0.098,5,33.53,0.0368,23.97,3,0,0.7272290874422455,12.18,0.03098290125413595
S5,79.49,2.57,36.99,44.88,2.7,0.0327,2,33.86,0.0475,16.44,3,0,0.824197677317808,8.100000000000001,0.03233110676423364
S5,74.23,7.83,34.06,57.03,2.68,0.1006,5,33.81,0.0599,17.45,3,0,0.5972294235964538,16.080000000000002,0.1054829441623408
S5,74.66,2.1,31.73,48.19,2.58,0.1419,3,33.72,0.0563,16.09,3,0,0.6584352234000367,10.32,0.028127507617531796
S5,78.24,4.49,32.44,29.89,3.07,0.0775,1,33.5,0.0518,19.68,3,0,1.0853124505478586,6.14,0.05738751822756669
S5,75.06,3.86,33.64,44.93,4.04,0.1172,0,33.71,0.1041,20.02,3,0,0.7487200648297206,4.04,0.05142551939441521
S5,71.5,3.41,44.87,42.8,2.16,0.1358,5,33.73,0.063,19.8,3,0,1.0483642410363923,12.96,0.0476923010220558
S5,77.89,1.56,37.29,56.5,3.43,0.0782,4,33.67,0.0899,16.18,3,0,0.6599998831858613,17.150000000000002,0.02002824238949257
S5,62.41,4.65,28.19,26.74,3.05,0.1579,2,34.02,0.062,17.66,3,0,1.0542254845828405,9.149999999999999,0.07450727855996178
S5,77.61,5.19,35.3,53.39,2.61,0.135,1,33.63,0.0329,15.68,3,0,0.6611723803760291,5.22,0.06687281705027483
S5,76.53,5.67,48.98,27.58,2.34,0.058,5,33.75,0.0525,17.63,3,0,1.7759239391138728,14.04,0.07408858302775603
S5,78.85,4.97,37.8,41.36,2.32,0.0901,1,33.92,0.0782,15.0,3,0,0.913926278064246,4.64,0.06303106366124747
S5,74.47,4.54,42.62,52.2,2.66,0.1028,2,33.9,0.075,15.7,3,0,0.8164749393726168,7.98,0.06096413844982698
S5,78.0,4.41,32.66,56.87,3.61,0.1345,6,33.76,0.0848,21.75,3,0,0.5742921444888087,25.27,0.05653845428994176
S5,71.21,3.89,45.31,43.71,2.26,0.105,0,33.95,0.0371,21.6,3,0,1.0366046587497921,2.26,0.054627151435591714
S5,74.09,6.16,37.9,50.75,3.37,0.1156,2,33.79,0.1143,19.4,3,0,0.7467978824043581,10.11,0.0831421132214721
S5,66.09,3.26,33.05,42.67,3.67,0.1483,4,33.75,0.0578,22.26,3,0,0.7745486818493831,18.35,0.0493266682816359
S5,71.08,4.58,33.58,45.59,2.37,0.0948,4,33.81,0.0801,16.91,3,0,0.7365648746293321,11.850000000000001,0.06443443100247172
S5,78.74,2.42,36.48,51.68,2.57,0.1317,5,34.01,0.0343,13.97,3,0,0.7058822163540602,15.419999999999998,0.030734057564889818
S5,73.6,3.81,39.42,64.01,2.26,0.1281,3,33.38,0.0468,17.18,3,0,0.615841178590661,9.04,0.05176629731436178
S5,83.97,5.5,43.11,50.7,2.8,0.0856,2,33.27,0.0352,18.16,3,0,0.850295690276984,8.399999999999999,0.0654995753841163
S5,83.79,2.15,26.02,42.15,2.97,0.0147,8,33.93,0.0445,17.12,3,0,0.6173189520002486,26.73,0.025659383499297823
S5,71.76,3.87,44.18,34.99,2.95,0.0982,6,33.73,0.054,16.47,3,0,1.262646109560986,20.650000000000002,0.05392975837099242
S5,78.81,4.08,17.15,54.41,3.01,0.0905,3,34.35,0.0626,21.33,3,0,0.3151993539424087,12.04,0.051770073370121385
S5,69.21,3.28,32.83,54.02,3.35,0.1215,2,33.63,0.0645,17.77,3,0,0.6077377623588,10.05,0.04739198852882697
S5,81.47,0.6,32.18,43.83,3.55,0.0604,7,34.08,0.0501,19.1,3,0,0.7342001519050532,28.4,0.007364673209196856
S5,69.68,5.87,26.54,56.94,2.78,0.1677,1,33.97,0.0679,21.79,3,0,0.4661045897252213,5.56,0.08424223819715294
S5,72.31,2.31,33.02,54.42,2.32,0.0786,2,33.97,0.0605,17.59,3,0,0.6067621082759815,6.959999999999999,0.031945784546288956
S5,69.29,5.02,44.74,44.78,2.63,0.1117,7,33.77,0.0564,19.11,3,0,0.9991065209677263,21.04,0.07244911640220572
S6,68.19,3.18,54.12,67.35,1.29,0.0145,4,33.18,0.0426,14.41,1,0,0.8035633550759681,6.45,0.04663439703264452
S6,76.59,3.24,35.1,41.65,0.71,0.0644,4,33.27,0.035,18.8,1,0,0.8427368925001458,3.55,0.042303167214627596
S6,73.74,5.69,52.4,53.82,1.08,0.0399,1,33.88,0.0613,15.19,1,0,0.9736155753222638,2.16,0.07716299468904331
S6,66.01,2.73,27.65,58.2,1.32,0.035,1,32.79,0.0557,15.14,1,0,0.47508582902305335,2.64,0.041357363830122125
S6,69.95,4.21,34.92,68.67,1.07,0.0439,2,33.86,0.062,19.26,1,0,0.5085189298792879,3.21,0.0601858384294727
S6,75.68,2.42,43.53,34.29,1.12,0.0149,3,33.53,0.0935,13.64,1,0,1.269465946495787,4.48,0.03197673996079017
S6,76.62,3.62,40.57,59.84,1.39,0.0627,2,33.05,0.0595,17.48,1,0,0.677974485632606,4.17,0.04724614366403763
S6,69.65,3.17,50.73,37.99,1.16,0.0603,2,33.26,0.054,19.51,1,0,1.3353510567646598,3.4799999999999995,0.04551327415459092
S6,71.06,3.39,38.3,35.21,1.35,0.0222,3,33.12,0.0295,18.43,1,0,1.0877588503951006,5.4,0.04770615709173134
S6,66.27,3.7,42.28,61.39,1.11,0.0351,1,33.06,0.0537,16.14,1,0,0.6887114043473849,2.22,0.05583219317455966
S6,71.12,4.1,38.53,45.5,1.5,0.036,0,33.22,0.0525,17.34,1,0,0.8468130007004394,1.5,0.05764903576363388
S6,76.65,3.26,53.88,58.84,1.27,0.0474,1,33.23,0.0222,17.34,1,0,0.9157034473651516,2.54,0.04253097944801311
S6,71.26,6.87,52.96,61.92,1.2,0.058,1,33.47,0.0429,17.9,1,0,0.8552970194933753,2.4,0.0964075082223536
S6,74.81,4.28,54.86,37.93,0.34,0.037,0,33.54,0.0788,15.79,1,0,1.4463481554579078,0.34,0.0572115950793216
S6,62.36,3.29,47.36,56.7,0.92,0.0746,0,33.17,0.0304,15.34,1,0,0.8352732212922007,0.92,0.052758169859177376
S6,73.45,2.2,49.95,54.64,0.56,0.0381,0,33.29,0.077,16.61,1,0,0.914165279252328,0.56,0.02995234445849633
S6,70.2,3.02,45.35,60.98,1.27,0.0741,2,32.93,0.037,18.47,1,0,0.7436863326194929,3.81,0.04301993689174688
S6,73.14,2.83,47.76,49.23,0.9,0.0257,0,33.29,0.0664,18.75,1,0,0.9701399613772168,0.9,0.03869291240184408
S6,71.76,5.08,29.94,69.46,0.44,0.0409,1,33.08,0.046,14.61,1,0,0.4310393851080644,0.88,0.07079151744822777
S6,75.13,3.84,39.87,51.91,0.42,0.0106,0,33.1,0.0329,17.42,1,0,0.768059956066277,0.42,0.05111140009165445
S6,71.49,3.15,53.4,51.52,0.37,0.0395,2,33.33,0.0435,11.47,1,0,1.0364904820476548,1.1099999999999999,0.04406210042494049
S6,68.29,4.62,50.45,50.22,1.48,0.0651,3,33.62,0.0617,13.24,1,0,1.004579648630098,5.92,0.06765264787631455
S6,78.81,3.11,44.94,48.06,0.6,0.052,2,32.76,0.0634,17.83,1,0,0.9350809539989691,1.7999999999999998,0.03946199220124448
S6,71.45,4.54,47.9,48.67,1.17,0.0359,3,33.14,0.0693,14.36,1,0,0.984178963595857,4.68,0.06354092882562228
S6,73.36,4.96,31.59,54.72,1.3,0.0396,3,32.99,0.0215,14.87,1,0,0.5773025260777547,5.2,0.06761176831900649
S6,66.22,3.34,44.74,49.27,1.11,0.0822,1,33.19,0.0634,18.48,1,0,0.9080574572645712,2.22,0.05043792654214337
S6,77.0,2.76,44.08,50.31,1.05,0.0309,1,32.97,0.0482,16.74,1,0,0.8761675857349261,2.1,0.03584415118907127
S6,70.1,4.1,51.95,41.07,1.22,0.0399,0,33.55,0.0335,17.89,1,0,1.2649132542212675,1.22,0.058487866121559755
S6,81.37,3.45,50.06,66.79,1.1,0.0864,3,33.14,0.0494,17.77,1,0,0.7495132879902248,4.4,0.042398913309707104
S6,71.25,3.19,43.14,42.8,1.52,0.0788,2,33.05,0.0462,18.41,1,0,1.0079436897327827,4.5600000000000005,0.04477192354078266
S6,74.15,2.91,39.9,32.35,1.25,0.0955,2,33.3,0.0083,17.39,1,0,1.2333844719058817,3.75,0.039244768813921936
S6,71.01,5.53,53.83,38.39,1.31,0.0931,2,33.22,0.0169,18.17,1,0,1.4021877045616813,3.93,0.07787634447594079
S6,72.79,2.41,42.03,32.3,1.1,0.0796,4,33.03,0.0255,17.23,1,0,1.3012379872328212,5.5,0.03310893898764404
S6,68.57,4.16,42.21,43.01,1.11,0.0419,3,33.19,0.0433,20.23,1,0,0.9813994463149392,4.44,0.06066792173429755
S6,79.53,4.29,52.04,37.31,0.88,0.07,2,33.04,0.0422,20.78,1,0,1.3947999477888104,2.64,0.05394190193110751
S6,68.98,3.0,54.62,46.22,0.94,0.0248,1,33.1,0.044,17.34,1,0,1.181739251030019,1.88,0.043490860613096455
S6,75.12,4.16,55.22,74.66,1.0,0.0719,2,33.27,0.026,16.79,1,0,0.7396195098286218,3.0,0.05537805439589265
S6,69.0,1.67,31.03,50.1,0.68,0.0544,3,33.1,0.0333,19.3,1,0,0.6193611538201289,2.72,0.024202895043058687
S6,74.07,2.55,51.02,66.64,1.48,0.0222,1,32.86,0.0188,17.55,1,0,0.7656061276101249,2.96,0.03442688883125573
S6,72.03,2.9,34.35,48.41,0.65,0.0485,0,33.17,0.0397,16.36,1,0,0.7095639930667232,0.65,0.040260996770651564
S6,68.68,2.0,60.11,61.33,1.07,0.0476,2,33.04,0.0818,18.57,1,0,0.9801074547354549,3.21,0.0291205548747008
S6,68.08,2.96,43.24,39.99,0.74,0.0527,2,33.51,0.0388,14.73,1,0,1.0812700471942867,2.2199999999999998,0.04347825448321761
S6,75.96,4.09,24.69,59.06,1.01,0.0418,1,33.02,0.0535,17.24,1,0,0.41804937046234836,2.02,0.05384412140019466
S6,75.36,3.78,33.29,70.29,0.69,0.0789,4,33.34,0.079,18.25,1,0,0.4736092653849387,3.4499999999999997,0.05015922901284116
S6,74.81,3.05,39.33,50.42,0.68,0.0508,2,33.42,0.0551,17.02,1,0,0.7800474454487414,2.04,0.04076994509157263
S6,73.41,4.79,53.16,39.84,0.9,0.0317,2,33.28,0.0168,17.06,1,0,1.3343370144736406,2.7,0.06524995705626521
S6,64.61,1.43,34.55,46.33,1.16,0.0016,0,32.56,0.0728,16.02,1,0,0.7457369424267337,1.16,0.02213279335508538
S6,73.38,3.18,50.21,57.84,0.84,0.0283,1,32.79,0.0106,21.38,1,0,0.8680842205940144,1.68,0.043336052965923556
S6,68.59,4.18,42.04,56.56,1.05,0.0679,1,33.21,0.004,18.28,1,0,0.7432813395895792,2.1,0.060941819369905316
S6,71.36,2.77,49.85,52.41,0.98,0.0185,3,33.27,0.0303,20.14,1,0,0.9511541783716508,3.92,0.038817259134352695
S6,76.2,3.84,33.56,58.82,1.44,0.0432,2,32.59,0.0517,16.88,1,0,0.5705541362539721,4.32,0.05039369417405588
S6,76.81,4.57,49.8,58.99,0.77,0.0516,1,32.98,0.0506,17.76,1,0,0.8442107400897202,1.54,0.059497453522008394
S6,67.17,2.13,48.12,50.88,0.76,0.058,0,32.93,0.0612,16.96,1,0,0.9457545311017036,0.76,0.03171058036168224
S6,64.48,3.61,44.04,59.22,1.82,0.0684,2,33.16,0.0643,20.08,1,0,0.743667554260798,5.46,0.05598634367457449
S6,86.77,2.58,45.31,39.46,0.73,0.046,0,33.42,0.0495,17.58,1,0,1.1482511028253666,0.73,0.02973377552912579
S6,77.05,2.2,43.39,47.73,0.48,0.0461,1,33.19,0.0178,19.28,1,0,0.9090716720989583,0.96,0.028552884029476443
S6,78.18,3.7,53.12,52.18,0.86,0.0215,1,33.28,0.0381,16.44,1,0,1.0180143698707607,1.72,0.04732667596230801
S6,72.36,3.49,49.98,71.4,1.22,0.0255,2,33.15,0.0667,20.75,1,0,0.6999999019607979,3.66,0.0482310602223521
S6,81.75,4.31,42.68,55.83,0.48,0.0288,5,33.34,0.0496,14.69,1,0,0.7644634131356953,2.88,0.05272170608908793
S6,70.87,3.31,33.08,59.13,0.65,0.0582,3,33.24,0.0517,16.35,1,0,0.5594451954261465,2.6,0.04670522834694111
S6,66.49,2.17,36.33,51.86,0.5,0.0526,1,33.31,0.0454,16.76,1,0,0.7005397800733165,1.0,0.03263648178124804
S6,65.94,2.67,52.33,62.23,0.23,0.0303,1,33.17,0.1063,15.36,1,0,0.840912607920198,0.46,0.04049134963734461
S6,69.19,1.66,38.49,44.96,1.44,0.0423,4,33.27,0.0071,17.43,1,0,0.8560941156374298,7.199999999999999,0.023991902877308444
S6,77.39,4.18,60.58,63.64,1.03,0.092,3,33.04,0.0581,16.1,1,0,0.9519168837339905,4.12,0.054012139292913895
S6,79.91,2.75,39.36,61.97,0.86,0.0776,3,32.93,0.0597,17.09,1,0,0.6351459359131941,3.44,0.03441371112329982
S6,75.98,3.95,48.91,62.49,1.49,0.0057,1,33.41,0.072,17.09,1,0,0.7826851043870852,2.98,0.05198735825383545
S6,78.21,1.23,42.08,55.67,0.88,0.0438,0,32.87,0.0535,16.55,1,0,0.7558827454854058,0.88,0.01572688713375692
S6,72.62,4.13,55.84,62.76,0.88,0.0483,5,33.27,0.0513,13.55,1,0,0.8897385452934122,5.28,0.05687137746194196
S6,70.12,2.12,55.25,49.22,0.87,0.031,3,33.38,0.0342,14.3,1,0,1.1225109462594582,3.48,0.03023388045723325
S6,73.5,1.86,49.37,62.28,1.21,0.0327,0,33.1,0.0293,20.1,1,0,0.792710213116536,1.21,0.025306119005970202
S6,69.19,2.8,45.39,43.04,1.36,0.0574,2,33.12,0.0401,18.13,1,0,1.0546001267193015,4.08,0.04046826991353231
S6,76.2,2.77,35.47,68.93,1.43,0.0503,1,33.26,0.0446,19.88,1,0,0.5145799340519462,2.86,0.03635170126618093
S6,80.5,3.99,50.83,77.92,0.52,0.0547,2,33.3,0.0285,16.65,1,0,0.6523356452341317,1.56,0.04956521123413525
S6,74.51,3.51,38.18,57.37,1.6,0.0468,3,33.21,0.0667,13.95,1,0,0.6655045031367434,6.4,0.04710776444668306
S6,73.11,3.16,39.37,60.71,0.98,0.067,3,33.27,0.0755,20.34,1,0,0.6484927279702308,3.92,0.04322253546402196
S6,70.19,2.74,39.7,39.89,0.86,0.0424,2,33.49,0.0322,16.51,1,0,0.9952366519837924,2.58,0.03903689428167912
S6,69.03,3.25,50.3,49.08,0.66,0.045,0,32.93,0.0441,17.33,1,0,1.0248571668995177,0.66,0.047080972464005146
S6,79.5,1.83,38.16,65.06,0.75,0.0626,0,33.04,0.0333,17.67,1,0,0.5865354155340584,0.75,0.02301886502907358
S6,83.42,2.87,52.89,60.45,0.66,0.0578,1,33.5,0.0056,15.89,1,0,0.8749378205231065,1.32,0.03440421548738726
S6,72.43,1.37,27.66,53.25,0.87,0.0456,2,33.1,0.0195,17.51,1,0,0.5194365221715451,2.61,0.01891481169200446
S6,77.17,1.5,50.68,67.54,1.28,0.0348,3,32.9,0.0471,14.56,1,0,0.750370039921522,5.12,0.019437602768225634
S6,76.22,4.08,49.85,56.14,0.52,0.0253,0,33.07,0.0573,19.07,1,0,0.8879585165731178,0.52,0.05352925038975986
S6,70.06,3.46,54.37,47.58,1.07,0.0648,1,33.36,0.0659,17.44,1,0,1.1427067795908408,2.14,0.04938623331626701
S6,78.62,4.1,44.05,58.6,0.92,0.0461,5,33.04,0.0721,17.0,1,0,0.7517063563641029,5.5200000000000005,0.05214957362635796
S6,68.51,2.56,39.58,61.9,1.55,0.0426,2,33.22,0.0467,19.25,1,0,0.6394183135026956,4.65,0.037366802311078334
S6,71.39,2.41,42.87,39.14,1.27,0.052,1,33.16,0.0544,13.44,1,0,1.0952986470877242,2.54,0.03375822471519475
S6,73.98,2.91,48.25,70.08,1.04,0.0349,0,33.08,0.0445,17.39,1,0,0.6884987602028024,1.04,0.03933495007637874
S6,68.8,1.96,51.6,52.97,1.49,0.0445,2,33.26,0.0334,17.75,1,0,0.9741361196646933,4.47,0.0284883679522721
S6,75.23,3.65,48.67,29.29,1.1,0.0578,2,32.77,0.0473,18.04,1,0,1.6616587020625806,3.3000000000000003,0.048517872056643346
S6,72.75,3.38,46.28,64.73,0.72,0.0615,0,32.94,0.041,17.25,1,0,0.7149697644106651,0.72,0.04646047471333681
S6,77.04,3.43,47.19,47.87,1.14,0.0226,2,33.42,0.0423,17.91,1,0,0.9857946551504794,3.42,0.04452232028526476
S6,65.62,5.2,43.37,65.87,1.18,0.0744,0,33.42,0.0601,16.32,1,0,0.6584179962930018,1.18,0.07924412081010045
S6,71.08,5.15,57.4,76.43,0.98,0.0677,0,33.11,0.0804,18.06,1,0,0.751013901476658,0.98,0.07245356324513742
S6,67.25,2.88,43.74,49.58,0.65,0.043,1,33.62,0.0716,17.26,1,0,0.8822103908409862,1.3,0.04282527244233866
S6,76.08,5.2,52.47,70.54,0.69,0.0459,4,33.37,0.0682,19.85,1,0,0.7438331806303967,3.4499999999999997,0.06834909722015022
S6,68.2,2.37,52.53,43.63,1.26,0.0246,2,33.4,0.0412,16.08,1,0,1.203987805641117,3.7800000000000002,0.03475072804241524
S6,74.22,4.22,51.12,67.82,1.25,0.0094,2,32.98,0.043,15.82,1,0,0.7537598416750455,3.75,0.05685798209943652
S6,71.93,3.53,49.03,47.38,1.44,0.0501,2,33.2,0.04,15.82,1,0,1.0348246021898264,4.32,0.04907548323710784
S6,68.5,2.31,51.12,64.72,0.76,0.047,2,33.45,0.0589,20.03,1,0,0.7898639076230055,2.2800000000000002,0.03372262281421565
S6,73.99,4.14,57.46,53.13,1.22,0.0472,0,33.4,0.0402,17.39,1,0,1.081498008376057,1.22,0.05595349966840118
S6,95.31,7.93,24.33,27.96,5.81,0.4103,9,31.47,0.1204,19.07,2,1,0.8701713625996557,58.099999999999994,0.08320217362268663
S6,89.66,8.47,34.55,33.09,4.18,0.3259,5,32.09,0.0048,25.5,2,1,1.0441217757262689,25.08,0.09446797964889811
S6,92.29,4.56,18.77,30.22,5.55,0.3659,7,32.39,0.1171,27.21,2,1,0.6211116409293048,44.4,0.04940946479472696
S6,91.26,9.19,20.04,34.21,5.2,0.2424,4,32.86,0.1103,26.73,2,1,0.5857934563597028,26.0,0.10070128197443765
S6,79.47,10.71,15.09,28.46,4.92,0.251,5,32.56,0.073,19.25,2,1,0.5302176633107297,29.52,0.1347678199612659
S6,96.75,7.15,24.22,24.78,5.88,0.065,7,32.9,0.0984,24.23,2,1,0.9774007355122132,47.04,0.07390180114710065
S6,79.94,8.14,10.14,41.95,5.99,0.2381,5,31.95,0.081,24.11,2,1,0.2417162713429627,35.94,0.10182635703948499
S6,87.28,5.66,12.33,18.24,5.43,0.2208,1,32.22,0.0995,25.35,2,1,0.6759864714986451,10.86,0.06484875517314904
S6,100.12,3.67,19.36,25.04,4.44,0.3055,5,32.48,0.1049,24.68,2,1,0.773162630526106,26.64,0.03665600912345094
S6,85.93,2.7,22.57,26.01,5.58,0.2895,3,32.41,0.0006,20.28,2,1,0.8677428420827212,22.32,0.031420920351341745
S6,90.61,8.04,33.63,35.21,4.98,0.4312,7,32.51,0.0388,22.89,2,1,0.955126113284262,39.84,0.08873191825053324
S6,99.16,3.85,14.44,37.17,4.98,0.3686,6,32.08,0.1494,18.51,2,1,0.3884852331220787,34.86,0.03882613565690443
S6,77.27,4.7,26.77,28.99,3.53,0.3367,4,32.53,0.0036,23.46,2,1,0.9234215510791477,17.65,0.06082566832850158
S6,92.33,7.31,8.33,37.17,2.61,0.3661,5,33.42,0.0581,23.3,2,1,0.22410540110158697,15.66,0.07917252472950019
S6,80.99,7.89,18.19,10.0,4.75,0.1586,5,31.96,0.1436,25.1,2,1,1.8189981810018192,28.5,0.09741942246951198
S6,91.42,1.84,20.66,38.81,3.48,0.3261,8,31.69,0.119,29.89,2,1,0.5323368893746742,31.32,0.020126884694062055
S6,85.34,5.08,14.02,27.52,5.52,0.1447,8,32.73,0.0388,20.45,2,1,0.5094474892996042,49.67999999999999,0.059526592509187654
S6,73.7,6.34,20.45,41.53,4.79,0.3018,6,32.41,0.0807,24.13,2,1,0.4924150030303387,33.53,0.08602441166561578
S6,84.97,6.29,20.92,35.81,4.25,0.1941,5,31.63,0.0788,19.99,2,1,0.5841941959803976,25.5,0.07402611815627655
S6,89.57,9.58,14.15,29.86,3.16,0.2895,9,32.03,0.0332,20.93,2,1,0.4738779390897726,31.6,0.10695544189400001
S6,99.92,6.05,12.92,31.74,6.78,0.3249,7,32.97,0.0872,27.07,2,1,0.40705721264738104,54.24,0.06054843269130977
S6,99.84,10.41,15.93,38.14,4.62,0.2795,6,32.79,0.126,19.72,2,1,0.4176716262004126,32.34,0.10426681647968584
S6,75.46,1.16,32.18,35.09,4.59,0.3067,6,32.8,0.0883,20.21,2,1,0.917070129076623,32.129999999999995,0.015372380682165294
S6,93.98,10.03,30.95,26.88,6.94,0.2414,4,33.02,0.0577,23.34,2,1,1.1514132621230424,34.7,0.1067248237151709
S6,91.11,8.15,23.59,22.99,5.68,0.2453,4,33.17,0.1035,28.15,2,1,1.0260978572867085,28.4,0.08945230057597403
S6,80.12,10.48,31.63,31.76,5.09,0.2937,4,32.82,0.0699,30.16,2,1,0.995906487434985,25.45,0.1308037779825539
S6,79.52,7.0,22.18,23.72,6.77,0.3413,9,33.0,0.0636,21.4,2,1,0.9350754911148857,67.69999999999999,0.08802815794414513
S6,86.83,7.28,8.53,14.07,2.69,0.2246,7,33.16,0.0743,21.82,2,1,0.6062540111911789,21.52,0.08384198043971203
S6,99.9,5.6,15.51,30.54,4.95,0.3609,9,33.0,0.1201,24.41,2,1,0.5078583798761035,49.5,0.056056050444839786
S6,102.49,7.46,18.77,30.27,2.46,0.4351,7,32.45,0.0967,26.17,2,1,0.6200856887724847,19.68,0.07278758193115602
S6,79.68,5.52,28.65,21.25,5.77,0.3485,3,32.47,0.0754,27.37,2,1,1.3482346596542778,23.08,0.0692770997393198
S6,91.34,3.01,16.86,28.44,3.79,0.1532,6,33.38,0.0497,20.39,2,1,0.5928267957711688,26.53,0.0329537953849578
S6,79.99,5.41,31.15,28.28,5.37,0.0497,5,32.38,0.12,22.97,2,1,1.1014847590223624,32.22,0.06763344572653511
S6,95.88,3.34,22.04,40.15,5.59,0.1452,2,32.27,0.1084,18.91,2,1,0.5489413327667912,16.77,0.03483520704680777
S6,89.02,7.51,22.19,27.21,6.2,0.4265,3,32.57,0.0548,28.75,2,1,0.815508704333442,24.8,0.08436305500302685
S6,82.33,5.73,25.44,33.06,4.28,0.3118,3,32.13,0.0385,21.55,2,1,0.76950974908961,17.12,0.06959795097802127
S6,86.3,4.6,24.71,23.55,6.3,0.3485,6,33.22,0.0473,27.42,2,1,1.0492564546681722,44.1,0.05330242719554725
S6,96.88,9.85,6.35,25.38,3.09,0.0744,6,32.07,0.1928,22.38,2,1,0.25019690693581287,21.63,0.10167216126422778
S6,85.58,3.12,14.0,31.49,3.71,0.1923,8,32.32,0.0757,25.23,2,1,0.4445854415416191,33.39,0.036457111888629136
S6,75.33,10.25,27.65,13.07,6.21,0.2092,6,32.24,0.1185,26.07,2,1,2.1155301334888037,43.47,0.1360679495462698
S6,84.85,5.78,25.43,23.2,5.4,0.4549,6,32.42,0.1226,21.47,2,1,1.0961202171895617,37.800000000000004,0.06812020411075968
S6,94.7,2.79,22.48,22.74,2.53,0.2844,6,31.65,0.1163,26.08,2,1,0.9885659680888443,17.709999999999997,0.02946145412233853
S6,96.36,8.33,31.48,21.67,4.51,0.4316,5,32.85,0.1075,21.52,2,1,1.4526989143059925,27.06,0.08644664939324934
S6,76.8,5.83,12.39,23.78,5.1,0.1813,3,32.44,0.1042,20.68,2,1,0.5210258532271433,20.4,0.07591144844903015
S6,90.57,7.02,22.31,14.53,5.05,0.275,4,32.41,0.1622,24.21,2,1,1.5354428524137285,25.25,0.07750910041856018
S6,92.02,8.49,26.4,24.89,6.17,0.0836,4,31.9,0.1407,26.0,2,1,1.0606665083702256,30.85,0.09226254159285573
S6,87.43,3.13,36.08,22.44,4.47,0.2897,7,32.44,0.0676,25.53,2,1,1.607842420747584,35.76,0.035800064531617916
S6,82.34,8.28,11.62,31.95,3.61,0.2303,6,32.73,0.0902,26.28,2,1,0.36369315690355025,25.27,0.10055864700526511
S6,81.93,10.17,14.22,26.81,3.32,0.3474,4,32.98,0.1205,27.73,2,1,0.530398906975417,16.599999999999998,0.12413034003047234
S6,99.96,7.61,19.5,26.2,5.89,0.1401,8,32.9,0.0749,26.87,2,1,0.7442745250860592,53.01,0.07613044456478146
S6,93.01,6.83,19.6,34.5,5.73,0.2471,7,32.69,0.0687,27.95,2,1,0.5681157773577457,45.84,0.07343295630223026
S6,92.43,11.1,24.14,36.21,5.18,0.1897,5,33.14,0.1312,28.2,2,1,0.6666664825555143,31.08,0.12009086659192181
S6,76.94,6.99,23.87,22.46,4.97,0.3854,4,32.35,0.1128,24.99,2,1,1.062777799297507,24.849999999999998,0.09085000118923821
S6,86.55,3.39,15.79,31.34,3.98,0.4024,3,32.58,0.0631,22.5,2,1,0.5038288117968054,15.92,0.0391681063930553
S6,91.81,7.64,24.08,28.12,6.61,0.3546,5,32.91,0.1655,16.08,2,1,0.8563297096978272,39.660000000000004,0.0832153269561783
S6,84.26,9.53,15.99,26.33,6.65,0.365,4,32.52,0.0735,21.06,2,1,0.6072918316400184,33.25,0.11310228897433075
S6,79.65,3.07,20.53,29.5,3.02,0.2613,4,31.76,0.0593,20.76,2,1,0.6959319674806891,15.1,0.038543623535012735
S6,83.25,2.93,23.99,34.83,5.48,0.2976,5,32.75,0.1321,23.05,2,1,0.6887738476101499,32.88,0.03519519096754463
S6,99.9,4.31,19.55,13.26,4.34,0.1864,8,32.83,0.1325,18.12,2,1,1.474357862475217,39.06,0.04314313882451062
S6,81.38,7.56,8.84,29.95,4.18,0.0432,3,31.46,0.1238,21.15,2,1,0.2951584991123542,16.72,0.0928975064023708
S6,87.23,6.58,23.18,32.78,6.51,0.3198,7,32.7,0.0983,19.18,2,1,0.7071382833623295,52.08,0.07543275530978387
S6,83.62,9.12,19.19,30.77,5.01,0.1404,3,32.27,0.127,20.75,2,1,0.6236592058306124,20.04,0.1090648039865099
S6,86.72,7.49,20.75,42.59,3.58,0.3147,7,32.53,0.1655,21.72,2,1,0.48720345451902913,28.64,0.08636991623963143
S6,107.71,7.77,29.1,23.15,6.63,0.3573,6,32.51,0.0875,18.86,2,1,1.257018895456201,46.41,0.07213814203526674
S6,72.12,7.76,28.05,30.07,4.79,0.2006,3,32.85,0.1375,23.69,2,1,0.9328231018213828,19.16,0.10759843211336215
S6,90.36,5.78,20.82,28.29,6.54,0.3118,9,31.96,0.1708,20.04,2,1,0.7359488384769041,65.4,0.06396634971598608
S6,98.21,7.17,15.49,39.86,4.91,0.2775,4,31.92,0.0577,26.72,2,1,0.388610037980422,24.55,0.07300681468212863
S6,89.02,5.66,31.88,25.44,7.06,0.2784,7,32.47,0.0685,22.72,2,1,1.2531441614999363,56.48,0.06358121056153555
S6,87.69,8.4,25.19,23.09,4.4,0.2978,5,32.51,0.0152,19.55,2,1,1.090947990061503,26.400000000000002,0.09579198360223702
S6,97.13,6.14,25.9,31.94,4.84,0.1204,9,32.57,0.1243,25.41,2,1,0.8108951750484736,48.4,0.0632142424365034
S6,79.53,6.19,19.1,17.0,6.54,0.245,5,33.08,0.1629,27.38,2,1,1.1235287508654408,39.24,0.07783225476772856
S6,91.41,3.87,16.78,27.92,4.57,0.212,11,31.42,0.1203,22.61,2,1,0.6010026500706841,54.84,0.042336720015674435
S6,87.13,8.56,32.28,32.8,6.11,0.2956,6,31.67,0.086,30.93,2,1,0.9841460414188898,42.77,0.09824399193802458
S6,99.27,8.91,26.75,26.28,6.31,0.2684,6,32.3,0.0045,23.7,2,1,1.017883935356189,44.169999999999995,0.08975520401378019
S6,97.53,5.93,29.49,14.54,5.85,0.4448,2,32.75,0.1089,26.19,2,1,2.0281966793695467,17.549999999999997,0.06080179833878823
S6,97.62,5.86,20.48,34.05,3.65,0.2347,3,32.01,0.1513,25.95,2,1,0.6014682521385456,14.6,0.0600286764977795
S6,90.63,8.96,23.68,31.05,3.81,0.1986,4,32.24,0.0925,26.84,2,1,0.762640656154378,19.05,0.0988635000702306
S6,90.73,11.36,15.81,22.77,5.7,0.2774,7,32.21,0.0893,19.08,2,1,0.6943343459225534,45.6,0.125206643314599
S6,92.24,8.8,29.44,26.45,6.06,0.3417,3,32.64,0.0468,25.78,2,1,1.11304305745064,24.24,0.09540328540727609
S6,89.03,10.58,17.44,27.09,2.77,0.2095,6,32.81,0.0575,22.0,2,1,0.643779754972405,19.39,0.11883633395076558
S6,68.22,3.81,38.23,41.09,1.4,0.0341,1,33.59,0.0591,20.9,3,0,0.930396463763333,2.8,0.05584871652759945
S6,75.05,5.38,43.08,30.4,1.1,0.1404,0,33.47,0.013,20.87,3,0,1.417104797005001,1.1,0.0716855334196491
S6,76.78,2.79,41.58,44.41,2.28,0.0859,1,33.88,0.0756,20.89,3,0,0.9362754027751851,4.56,0.03633758318083053
S6,78.98,3.18,44.27,34.42,2.39,0.1961,2,33.38,0.0493,19.63,3,0,1.286170457242749,7.17,0.04026335271418679
S6,77.06,4.5,33.0,42.25,2.15,0.0836,2,33.43,0.0883,20.9,3,0,0.7810649038899635,6.449999999999999,0.0583960474440634
S6,85.82,3.73,34.77,39.3,2.51,0.1057,2,33.34,0.0756,21.03,3,0,0.8847325993046822,7.529999999999999,0.04346305715881413
S6,74.34,4.96,47.7,31.69,1.59,0.1661,1,32.83,0.0556,21.24,3,0,1.505206214829216,3.18,0.0667204645250922
S6,82.32,2.98,43.58,46.12,2.87,0.0638,2,33.38,0.0574,20.43,3,0,0.9449260743872345,8.61,0.03620018996596332
S6,80.76,4.45,41.62,52.07,2.45,0.038,3,32.93,0.0387,23.52,3,0,0.799308469500966,9.8,0.0551015285906973
S6,78.32,3.1,55.7,44.11,2.26,0.0674,3,33.29,0.0944,20.52,3,0,1.262751924109743,9.04,0.039581200257762995
S6,77.27,4.21,51.01,46.39,2.52,0.1024,1,33.0,0.0349,19.19,3,0,1.0995901919400317,5.04,0.054484268864466306
S6,76.27,0.7,47.11,51.04,0.78,0.113,2,32.92,0.0747,23.44,3,0,0.9230013865592894,2.34,0.009177919342084786
S6,79.11,1.86,43.59,42.55,3.25,0.1236,2,33.81,0.0673,18.44,3,0,1.024441592375654,9.75,0.023511563201673216
S6,74.24,2.54,38.89,49.9,3.1,0.0586,4,33.41,0.0526,20.29,3,0,0.7793585612507893,15.5,0.034213357460485254
S6,75.89,3.22,32.02,47.11,1.51,0.0923,5,33.08,0.0464,19.06,3,0,0.6796856973708985,9.06,0.042429827061559226
S6,85.29,3.69,35.8,52.79,2.89,0.035,3,33.58,0.0905,17.96,3,0,0.6781586137225584,11.56,0.0432641525074273
S6,64.53,1.76,39.33,51.26,2.25,0.0859,1,33.11,0.0627,19.34,3,0,0.7672647742362906,4.5,0.02727413183416522
S6,73.99,2.65,48.99,40.63,1.99,0.1595,3,32.96,0.0772,18.53,3,0,1.2057589943984752,7.96,0.03581564592301042
S6,79.58,3.9,39.37,27.05,1.04,0.1512,2,33.49,0.0928,21.94,3,0,1.4554523270046849,3.12,0.04900728210514173
S6,71.35,6.0,50.26,39.33,2.51,0.0893,5,33.22,0.0515,18.27,3,0,1.2779045822769939,15.059999999999999,0.08409248996601403
S6,82.42,3.61,25.33,39.86,1.77,0.0529,3,33.18,0.0715,19.44,3,0,0.6354740001319618,7.08,0.043800043217660366
S6,84.07,6.88,36.26,34.51,1.37,0.1344,2,33.33,0.0829,18.33,3,0,1.0507096346828064,4.11,0.08183655503312061
S6,71.72,3.87,48.35,32.86,1.39,0.0181,3,33.48,0.0473,22.52,3,0,1.471393344067759,5.56,0.05395983631346398
S6,82.04,4.53,29.63,34.54,2.91,0.1463,1,33.48,0.0562,12.64,3,0,0.8578457273173922,5.82,0.05521696060251577
S6,77.75,4.37,40.03,64.41,1.98,0.0891,1,33.29,0.0469,19.4,3,0,0.6214872501960488,3.96,0.05620578055231118
S6,80.05,2.78,47.09,44.17,2.78,0.1317,3,32.82,0.0956,19.77,3,0,1.0661079768829573,11.12,0.034728290477415304
S6,72.56,1.91,38.9,53.97,0.75,0.0946,0,33.5,0.0833,22.62,3,0,0.7207706650415665,0.75,0.026323039371135695
S6,75.79,2.85,47.67,45.08,2.54,0.0644,0,32.93,0.0998,19.68,3,0,1.0574531815764903,2.54,0.03760390056684251
S6,83.82,3.22,40.32,57.3,2.35,0.1177,1,33.13,0.0417,20.83,3,0,0.7036647986623388,4.7,0.038415648005768556
S6,75.18,3.15,47.7,43.5,1.56,0.0376,5,33.44,0.0467,17.09,3,0,1.0965514720571328,9.36,0.0418994357675664
S6,73.48,2.76,32.49,41.94,1.64,0.1062,3,33.23,0.0791,20.86,3,0,0.7746779268769846,6.56,0.03756123604229231
S6,68.9,4.04,49.11,25.66,2.68,0.1013,4,33.67,0.046,21.04,3,0,1.9138729875787266,13.4,0.058635695408462196
S6,78.71,1.63,38.5,54.73,2.75,0.1364,1,32.93,0.0781,17.93,3,0,0.703453187748367,5.5,0.020708928889730797
S6,78.94,2.04,38.59,59.32,1.74,0.0914,4,32.87,0.0476,22.11,3,0,0.6505393374006512,8.7,0.025842408684772146
S6,82.43,3.44,32.45,32.8,2.43,0.1362,5,33.1,0.037,20.92,3,0,0.9893289666679981,14.580000000000002,0.041732373925467185
S6,71.18,5.6,43.43,55.42,2.34,0.0625,1,32.76,0.0503,16.23,3,0,0.7836519697488326,4.68,0.07867377371821103
S6,70.85,2.1,37.28,55.51,2.23,0.1263,2,33.25,0.0719,17.91,3,0,0.6715905833920764,6.6899999999999995,0.029640080502458647
S6,81.2,4.46,40.22,46.73,1.58,0.104,2,33.44,0.096,15.97,3,0,0.8606888806572051,4.74,0.05492610161008601
S6,77.68,5.69,31.47,40.15,2.04,0.0772,5,33.44,0.043,16.62,3,0,0.7838105146175555,12.24,0.07324921817080095
S6,69.93,2.97,31.97,59.36,1.68,0.0599,2,33.73,0.089,19.12,3,0,0.5385780763850949,5.04,0.04247103639767819
S7,68.8,2.22,47.67,57.01,0.85,0.0631,0,32.95,0.0647,18.64,1,0,0.8361689464709794,0.85,0.032267437170430645
S7,61.82,3.43,40.76,62.75,0.54,0.0353,0,33.39,0.009,17.58,1,0,0.649561649472247,0.54,0.0554836532701952
S7,72.16,3.19,49.75,60.82,0.63,0.0165,3,33.21,0.048,20.32,1,0,0.8179873696173348,2.52,0.044207310946880414
S7,68.89,3.36,39.81,56.32,1.66,0.0562,1,33.42,0.0559,17.47,1,0,0.7068535676751477,3.32,0.048773399800638724
S7,69.65,4.0,44.92,59.95,1.18,0.054,3,33.47,0.052,17.26,1,0,0.7492909509106003,4.72,0.05742999893323776
S7,73.46,1.94,47.88,61.82,0.55,0.0364,2,33.24,0.0556,19.45,1,0,0.7745065068737452,1.6500000000000001,0.02640892643494059
S7,74.85,1.52,50.96,49.41,0.68,0.0609,2,33.57,0.0228,17.87,1,0,1.0313699592451004,2.04,0.020307278516061657
S7,76.1,1.49,44.28,58.01,1.13,0.0417,3,33.53,0.0438,16.49,1,0,0.7633165379561218,4.52,0.019579498084165824
S7,72.51,0.46,48.45,45.84,1.36,0.0215,1,33.0,0.0449,20.52,1,0,1.056936942203983,2.72,0.006343951683360683
S7,69.48,3.11,35.94,42.84,1.19,0.0704,1,33.67,0.0176,17.93,1,0,0.8389353783997714,2.38,0.04476107588355269
S7,69.28,0.94,49.0,41.01,0.73,0.0116,3,33.26,0.041,16.51,1,0,1.1948302377882862,2.92,0.013568127371806094
S7,70.73,3.72,31.74,52.33,1.03,0.0446,1,33.17,0.0391,17.31,1,0,0.6065353322118608,2.06,0.05259436553168874
S7,66.95,2.97,57.04,50.89,0.89,0.0409,0,33.23,0.0333,17.48,1,0,1.1208486695129358,0.89,0.04436145715288168
S7,65.58,2.13,51.12,47.86,1.29,0.057,1,33.4,0.0773,17.63,1,0,1.068115113222918,2.58,0.032479409502987264
S7,72.12,3.91,47.77,65.17,0.62,0.0754,2,33.18,0.0849,14.88,1,0,0.7330058718726604,1.8599999999999999,0.05421518937670696
S7,62.37,3.64,45.66,50.02,0.9,0.0562,2,33.53,0.0403,15.98,1,0,0.9128346835596393,2.7,0.058361382337440704
S7,58.63,3.1,57.43,55.47,0.37,0.0807,0,33.46,0.0452,18.47,1,0,1.0353342283515001,0.37,0.052873946294738815
S7,71.21,2.54,61.56,38.14,0.72,0.0673,1,32.98,0.0507,18.04,1,0,1.6140530639609165,1.44,0.03566914258262287
S7,68.43,2.8,40.02,45.87,1.0,0.0294,5,33.79,0.0316,19.04,1,0,0.8724654736286301,6.0,0.04091772016400406
S7,64.33,2.87,45.57,69.09,0.24,0.051,0,33.2,0.0738,17.48,1,0,0.6595743726191383,0.24,0.04461370361981912
S7,64.89,3.05,36.39,52.35,1.29,0.0616,2,33.5,0.0698,21.16,1,0,0.6951288070432078,3.87,0.04700261257472452
S7,78.12,2.8,51.71,70.45,0.66,0.0852,2,33.09,0.0527,17.94,1,0,0.7339956374740045,1.98,0.03584228931870336
S7,73.91,3.38,36.64,46.68,0.89,0.0763,2,33.27,0.0562,14.89,1,0,0.784918426538469,2.67,0.045731288630592795
S7,75.41,3.56,37.22,46.21,1.62,0.1049,1,33.21,0.0517,20.37,1,0,0.8054531907697055,3.24,0.04720858676454227
S7,69.07,2.91,59.92,67.21,0.63,0.0138,1,33.54,0.0575,15.17,1,0,0.8915338652679862,1.26,0.04213116517573981
S7,65.69,3.12,48.27,54.81,0.94,0.0733,5,33.12,0.0553,17.63,1,0,0.8806785475864719,5.64,0.04749580643997466
S7,76.4,3.19,49.36,64.43,0.91,0.0323,3,33.54,0.0455,17.53,1,0,0.7661026282628234,3.64,0.04175392123639774
S7,63.66,2.08,30.14,60.87,0.2,0.0405,1,33.23,0.0592,17.51,1,0,0.49515352469960167,0.4,0.03267357325265893
S7,71.1,4.24,66.12,31.22,0.44,0.04,0,33.25,0.0399,12.97,1,0,2.117872479861474,0.44,0.05963430947478067
S7,72.03,2.16,28.5,69.66,1.22,0.0643,0,33.46,0.0398,17.97,1,0,0.40913000156043616,1.22,0.029987501042968063
S7,70.6,3.26,40.96,68.7,0.73,0.097,2,33.28,0.0916,19.8,1,0,0.596215342617854,2.19,0.04617563085331008
S7,72.47,2.94,70.27,56.18,0.91,0.0737,1,33.05,0.0379,17.91,1,0,1.2508007741543654,1.82,0.04056850551007237
S7,71.69,2.46,31.43,55.2,1.17,0.062,0,33.57,0.0563,18.49,1,0,0.5693839548217472,1.17,0.03431440447560267
S7,72.83,3.89,50.23,69.21,0.68,0.0353,1,33.25,0.0438,17.49,1,0,0.7257620682326155,1.36,0.053412048137848674
S7,75.72,2.81,43.24,60.4,0.79,0.0479,1,33.72,0.0715,19.74,1,0,0.7158939212096157,1.58,0.03711040186074989
S7,69.36,3.72,51.6,62.46,0.97,0.0831,3,33.13,0.0788,16.38,1,0,0.8261285901171005,3.88,0.05363321026049449
S7,69.12,4.81,35.54,46.54,0.44,0.057,0,33.33,0.0636,15.35,1,0,0.7636440129686263,0.44,0.0695891103025014
S7,68.7,3.58,45.41,67.47,0.99,0.0545,1,33.43,0.0597,17.86,1,0,0.6730397698177308,1.98,0.0521106183245097
S7,71.17,3.58,51.5,49.59,0.67,0.0578,1,33.35,0.0395,13.35,1,0,1.038515620384025,1.34,0.05030208651087726
S7,77.75,2.19,25.68,58.36,0.9,0.0734,0,33.41,0.0227,17.96,1,0,0.44002734063959204,0.9,0.028167198949556403
S7,66.44,2.42,60.89,62.29,0.52,0.0499,2,33.35,0.0552,16.36,1,0,0.9775243253292141,1.56,0.03642383557738778
S7,73.37,2.16,37.52,74.38,1.28,0.0466,1,33.35,0.066,16.61,1,0,0.5044366087070976,2.56,0.029439821529259707
S7,71.14,3.49,49.56,65.72,0.2,0.0425,1,33.37,0.0295,20.06,1,0,0.7541082236597347,0.4,0.04905818821223106
S7,60.05,5.23,55.55,52.44,1.2,0.0349,0,33.47,0.0557,17.96,1,0,1.05930567137573,1.2,0.08709407375619088
S7,68.4,5.21,53.38,61.12,1.26,0.0636,2,33.37,0.045,16.63,1,0,0.8733637314522691,3.7800000000000002,0.07616957950737141
S7,77.61,3.63,40.05,57.3,0.32,0.0625,2,33.5,0.0759,18.85,1,0,0.6989527575998677,0.96,0.046772317127648864
S7,60.38,2.43,39.25,56.42,0.57,0.0495,0,33.7,0.0589,22.1,1,0,0.6956751691465491,0.57,0.040245107610946074
S7,71.63,3.09,42.73,73.76,0.33,0.0342,1,33.34,0.0318,20.05,1,0,0.5793112012864422,0.66,0.04313834383102836
S7,68.56,2.52,56.67,58.4,1.29,0.0419,2,32.92,0.0697,14.85,1,0,0.9703765461683996,3.87,0.03675612065984237
S7,68.44,3.2,50.34,60.3,0.73,0.0232,3,33.68,0.0617,19.29,1,0,0.8348257322013711,2.92,0.04675627604379368
S7,66.78,2.34,38.98,44.17,0.67,0.0578,3,33.9,0.0323,19.39,1,0,0.8824992342089122,2.68,0.0350404260197026
S7,73.01,3.1,44.05,49.31,0.44,0.0463,0,33.36,0.0411,17.45,1,0,0.8933277442044727,0.44,0.04245993117929993
S7,68.16,2.6,33.8,41.06,1.05,0.0574,1,33.3,0.0381,16.56,1,0,0.8231853815914802,2.1,0.03814553430963405
S7,72.05,4.05,44.43,61.79,1.11,0.0761,0,33.4,0.0915,17.14,1,0,0.719048273337389,1.11,0.056210956806251655
S7,73.14,0.86,48.84,45.91,0.94,0.0579,2,33.4,0.029,19.92,1,0,1.063820286686934,2.82,0.011758270199853676
S7,71.96,3.23,43.4,47.29,0.9,0.0711,1,33.93,0.0483,14.92,1,0,0.9177414003507294,1.8,0.04488604156669795
S7,70.07,2.58,44.3,48.9,0.53,0.0198,1,33.11,0.0814,17.54,1,0,0.9059302850858312,1.06,0.036820317279817716
S7,73.35,1.79,48.05,47.55,1.57,0.0435,3,33.15,0.0516,18.73,1,0,1.010515034592001,6.28,0.024403541321943924
S7,70.55,2.21,34.7,53.32,0.91,0.0451,2,33.63,0.019,17.01,1,0,0.6507875748710474,2.73,0.031325296764663814
S7,68.73,3.76,56.78,56.8,0.82,0.028,2,33.57,0.0232,20.11,1,0,0.9996477113296283,2.46,0.05470681584361765
S7,76.18,2.86,50.75,56.27,1.42,0.0443,4,33.34,0.0629,13.99,1,0,0.9019013858359007,7.1,0.03754265718788957
S7,70.26,2.07,50.45,43.63,1.01,0.039,1,33.63,0.0979,15.43,1,0,1.1563141974984648,2.02,0.029461994098776808
S7,68.72,3.53,54.33,61.89,1.02,0.0319,1,33.24,0.0442,17.68,1,0,0.8778476526340842,2.04,0.05136786214088152
S7,67.01,2.55,39.32,37.68,0.67,0.0406,2,33.67,0.0693,15.73,1,0,1.0435241391921073,2.0100000000000002,0.03805401610893655
S7,68.26,4.27,45.2,52.88,0.56,0.044,0,33.84,0.0268,19.17,1,0,0.8547653451654037,0.56,0.06255492784135248
S7,68.44,4.4,49.08,68.46,0.74,0.0485,1,33.21,0.0499,18.41,1,0,0.7169148821333797,1.48,0.06428987956021631
S7,70.58,3.26,51.71,64.4,0.63,0.0676,0,33.19,0.0235,16.83,1,0,0.8029501858773003,0.63,0.04618871547340387
S7,71.04,3.69,51.63,61.68,1.15,0.0511,2,33.31,0.017,16.95,1,0,0.8370621210988779,3.4499999999999997,0.05194256025583329
S7,69.45,4.4,60.08,42.82,0.5,0.024,0,33.26,0.0044,17.88,1,0,1.4030823439789013,0.5,0.06335492248309252
S7,70.32,2.17,43.68,50.68,1.06,0.0157,3,33.36,0.0484,15.65,1,0,0.8618782829758715,4.24,0.030858926214600936
S7,81.56,1.93,41.59,43.95,0.97,0.0574,0,33.33,0.0372,16.91,1,0,0.9463024012963819,0.97,0.023663557667538294
S7,75.47,1.99,44.93,68.81,0.72,0.058,1,33.27,0.0428,18.57,1,0,0.6529573240870041,1.44,0.02636808978824834
S7,70.52,4.18,32.81,61.44,0.76,0.0215,0,33.21,0.0261,18.53,1,0,0.53401684016653,0.76,0.05927395642740266
S7,60.6,5.22,37.67,47.8,0.97,0.0385,3,33.64,0.0446,16.04,1,0,0.7880751489382534,3.88,0.08613859964709576
S7,80.73,3.06,48.22,50.72,0.85,0.078,6,33.27,0.0375,16.46,1,0,0.9507095917370678,5.95,0.037904120165475015
S7,66.03,2.29,49.69,62.51,1.34,0.0354,3,33.37,0.0822,17.18,1,0,0.7949126867840846,5.36,0.03468120026030588
S7,62.95,2.19,53.96,59.25,0.45,0.0403,2,33.34,0.0416,19.13,1,0,0.9107171458705239,1.35,0.03478950996195235
S7,71.93,0.59,38.99,55.31,1.58,0.0585,0,33.35,0.0893,17.08,1,0,0.704935688856321,1.58,0.008202417878156834
S7,70.03,4.67,50.44,48.05,1.06,0.033,0,32.86,0.0792,18.16,1,0,1.0497396358502318,1.06,0.06668569660349898
S7,63.35,2.25,40.25,33.25,0.87,0.0434,1,33.08,0.0601,16.71,1,0,1.2105259517215181,1.74,0.03551696361216044
S7,66.09,4.36,52.17,64.27,1.4,0.0542,1,33.94,0.0511,18.4,1,0,0.8117316303513878,2.8,0.06597063610672778
S7,67.53,4.34,50.42,43.62,1.16,0.0454,3,33.9,0.0338,18.35,1,0,1.1558915277644366,4.64,0.0642677233425554
S7,71.8,2.39,38.3,49.91,0.94,0.0529,3,32.93,0.043,15.88,1,0,0.7673811325623857,3.76,0.03328690344193545
S7,66.26,4.13,41.69,56.29,0.78,0.0406,0,33.76,0.0585,17.79,1,0,0.7406287545516512,0.78,0.06233020490036146
S7,70.49,4.25,43.49,65.72,0.87,0.0456,1,33.26,0.0309,15.62,1,0,0.6617467039338552,1.74,0.06029223148074458
S7,75.38,3.92,33.31,51.52,0.49,0.0289,2,32.73,0.0721,17.59,1,0,0.646544905561936,1.47,0.05200317696959711
S7,74.09,3.35,29.87,45.41,0.75,0.0401,1,33.28,0.0513,17.33,1,0,0.6577844840818137,1.5,0.045215272612326544
S7,68.23,3.23,32.78,56.4,0.52,0.0487,1,33.33,0.0812,17.22,1,0,0.5812055707082322,1.04,0.04733987287998345
S7,67.35,3.49,33.71,41.18,1.02,0.0755,2,33.07,0.0433,18.78,1,0,0.8186010639628305,3.06,0.05181884902466979
S7,72.76,2.04,53.08,59.61,0.61,0.0428,3,33.43,0.0317,20.42,1,0,0.890454472327718,2.44,0.028037379324164467
S7,60.6,2.18,36.05,57.81,0.47,0.0558,1,33.79,0.0643,18.52,1,0,0.623594425948032,0.94,0.03597359142349976
S7,68.47,2.81,56.19,51.55,1.5,0.0263,0,33.66,0.054,14.1,1,0,1.090009487874008,1.5,0.041039865482712795
S7,71.23,3.22,55.66,48.34,1.23,0.028,1,33.27,0.0286,16.72,1,0,1.1514271511321572,2.46,0.045205665421077436
S7,74.3,4.99,60.4,65.01,1.13,0.0034,1,33.85,0.041,17.65,1,0,0.9290876897265512,2.26,0.06716015246835094
S7,65.87,4.91,70.73,57.05,1.23,0.0544,0,33.45,0.0728,16.27,1,0,1.239789440878275,1.23,0.07454075079083788
S7,71.75,0.6,55.6,45.32,1.5,0.0373,2,33.64,0.0371,19.27,1,0,1.2268311503020408,4.5,0.00836236817249224
S7,71.59,3.45,48.65,63.89,0.98,0.0705,0,33.46,0.0382,15.83,1,0,0.7614648988159494,0.98,0.04819108140926367
S7,74.23,1.04,35.12,51.89,0.84,0.0813,0,33.49,0.0396,17.14,1,0,0.6768162118295987,0.84,0.014010505993465445
S7,69.65,2.38,33.04,47.34,0.76,0.0426,4,32.9,0.0391,16.6,1,0,0.697929721603354,3.8,0.034170849365276465
S7,62.38,1.85,54.97,63.4,1.32,0.0667,2,33.32,0.0179,20.15,1,0,0.867034563559217,3.96,0.02965693657311052
S7,81.66,8.61,18.64,26.38,3.01,0.2373,8,32.53,0.1205,25.86,2,1,0.7065956381366042,27.089999999999996,0.10543716563345999
S7,101.05,9.74,23.51,37.83,5.99,0.4261,4,33.02,0.1309,21.2,2,1,0.6214642819285535,29.950000000000003,0.09638791723029023
S7,98.51,9.41,15.57,36.34,6.03,0.5051,16,33.02,0.1118,21.57,2,1,0.42845337687028695,102.51,0.09552328743038398
S7,92.94,9.15,13.7,25.59,4.72,0.265,9,32.73,0.0986,20.39,2,1,0.535365167891689,47.199999999999996,0.09845060270598206
S7,86.23,6.38,25.99,45.98,3.64,0.1387,8,32.73,0.0016,23.6,2,1,0.565245636092728,32.76,0.07398816258979907
S7,94.85,6.72,13.99,17.7,3.42,0.3454,3,32.87,0.0435,22.0,2,1,0.7903950336751223,13.68,0.07084870101753284
S7,104.68,9.63,30.69,24.05,3.17,0.3471,3,32.2,0.086,24.01,2,1,1.2760909454923304,12.68,0.09199464157483363
S7,80.38,7.87,30.53,26.18,3.83,0.3721,6,32.32,0.0778,18.39,2,1,1.1661569266016323,26.810000000000002,0.09790991566186667
S7,90.75,8.44,24.78,28.88,2.26,0.1376,5,32.05,0.0661,25.87,2,1,0.8580329438944101,13.559999999999999,0.09300274457270032
S7,78.82,8.29,38.25,20.3,4.61,0.2127,8,33.14,0.1181,23.35,2,1,1.8842355250071305,41.49,0.10517633783603934
S7,86.42,2.53,30.13,27.97,4.62,0.5726,8,32.62,0.1438,24.28,2,1,1.077225213719981,41.58,0.029275627253456688
S7,93.5,6.07,28.85,21.35,4.6,0.4077,6,32.39,0.1044,24.36,2,1,1.3512874232845793,32.199999999999996,0.06491977915296479
S7,85.27,1.72,13.93,30.28,4.03,0.2978,7,31.68,0.1151,21.95,2,1,0.46003947819039687,32.24,0.02017121846238789
S7,92.04,7.75,16.42,29.67,3.46,0.2654,4,33.15,0.0735,29.47,2,1,0.5534207774112648,17.3,0.08420251149472929
S7,91.64,4.99,25.55,18.18,3.58,0.3971,10,33.56,0.1125,14.27,2,1,1.40538976601223,39.38,0.05445219833563964
S7,82.46,8.29,21.75,28.83,5.29,0.3953,10,32.62,0.0196,21.54,2,1,0.7544222149073136,58.19,0.10053357985282804
S7,83.63,6.62,17.82,30.27,5.02,0.2769,6,32.6,0.1102,24.73,2,1,0.588701490352993,35.14,0.07915818735403715
S7,72.33,4.22,19.74,35.58,4.94,0.1228,6,32.14,0.1243,23.69,2,1,0.5548059148943465,34.580000000000005,0.058343694408448166
S7,78.5,7.3,22.01,20.64,4.54,0.2657,7,32.93,0.0923,26.93,2,1,1.0663754523374747,36.32,0.09299361872692755
S7,86.63,8.66,19.42,32.11,4.0,0.4574,4,32.67,0.097,21.57,2,1,0.6047958253516582,20.0,0.09996535842486917
S7,92.74,8.41,18.16,34.17,5.16,0.1441,2,33.33,0.135,27.47,2,1,0.5314601897980129,15.48,0.09068362188013566
S7,87.26,8.36,28.17,34.24,3.22,0.383,4,32.61,0.0018,24.48,2,1,0.8227217223359455,16.1,0.09580562734292603
S7,98.98,9.07,23.06,22.88,4.21,0.0521,8,32.73,0.0023,21.11,2,1,1.007866692365956,37.89,0.09163466441355178
S7,107.84,7.7,28.45,35.24,6.79,0.2616,2,32.89,0.0956,22.94,2,1,0.8073209967874582,20.37,0.07140207053022343
S7,89.15,6.4,36.88,20.01,4.75,0.2439,5,33.13,0.0474,26.25,2,1,1.8430775396913845,28.5,0.07178911140896115
S7,81.51,10.26,21.07,28.08,4.57,0.2625,7,31.9,0.0544,19.23,2,1,0.7503558581353782,36.56,0.12587411043134455
S7,85.77,8.81,20.06,18.14,4.67,0.4046,3,33.11,0.0665,23.73,2,1,1.1058428302961243,18.68,0.1027165555886026
S7,96.15,8.84,23.24,19.42,5.71,0.2379,7,33.33,0.0864,26.87,2,1,1.1967038122019502,45.68,0.09193966802499552
S7,104.84,8.2,19.19,28.07,4.69,0.1936,7,32.87,0.1507,28.47,2,1,0.683647779249099,37.52,0.07821441451598486
S7,80.51,5.96,17.49,40.06,5.5,0.1557,9,32.55,0.1261,22.11,2,1,0.43659499835371973,55.0,0.07402806185218458
S7,61.35,8.01,16.3,35.76,5.42,0.271,6,32.77,0.0894,26.63,2,1,0.45581642734439953,37.94,0.13056232590671132
S7,88.53,9.27,32.09,16.95,5.41,0.2662,3,32.69,0.1325,25.43,2,1,1.8932142222924946,21.64,0.10471025587820446
S7,86.28,6.7,16.34,19.47,2.86,0.0642,7,32.56,0.0676,19.02,2,1,0.8392394251466744,22.88,0.0776541402811613
S7,90.55,8.41,22.14,26.67,5.42,0.4325,11,33.0,0.1201,19.31,2,1,0.830145920455223,65.03999999999999,0.0928768533542956
S7,81.56,7.68,25.43,35.3,4.12,0.4852,5,32.79,0.1077,25.75,2,1,0.7203963964882729,24.72,0.0941637942418104
S7,92.61,7.17,19.05,40.3,4.97,0.4395,6,32.63,0.0193,23.33,2,1,0.4727045973437724,34.79,0.07742143640844008
S7,92.02,3.79,26.4,34.37,5.02,0.3852,7,32.58,0.0075,18.87,2,1,0.7681115018587424,40.16,0.041186694067953264
S7,76.2,6.45,12.93,31.68,4.54,0.221,5,32.53,0.0864,28.96,2,1,0.40814381056066584,27.240000000000002,0.08464565818298449
S7,86.7,6.68,24.85,33.29,5.45,0.1221,6,32.42,0.0432,21.17,2,1,0.746470187302437,38.15,0.077047280617384
S7,84.99,9.29,32.32,21.74,6.34,0.0857,2,32.08,0.0686,25.81,2,1,1.4866598497424797,19.02,0.10930696443029009
S7,85.37,7.9,15.59,27.12,4.68,0.1985,5,32.77,0.1318,21.19,2,1,0.5748522954084456,28.08,0.09253835158271623
S7,92.61,4.28,12.95,21.36,6.05,0.4174,6,32.12,0.0889,24.59,2,1,0.606273124403968,42.35,0.04621530653111904
S7,93.94,9.11,20.43,21.93,4.8,0.2705,8,32.29,0.1467,21.49,2,1,0.9316001223893651,43.199999999999996,0.09697678337483677
S7,93.62,1.27,28.72,28.97,3.49,0.3319,4,32.74,0.1331,28.92,2,1,0.9913700409492437,17.450000000000003,0.013565476013087371
S7,103.79,4.26,27.5,40.18,3.67,0.2827,7,32.96,0.0819,31.2,2,1,0.6844199391687558,29.36,0.041044412655900114
S7,95.75,6.98,17.46,25.27,6.66,0.184,9,32.58,0.0929,24.0,2,1,0.6909375975711921,66.6,0.07289816471037444
S7,89.88,10.02,15.39,34.47,5.85,0.3209,8,32.14,0.0587,20.94,2,1,0.4464750662967606,52.65,0.11148196356453453
S7,99.65,6.3,19.39,20.35,3.74,0.4785,2,32.65,0.055,25.81,2,1,0.952825084606838,11.22,0.06322126811628016
S7,80.63,5.43,30.01,20.71,5.24,0.0644,8,32.06,0.0034,19.14,2,1,1.4490577261913442,47.160000000000004,0.06734465244392256
S7,82.8,8.22,25.04,33.54,2.38,0.2515,3,32.22,0.0706,23.38,2,1,0.7465710356079202,9.52,0.09927535032906398
S7,94.21,3.39,18.02,30.34,5.29,0.359,4,32.32,0.0785,22.02,2,1,0.5939352030536575,26.45,0.03598343742878278
S7,88.36,8.72,19.04,34.36,4.64,0.1213,5,32.36,0.0624,24.23,2,1,0.5541325511837744,27.839999999999996,0.09868717760443893
S7,106.1,7.98,17.49,37.77,3.93,0.1029,4,32.44,0.0218,27.9,2,1,0.463065802736086,19.650000000000002,0.07521205700169115
S7,87.53,8.82,35.18,28.77,5.08,0.268,9,32.7,0.0144,24.7,2,1,1.2228011043444198,50.8,0.10076544033297836
S7,94.65,7.96,25.29,31.51,3.49,0.5214,8,32.3,0.138,24.87,2,1,0.802602093747352,31.410000000000004,0.084099304374083
S7,94.27,9.61,9.84,30.16,4.94,0.1864,5,32.97,0.1631,26.01,2,1,0.326259838773263,29.64,0.10194122181593064
S7,87.53,9.5,27.56,19.34,6.28,0.3534,7,33.41,0.121,24.1,2,1,1.4250251163262067,50.24,0.10853420444028282
S7,79.42,9.38,27.43,27.25,6.66,0.5141,5,32.69,0.0792,23.84,2,1,1.006605135190776,39.96,0.11810625558974369
S7,89.78,6.21,20.12,32.75,5.08,0.451,11,32.81,0.017,22.29,2,1,0.6143509574500893,60.96,0.0691690722689828
S7,88.57,5.37,31.21,34.96,4.93,0.4564,4,32.34,0.1206,19.51,2,1,0.8927342984169626,24.65,0.06063000331602086
S7,88.13,5.06,22.77,41.7,5.69,0.4107,8,32.56,0.1056,22.64,2,1,0.5460430345220539,51.21,0.05741517560249908
S7,83.84,3.97,24.32,34.29,5.72,0.1615,2,33.13,0.0882,22.91,2,1,0.7092444709114987,17.16,0.04735209358872929
S7,99.22,2.09,27.46,25.9,6.2,0.3669,3,32.0,0.0718,25.97,2,1,1.060231250875965,24.8,0.02106429942911717
S7,80.48,5.27,30.76,18.87,3.84,0.2602,7,32.66,0.0771,20.03,2,1,1.6300998250663354,30.72,0.06548209921942107
S7,89.42,7.81,15.56,24.8,5.85,0.521,7,32.47,0.1345,23.36,2,1,0.6274191018471363,46.8,0.0873406299104641
S7,91.68,7.59,36.8,23.16,3.7,0.2529,7,32.46,0.1311,30.02,2,1,1.588945773339476,29.6,0.08278794908508408
S7,83.31,9.84,29.09,17.0,5.31,0.2244,7,32.4,0.063,24.65,2,1,1.711175464014433,42.48,0.1181130574825282
S7,88.46,8.41,19.48,25.17,4.36,0.2808,9,32.96,0.128,27.19,2,1,0.7739369193734925,43.6,0.09507120788252228
S7,94.79,3.81,25.2,19.34,3.47,0.3109,6,32.58,0.0889,24.27,2,1,1.3029982921415242,24.290000000000003,0.040194109062758825
S7,93.73,1.08,21.3,23.73,6.78,0.1436,3,32.04,0.0771,20.71,2,1,0.8975975989896339,27.12,0.011522456895075547
S7,88.22,8.4,28.19,41.06,5.82,0.5187,4,33.33,0.0115,23.42,2,1,0.6865560919249654,29.1,0.09521649340098692
S7,97.81,7.81,19.0,29.06,5.18,0.2515,6,32.47,0.0284,23.75,2,1,0.6538194584241368,36.26,0.07984867806475021
S7,75.31,6.33,24.53,26.16,5.09,0.33,7,32.41,0.0395,28.38,2,1,0.9376907730539858,40.72,0.0840525714974676
S7,88.62,7.81,24.14,29.92,4.46,0.1649,2,32.86,0.0635,26.5,2,1,0.8068179121597887,13.379999999999999,0.08812908055415475
S7,89.59,6.97,20.89,34.76,2.32,0.2212,4,32.88,0.0793,27.0,2,1,0.6009779628947173,11.6,0.07779885279619904
S7,94.81,5.56,9.71,17.61,3.7,0.4177,8,32.61,0.05,19.49,2,1,0.5513909418563647,33.300000000000004,0.05864359681008365
S7,88.58,10.16,12.7,28.45,4.82,0.1177,11,32.85,0.1065,30.81,2,1,0.4463970311433985,57.84,0.11469856460842576
S7,96.45,6.86,29.17,28.15,3.71,0.1967,5,32.9,0.0645,24.71,2,1,1.0362340901477478,22.259999999999998,0.07112492782530556
S7,86.65,7.09,13.15,22.74,3.79,0.2968,2,33.93,0.0726,25.27,2,1,0.5782759110484121,11.370000000000001,0.08182341813924775
S7,88.99,9.39,20.59,25.33,3.73,0.2035,1,32.47,0.0377,19.25,2,1,0.812869793576868,7.46,0.10551746201624206
S7,77.93,3.7,42.85,41.47,2.04,0.086,4,33.14,0.0726,17.63,3,0,1.0332768185973429,10.2,0.047478500259399425
S7,70.58,4.29,41.37,50.08,1.85,0.0681,1,33.0,0.0999,19.22,3,0,0.826078109808684,3.7,0.06078208263217871
S7,77.47,4.32,46.01,41.53,1.38,0.1262,2,32.88,0.0484,17.56,3,0,1.1078735593851288,4.14,0.055763514165029796
S7,74.81,4.62,41.85,42.02,2.1,0.0586,3,33.76,0.0976,20.0,3,0,0.9959540704535766,8.4,0.06175644141739855
S7,81.58,5.19,29.07,54.17,2.45,0.0608,4,34.2,0.0344,18.44,3,0,0.5366437997703896,12.25,0.06361852615610124
S7,70.27,2.86,42.05,50.11,1.67,0.1207,3,33.82,0.0256,20.95,3,0,0.8391536940423678,6.68,0.040700150747096805
S7,65.11,3.96,48.06,61.59,1.62,0.0982,1,33.34,0.0726,22.67,3,0,0.7803213540637515,3.24,0.060820141173377175
S7,81.48,3.45,52.34,56.46,1.21,0.1061,0,33.67,0.042,23.69,3,0,0.9270278202217818,1.21,0.042341673743044456
S7,70.57,3.27,46.71,53.6,2.06,0.1636,1,33.5,0.0922,18.14,3,0,0.8714550612956975,4.12,0.046336963817916424
S7,73.32,4.86,44.85,49.34,0.96,0.0684,1,33.98,0.0761,22.71,3,0,0.9089985997165383,1.92,0.06628477001026051
S7,74.71,3.48,26.3,28.61,2.07,0.1396,2,33.54,0.0509,22.88,3,0,0.9192586790427547,6.209999999999999,0.04658010352294157
S7,75.59,1.59,44.52,41.24,2.18,0.1108,3,33.26,0.1077,21.09,3,0,1.079534170821006,8.72,0.021034525594056674
S7,70.12,1.92,45.8,39.49,2.3,0.0615,2,33.59,0.0583,20.69,3,0,1.1597869942296797,6.8999999999999995,0.027381627583909354
S7,75.74,3.8,37.15,60.29,1.37,0.0826,2,33.01,0.0821,24.07,3,0,0.616188320419917,4.11,0.05017163319624594
S7,74.76,5.73,38.89,59.56,2.23,0.0871,2,33.43,0.0769,19.76,3,0,0.652954893728191,6.6899999999999995,0.0766452545953378
S7,69.33,4.08,42.95,42.15,1.87,0.1327,4,33.44,0.0675,19.21,3,0,1.0189795921756601,9.350000000000001,0.058848974635947696
S7,84.47,3.98,43.62,42.6,2.05,0.0747,5,33.37,0.0412,18.81,3,0,1.0239434216095253,12.299999999999999,0.047117314180500275
S7,73.87,4.7,56.0,53.56,2.38,0.0888,4,33.34,0.0581,20.71,3,0,1.0455561901500765,11.899999999999999,0.06362527905438214
S7,76.19,5.85,32.98,27.25,1.29,0.1709,2,33.14,0.0812,23.99,3,0,1.2102747852202622,3.87,0.07678171980814807
S7,75.44,4.91,39.69,46.71,1.66,0.0733,5,33.12,0.0561,14.47,3,0,0.8497108007469918,9.959999999999999,0.06508482700360194
S7,81.0,3.96,37.82,52.53,1.91,0.163,0,33.14,0.0217,17.61,3,0,0.7199694041558339,1.91,0.04888888285322434
S7,75.28,1.93,37.29,54.46,2.39,0.0646,1,33.31,0.0049,24.45,3,0,0.6847226065511188,4.78,0.02563761614803186
S7,74.46,6.25,34.14,46.64,3.07,0.1141,3,33.31,0.045,18.21,3,0,0.7319895514602162,12.28,0.08393767339005193
S7,76.02,5.37,36.21,38.75,2.01,0.1178,4,33.31,0.0743,16.33,3,0,0.9344513717544847,10.049999999999999,0.07063929615373636
S7,78.9,4.55,33.07,53.89,2.4,0.1075,1,33.66,0.0721,19.2,3,0,0.6136573364896387,4.8,0.05766792678480014
S7,77.27,5.31,41.3,48.18,2.2,0.0699,1,33.05,0.0708,19.59,3,0,0.8572019806554626,4.4,0.06872006357964752
S7,81.01,6.08,47.78,42.86,2.4,0.0718,2,33.28,0.0478,19.4,3,0,1.1147920870760413,7.199999999999999,0.07505245339433977
S7,73.84,5.1,34.36,69.29,1.9,0.1366,3,33.51,0.0537,18.29,3,0,0.49588678079278664,7.6,0.06906824633420282
S7,62.13,3.88,41.02,54.48,1.56,0.0978,2,33.99,0.0453,16.89,3,0,0.7529367193581646,4.68,0.062449692185789114
S7,78.85,3.41,45.79,55.23,2.49,0.1024,3,32.94,0.0493,20.67,3,0,0.8290782493068533,9.96,0.04324666540942734
S7,79.19,5.24,54.78,41.75,2.36,0.091,3,33.53,0.0402,21.0,3,0,1.3120954941088636,9.44,0.0661699626000805
S7,72.02,3.69,29.0,39.53,1.54,0.08,3,33.61,0.0619,19.41,3,0,0.7336198498305464,6.16,0.0512357607281643
S7,79.1,6.68,40.23,50.67,1.6,0.078,0,33.55,0.0959,15.73,3,0,0.7939607669309715,1.6,0.08445005253475947
S7,78.7,2.63,41.48,33.76,2.5,0.01,1,33.39,0.0769,18.25,3,0,1.2286726218386783,5.0,0.0334180389557765
S7,68.08,4.32,41.47,49.38,1.54,0.1465,3,33.78,0.0646,14.74,3,0,0.8398135196813447,6.16,0.0634547497863176
S7,73.1,6.27,49.62,56.89,1.88,0.1423,5,33.32,0.0525,26.08,3,0,0.872209373842613,11.28,0.08577290208305033
S7,83.25,6.44,32.16,51.52,2.7,0.0978,3,33.42,0.0422,22.56,3,0,0.6242234813230819,10.8,0.07735734806518342
S7,81.9,6.03,39.24,34.43,2.54,0.0635,0,33.56,0.0622,19.36,3,0,1.139703415712049,2.54,0.0736263646365855
S7,76.05,3.45,45.01,42.02,2.47,0.0856,5,33.09,0.0663,20.46,3,0,1.0711563371831656,14.82,0.045364885553598217
S7,66.15,3.01,32.76,44.54,2.68,0.1233,3,33.57,0.0608,19.82,3,0,0.735518469798278,10.72,0.04550263862393973
S8,72.14,3.58,35.96,56.07,1.39,0.0477,3,33.23,0.0431,19.13,1,0,0.6413410662848107,5.56,0.04962572087250889
S8,70.74,4.18,49.64,59.56,1.14,0.0402,1,33.78,0.0321,13.11,1,0,0.8334451253450091,2.28,0.059089615622050375
S8,59.04,3.21,45.84,59.18,1.24,0.0827,0,33.86,0.0226,15.41,1,0,0.7745858779003248,1.24,0.05436990949019148
S8,74.88,3.63,58.19,46.51,1.54,0.0522,0,33.78,0.0109,17.24,1,0,1.2511285205055858,1.54,0.0484775576285313
S8,72.28,3.38,50.52,46.82,0.74,0.0768,0,33.48,0.0495,19.73,1,0,1.0790258267779096,0.74,0.04676258345841402
S8,69.41,2.96,56.02,50.92,1.7,0.0391,0,33.7,0.0551,19.42,1,0,1.1001568931349384,1.7,0.04264514585144131
S8,77.88,3.37,35.51,49.87,1.45,0.0244,2,33.8,0.0443,18.86,1,0,0.7120511906855442,4.35,0.043271694495159926
S8,70.07,3.03,35.8,53.23,1.45,0.0363,0,33.83,0.0646,16.47,1,0,0.6725529452277014,1.45,0.04324246564257662
S8,63.3,3.06,37.07,51.52,1.02,0.0721,3,34.4,0.0314,17.85,1,0,0.7195262578559282,4.08,0.04834122459064383
S8,71.66,3.7,52.94,62.26,0.7,0.0311,2,33.91,0.0473,17.76,1,0,0.8503050352866952,2.0999999999999996,0.051632702814303266
S8,70.03,4.32,40.27,58.84,1.0,0.0564,1,33.61,0.0525,19.42,1,0,0.6843982521416975,2.0,0.06168783925634167
S8,74.98,2.68,31.67,40.61,1.24,0.0576,3,33.5,0.0719,15.26,1,0,0.7798569859992647,4.96,0.03574285999695118
S8,63.65,3.49,38.7,61.79,1.3,0.0476,1,33.52,0.0371,18.57,1,0,0.6263148363303389,2.6,0.05483109900532616
S8,74.63,3.2,38.7,70.46,1.0,0.0266,1,33.66,0.0316,15.58,1,0,0.5492477222186032,2.0,0.042878193370200546
S8,74.51,3.92,59.61,48.54,0.48,0.0573,5,34.05,0.0683,19.19,1,0,1.2280590795098723,2.88,0.052610380806552025
S8,76.47,2.24,45.91,57.2,1.94,0.0418,1,33.69,0.047,19.4,1,0,0.8026222373038046,3.88,0.02929252918889379
S8,72.05,0.91,51.21,51.36,1.2,0.0357,2,34.06,0.0646,16.76,1,0,0.9970792451169693,3.5999999999999996,0.012630116220663953
S8,76.72,2.87,36.3,60.5,1.78,0.0614,2,34.1,0.0505,16.43,1,0,0.5999999008264626,5.34,0.037408754248076874
S8,74.01,3.17,42.97,55.37,1.1,0.0558,2,33.52,0.0152,16.31,1,0,0.7760518735683811,3.3000000000000003,0.042832043935678424
S8,65.26,4.57,47.14,75.81,1.21,0.0847,0,33.67,0.049,17.19,1,0,0.6218176201269463,1.21,0.07002757124922292
S8,72.61,3.03,56.46,53.21,0.99,0.0507,3,33.85,0.0422,20.27,1,0,1.0610785451835096,3.96,0.04172978353810996
S8,73.11,3.15,62.29,48.78,1.36,0.0499,0,33.49,0.0714,17.09,1,0,1.2769575077987887,1.36,0.0430857552885029
S8,65.48,4.1,45.18,50.44,1.23,0.0736,2,33.7,0.0011,19.42,1,0,0.8957175067966877,3.69,0.06261452922808043
S8,76.96,3.72,43.54,57.47,1.46,0.0744,1,33.84,0.0435,14.41,1,0,0.7576125356512031,2.92,0.04833679205603014
S8,66.55,3.89,32.58,49.99,1.21,0.0428,2,33.66,0.0852,18.22,1,0,0.6517302156970962,3.63,0.05845228272692972
S8,75.09,4.16,42.82,58.29,2.44,0.1037,1,33.97,0.0519,16.31,1,0,0.7346027218043023,4.88,0.055400179065098004
S8,73.84,3.0,41.38,56.38,1.16,0.0154,1,33.86,0.0264,18.8,1,0,0.7339480784058038,2.32,0.040628380196589896
S8,78.95,3.69,46.3,58.28,1.24,0.0898,3,33.87,0.0433,17.76,1,0,0.7944404951200248,4.96,0.04673843613192702
S8,74.61,1.9,45.33,51.75,1.73,0.0903,2,33.68,0.0484,18.9,1,0,0.8759418597213797,5.1899999999999995,0.025465751847506785
S8,63.55,4.26,26.71,56.25,1.18,0.0568,1,33.67,0.0232,19.18,1,0,0.47484436002766933,2.36,0.06703382108043728
S8,68.97,3.56,50.48,56.05,1.11,0.0603,3,33.22,0.0518,19.33,1,0,0.9006242817797891,4.44,0.05161663743415435
S8,71.69,1.92,52.34,65.64,1.26,0.0319,1,33.83,0.0462,15.74,1,0,0.7973795250792923,2.52,0.026781974224860616
S8,62.23,2.5,55.17,46.48,1.53,0.0427,3,33.92,0.0586,18.8,1,0,1.1869618788808352,6.12,0.04017354327919922
S8,72.39,3.45,49.91,58.56,0.9,0.0697,3,34.16,0.0821,18.24,1,0,0.8522881058251184,3.6,0.047658509786087884
S8,74.92,4.08,51.35,62.73,1.0,0.0907,0,33.72,0.0663,16.67,1,0,0.8185874671469047,1.0,0.05445808135903879
S8,68.07,1.9,46.14,52.24,1.37,0.0397,5,33.34,0.0295,14.02,1,0,0.8832310713569924,8.22,0.02791243897275761
S8,73.86,3.94,51.16,40.41,1.31,0.067,1,33.74,0.0469,16.52,1,0,1.2660229482744498,2.62,0.053344157413463655
S8,74.3,3.63,55.81,56.64,1.41,0.0401,1,33.63,0.0095,18.38,1,0,0.985345871231308,2.82,0.04885598265733746
S8,72.57,3.05,39.04,48.59,1.87,0.0507,3,34.08,0.03,20.16,1,0,0.8034573361890642,7.48,0.042028380594132476
S8,71.21,3.54,43.54,56.38,1.09,0.0125,1,34.23,0.0292,21.55,1,0,0.7722595295744005,2.18,0.04971211210334053
S8,68.58,3.07,45.51,55.06,0.67,0.0479,2,33.95,0.0542,17.82,1,0,0.8265527013162547,2.0100000000000002,0.04476523115117656
S8,72.57,3.95,41.87,53.22,1.25,0.0532,3,33.72,0.061,16.6,1,0,0.7867341625828329,5.0,0.054430197818630593
S8,65.28,3.83,42.86,41.43,1.47,0.045,1,33.88,0.0503,15.59,1,0,1.034515801468549,2.94,0.05867033414976499
S8,62.02,4.82,35.23,35.28,1.3,0.0417,0,33.89,0.0358,18.15,1,0,0.9985824833949875,1.3,0.07771685299631521
S8,70.63,2.23,41.05,47.41,1.32,0.0734,2,33.73,0.0673,16.73,1,0,0.8658509036382822,3.96,0.031572981513099035
S8,70.24,1.71,36.72,46.89,1.35,0.0695,1,33.99,0.0443,19.55,1,0,0.783109237980542,2.7,0.024345099039706858
S8,76.69,1.7,41.66,41.16,1.17,0.0407,2,33.93,0.0308,19.05,1,0,1.0121474703237439,3.51,0.022167163624049597
S8,71.9,2.21,45.53,50.97,1.27,0.0553,1,33.83,0.0285,16.4,1,0,0.8932703760505443,2.54,0.03073713063461326
S8,78.52,3.92,46.29,41.43,0.88,0.0591,1,34.23,0.0426,14.56,1,0,1.1173060300975066,1.76,0.04992357998935558
S8,69.44,2.69,56.47,29.56,1.63,0.102,1,33.57,0.0455,17.3,1,0,1.9103511805307238,3.26,0.038738473683975566
S8,68.29,1.93,51.18,53.4,1.19,0.046,0,34.09,0.058,17.94,1,0,0.9584267868114631,1.19,0.02826182043317902
S8,75.68,3.34,37.98,52.25,1.19,0.0434,1,33.93,0.069,13.29,1,0,0.7268898130354424,2.38,0.0441331865574542
S8,65.32,4.19,41.77,59.51,1.89,0.0409,1,33.53,0.0458,19.76,1,0,0.7018987225846542,3.78,0.06414573420916501
S8,79.19,2.61,49.46,58.18,1.6,0.0397,3,33.91,0.0658,17.94,1,0,0.8501201701409127,6.4,0.032958702745459936
S8,70.03,0.81,35.7,44.17,1.85,0.0412,1,33.63,0.0186,15.39,1,0,0.808240704496105,3.7,0.011566469860564064
S8,67.97,3.11,39.01,47.61,1.69,0.0601,1,34.23,0.0402,17.18,1,0,0.8193655073796455,3.38,0.045755473627265904
S8,79.02,2.22,40.61,70.81,0.96,0.059,0,34.08,0.0596,19.34,1,0,0.5735064858767849,0.96,0.028094149823570006
S8,74.35,3.94,59.51,52.78,1.54,0.0981,1,33.86,0.0575,16.75,1,0,1.1275102069893506,3.08,0.052992595428030205
S8,65.32,3.28,37.17,56.35,1.09,0.0799,1,33.8,0.0787,18.4,1,0,0.6596272121335914,2.18,0.05021432176755637
S8,75.99,1.19,42.29,61.98,1.0,0.1022,0,33.83,0.0309,20.65,1,0,0.6823167663251426,1.0,0.01565995319647938
S8,71.02,3.11,27.26,59.84,0.76,0.0518,2,33.62,0.0517,20.01,1,0,0.45554805221456346,2.2800000000000002,0.04379047538855598
S8,75.88,2.51,53.49,38.4,0.85,0.0389,0,33.97,0.0655,16.49,1,0,1.3929683872478158,0.85,0.03307854071184229
S8,67.41,4.92,44.22,46.07,1.79,0.0842,1,33.84,0.0154,19.31,1,0,0.9598435077396336,3.58,0.07298619300011971
S8,67.14,2.52,63.5,55.74,1.0,0.0656,2,33.67,0.0209,22.9,1,0,1.1392175925336216,3.0,0.03753350647400856
S8,77.69,3.59,45.56,53.95,1.29,0.0058,1,33.59,0.0274,15.44,1,0,0.8444854783159447,2.58,0.04620928739744016
S8,66.6,4.51,52.36,27.11,1.26,0.0565,3,33.59,0.0535,16.62,1,0,1.9313899183364374,5.04,0.06771770754989376
S8,68.11,2.3,46.28,56.22,1.49,0.0299,0,33.45,0.0674,16.56,1,0,0.8231944462478751,1.49,0.033768898286756964
S8,77.16,3.54,36.13,52.13,1.58,0.0557,0,33.55,0.0473,19.98,1,0,0.6930748718444519,1.58,0.04587868767772321
S8,63.7,3.06,55.71,54.62,1.09,0.0473,0,34.09,0.0326,14.33,1,0,1.01995587331456,1.09,0.04803766906786985
S8,74.75,3.54,55.81,48.81,1.49,0.0442,0,33.76,0.0373,17.5,1,0,1.1434130007348902,1.49,0.047357853196273815
S8,80.96,1.92,44.77,44.17,0.8,0.0211,1,34.41,0.0722,14.46,1,0,1.0135836509885328,1.6,0.023715412090487636
S8,67.79,4.75,63.59,66.98,0.97,0.0486,0,33.4,0.0375,16.72,1,0,0.9493877352362294,0.97,0.07006932142361388
S8,74.59,2.55,42.54,57.25,1.41,0.0451,3,33.83,0.0309,18.06,1,0,0.7430566387673992,5.64,0.0341868837395249
S8,68.89,4.36,41.03,34.1,0.74,0.0286,0,33.73,0.024,18.76,1,0,1.2032254535995737,0.74,0.06328929259844787
S8,65.26,2.34,48.5,60.58,1.49,0.0782,4,33.8,0.0223,15.49,1,0,0.8005941233750209,7.45,0.03585656821076184
S8,68.64,4.41,51.91,55.83,1.48,0.0152,0,34.08,0.0525,19.41,1,0,0.9297866864075431,1.48,0.06424824238807657
S8,69.35,4.26,43.87,55.92,1.59,0.0415,2,34.08,0.0771,16.63,1,0,0.784513450551958,4.7700000000000005,0.06142753259876963
S8,78.76,3.22,44.53,47.4,1.69,0.0757,3,33.71,0.0444,15.97,1,0,0.9394512785967767,6.76,0.040883692117357526
S8,66.88,1.03,33.85,66.7,1.31,0.0326,3,33.91,0.0395,14.28,1,0,0.5074961757876798,5.24,0.015400715400610736
S8,70.44,2.05,35.82,56.96,1.33,0.0375,2,34.06,0.0463,17.37,1,0,0.6288622491463748,3.99,0.02910277837836763
S8,78.62,4.66,36.3,60.05,1.38,0.0195,0,33.9,0.046,14.86,1,0,0.6044961524569271,1.38,0.059272442219226375
S8,66.31,2.05,57.52,67.72,1.51,0.0668,0,33.78,0.0402,16.69,1,0,0.8493796737478332,1.51,0.03091539271370943
S8,62.23,3.78,41.47,50.92,1.79,0.0868,1,33.56,0.0325,16.02,1,0,0.8144146083239181,3.58,0.06074239743814921
S8,69.33,3.39,44.0,46.97,1.54,0.0653,2,33.79,0.0285,13.15,1,0,0.9367679504432722,4.62,0.04889657451369184
S8,73.09,3.25,27.0,49.4,1.33,0.063,1,33.63,0.0573,15.69,1,0,0.5465585938140498,2.66,0.04446572110196728
S8,68.38,1.09,51.88,46.88,1.14,0.0478,2,33.39,0.0575,19.08,1,0,1.1066550540411573,3.42,0.015940331099688346
S8,77.27,2.08,44.34,56.29,1.71,0.0332,0,34.04,0.0373,17.01,1,0,0.7877063798709576,1.71,0.026918593643251762
S8,74.66,3.37,45.27,44.67,1.52,0.0808,2,33.82,0.0195,18.1,1,0,1.0134316065745228,4.5600000000000005,0.04513795270051531
S8,71.77,3.19,37.85,58.26,0.81,0.0582,2,33.94,0.0465,18.23,1,0,0.6496737642166557,2.43,0.04444753456213814
S8,68.7,5.02,41.01,63.14,1.36,0.038,2,33.91,0.0407,17.79,1,0,0.649508924689749,4.08,0.07307131396341862
S8,67.33,4.71,48.47,42.45,1.04,0.0593,4,33.38,0.0703,14.84,1,0,1.141813629725882,5.2,0.06995394772702396
S8,70.77,2.24,45.05,60.48,0.87,0.0569,3,33.68,0.0381,20.24,1,0,0.7448742154639193,3.48,0.031651825398922515
S8,70.3,4.26,52.11,56.81,1.59,0.0407,1,34.35,0.0664,19.15,1,0,0.9172679251420656,3.18,0.06059743092497426
S8,67.93,4.78,42.33,37.88,1.73,0.0397,1,33.81,0.0829,18.07,1,0,1.1174759457560859,3.46,0.07036654344670344
S8,70.21,3.68,53.94,40.02,1.23,0.0339,5,33.84,0.0116,17.61,1,0,1.347825750168478,7.38,0.05241417854804465
S8,68.76,2.68,42.82,76.25,1.7,0.0427,1,33.66,0.0721,16.65,1,0,0.5615736968427938,3.4,0.038976143255360196
S8,80.25,4.17,43.74,71.09,1.22,0.0393,0,34.13,0.0316,15.49,1,0,0.6152763236353462,1.22,0.05196261034733827
S8,63.33,4.09,39.33,35.31,1.34,0.0566,0,33.92,0.043,16.79,1,0,1.1138484526059322,1.34,0.06458233624153857
S8,65.83,3.2,59.12,70.79,1.46,0.0597,0,33.74,0.0303,15.3,1,0,0.8351460891162467,1.46,0.04861004882119872
S8,64.84,1.85,37.34,47.5,1.71,0.0553,3,33.32,0.0321,18.87,1,0,0.7861050976620847,6.84,0.02853176611169554
S8,99.48,10.17,14.29,15.87,7.31,0.2517,5,32.65,0.0013,25.82,2,1,0.9004405164205945,43.86,0.1022315940659837
S8,92.2,3.82,15.67,37.53,5.44,0.2922,4,32.93,0.0565,22.04,2,1,0.4175325293012178,27.200000000000003,0.04143166578832258
S8,93.48,6.71,19.81,24.7,4.48,0.4321,2,33.44,0.1168,24.79,2,1,0.8020239667919162,13.440000000000001,0.07178005222720879
S8,86.47,3.93,22.44,18.14,5.59,0.2515,8,33.24,0.0595,26.71,2,1,1.2370445220261732,50.31,0.04544928351459657
S8,84.89,11.5,30.36,30.91,3.78,0.3377,2,32.82,0.0407,23.21,2,1,0.9822060879307383,11.34,0.1354694150701596
S8,88.03,6.16,18.96,18.7,5.84,0.3621,5,33.13,0.0621,20.09,2,1,1.013903201121283,35.04,0.0699761365470707
S8,84.1,8.05,15.39,19.58,3.47,0.2533,7,32.96,0.0457,15.73,2,1,0.7860057272698023,27.76,0.09571937030685253
S8,78.61,9.44,33.24,12.99,4.8,0.3115,8,33.7,0.0666,21.57,2,1,2.55888948507353,43.199999999999996,0.12008648771320599
S8,91.21,10.07,34.0,12.62,3.61,0.3658,7,33.13,0.1423,22.02,2,1,2.6941341567875146,28.88,0.11040454879897503
S8,96.2,5.81,23.91,27.43,6.14,0.0898,10,33.35,0.1443,26.24,2,1,0.8716730325654275,67.53999999999999,0.06039500411694343
S8,103.06,11.78,23.39,23.02,6.03,0.4284,6,33.37,0.0759,25.16,2,1,1.016072538630522,42.21,0.11430233705585706
S8,96.86,8.6,25.81,24.97,4.09,0.4386,7,32.87,0.0789,24.67,2,1,1.0336399544894055,32.72,0.08878793219203673
S8,89.05,6.12,13.26,34.45,5.02,0.3442,7,33.07,0.1491,22.54,2,1,0.384905548648607,40.16,0.06872542743117042
S8,89.52,6.65,19.34,26.88,2.6,0.3707,2,32.96,0.0965,28.36,2,1,0.7194937799502307,7.800000000000001,0.07428506766252596
S8,82.05,5.65,19.31,30.19,7.71,0.265,4,32.47,0.01,23.96,2,1,0.6396155549468184,38.55,0.06886044255204844
S8,91.09,5.43,29.77,21.35,5.37,0.1577,6,31.88,0.0623,27.41,2,1,1.3943787379959072,37.59,0.05961136682277233
S8,104.81,8.7,26.13,33.61,4.52,0.0493,10,33.3,0.1032,24.21,2,1,0.777446957022625,49.72,0.08300733870743833
S8,83.38,6.33,28.55,28.69,7.35,0.2626,3,33.27,0.0459,22.22,2,1,0.9951199041059937,29.4,0.07591747710272523
S8,99.58,4.9,32.73,30.75,4.27,0.2628,1,32.69,0.1013,18.14,2,1,1.0643898977593829,8.54,0.04920666306420335
S8,92.44,4.8,31.67,23.45,4.31,0.307,10,33.12,0.1447,18.37,2,1,1.3505324731204806,47.41,0.05192556772765386
S8,81.01,10.12,24.73,26.16,4.55,0.1136,3,33.64,0.1166,22.92,2,1,0.945336030070325,18.2,0.12492283361031555
S8,81.98,7.84,23.32,21.85,5.84,0.1651,7,32.85,0.0445,22.13,2,1,1.0672763994158354,46.72,0.09563306957391197
S8,78.17,9.58,18.42,26.1,4.92,0.1783,1,32.5,0.1075,24.17,2,1,0.7057468560356874,9.84,0.12255339355847593
S8,89.5,7.13,23.52,12.96,5.2,0.1326,5,32.97,0.153,23.22,2,1,1.8148134144958221,31.200000000000003,0.07966479556817926
S8,106.21,6.36,10.8,17.65,5.87,0.2193,7,32.7,0.077,26.96,2,1,0.6118976703129347,46.96,0.059881361464893944
S8,72.7,3.49,22.08,30.28,3.5,0.2123,4,33.22,0.071,21.92,2,1,0.7291939467655393,17.5,0.04800549546004189
S8,91.74,3.35,35.46,32.82,3.64,0.4288,2,32.81,0.0552,20.78,2,1,1.0804384276543486,10.92,0.036516237571807546
S8,87.61,5.78,16.54,18.72,5.14,0.3025,7,32.6,0.076,25.82,2,1,0.8835465365670211,41.12,0.06597419632756577
S8,105.04,5.81,24.26,19.67,3.25,0.4084,7,32.36,0.0474,27.96,2,1,1.2333496525929575,26.0,0.05531225672960236
S8,98.35,8.11,21.09,30.48,6.58,0.2443,4,33.45,0.1439,26.4,2,1,0.6919289068474715,32.9,0.08246059151392053
S8,89.87,8.23,21.43,25.92,5.16,0.149,4,33.31,0.0876,22.42,2,1,0.8267743723864304,25.8,0.09157671174177014
S8,90.51,8.63,25.5,28.3,5.11,0.3168,8,33.06,0.1223,23.87,2,1,0.9010597522757059,45.99,0.09534856973278426
S8,80.1,6.37,17.46,34.04,4.71,0.2727,5,33.22,0.133,28.09,2,1,0.5129258187644481,28.259999999999998,0.07952558308045156
S8,78.62,0.6,16.57,37.67,4.34,0.315,5,33.61,0.106,20.02,2,1,0.43987246087803,26.04,0.007631644920930434
S8,97.67,6.26,11.97,32.16,6.24,0.4413,6,32.64,0.0652,25.46,2,1,0.3722013768030545,43.68,0.06409336909047106
S8,90.74,4.72,20.5,31.42,4.88,0.5356,1,33.02,0.0704,26.53,2,1,0.6524504607095923,9.76,0.05201674542464785
S8,95.61,4.82,15.82,27.57,5.83,0.2495,3,33.83,0.1051,23.49,2,1,0.5738119064882458,23.32,0.05041313142839333
S8,91.86,5.89,23.17,26.83,6.29,0.1627,11,32.6,0.079,26.96,2,1,0.8635852167032365,75.48,0.06411930501640485
S8,77.12,3.09,13.08,30.61,4.55,0.2017,3,33.18,0.0496,26.88,2,1,0.4273111965660906,18.2,0.040067422190427616
S8,91.83,8.51,35.1,28.45,6.42,0.4573,6,33.09,0.1399,24.98,2,1,1.2337429758372669,44.94,0.09267123024379502
S8,96.34,4.48,16.87,33.24,5.13,0.3433,5,32.59,0.1324,26.4,2,1,0.5075209062813157,30.78,0.04650196735499612
S8,86.07,4.98,17.42,25.43,8.28,0.2141,6,33.26,0.0536,20.96,2,1,0.6850174262613347,57.959999999999994,0.05785987476938832
S8,90.2,8.89,24.27,37.94,5.12,0.4361,6,33.01,0.0624,25.49,2,1,0.6396940854786279,35.84,0.09855874738816547
S8,81.6,7.78,20.38,32.26,4.11,0.3849,5,33.39,0.1681,23.36,2,1,0.6317418996460323,24.660000000000004,0.09534312557069541
S8,86.68,6.19,29.01,31.81,6.19,0.3098,10,33.55,0.0793,22.79,2,1,0.9119770789132101,68.09,0.07141208220903528
S8,85.31,9.74,24.41,33.75,6.99,0.247,13,32.67,0.0573,26.66,2,1,0.7232590449602829,97.86,0.1141718304803856
S8,88.32,7.44,26.87,33.26,2.3,0.2144,5,33.15,0.1248,23.97,2,1,0.8078770872287772,13.799999999999999,0.08423912089683867
S8,98.8,5.71,20.25,40.16,7.76,0.2633,5,32.66,0.1066,27.35,2,1,0.5042329421730721,46.56,0.057793516417660284
S8,94.43,6.19,31.77,27.09,7.95,0.2511,7,33.15,0.1484,17.04,2,1,1.1727570421716345,63.6,0.06555119500675685
S8,94.44,3.84,27.11,24.77,4.98,0.2285,5,32.53,0.1207,27.3,2,1,1.0944686740134542,29.880000000000003,0.04066073267040103
S8,86.29,4.8,25.6,32.9,6.78,0.2949,5,33.49,0.0705,22.03,2,1,0.7781152650105577,40.68,0.05562636972692435
S8,84.96,3.81,12.49,28.57,5.3,0.4399,10,33.94,0.1022,21.64,2,1,0.4371717055751818,58.3,0.04484462749003914
S8,74.8,5.32,23.3,19.44,5.22,0.1027,4,33.0,0.1329,24.96,2,1,1.1985590542391695,26.099999999999998,0.07112298514398595
S8,87.83,9.39,18.87,32.89,6.15,0.2317,6,32.42,0.1698,23.99,2,1,0.5737304427697042,43.050000000000004,0.10691106604678743
S8,82.93,7.78,30.64,40.15,4.14,0.4657,5,33.64,0.1265,23.44,2,1,0.7631380415596409,24.839999999999996,0.09381404873820706
S8,76.26,7.7,20.1,37.91,6.98,0.3107,11,32.42,0.0976,21.47,2,1,0.5302029727768471,83.76,0.10097035130207824
S8,88.61,2.99,25.72,26.04,5.95,0.2011,9,33.01,0.1602,27.36,2,1,0.9877108342124292,59.5,0.03374336601474258
S8,72.8,5.3,19.99,33.73,3.7,0.2571,10,33.16,0.101,27.47,2,1,0.5926473191084141,40.7,0.07280218780189728
S8,101.9,0.82,23.27,33.97,6.05,0.301,3,33.02,0.1576,28.26,2,1,0.6850159891033296,24.2,0.008047104215200763
S8,102.44,5.17,8.08,10.0,7.92,0.3429,7,33.39,0.0677,25.67,2,1,0.807999192000808,63.36,0.05046856203938285
S8,89.67,7.92,17.01,30.78,6.44,0.4278,8,32.96,0.1192,23.92,2,1,0.5526313994050035,57.96,0.08832384428193997
S8,75.55,5.84,17.92,17.4,5.75,0.3318,3,32.19,0.1585,21.22,2,1,1.0298844655836408,23.0,0.07729979122438237
S8,90.38,4.74,22.04,26.88,5.39,0.2225,9,33.11,0.0536,25.33,2,1,0.8199401711532102,53.9,0.05244522544310407
S8,100.46,5.56,14.91,18.33,4.92,0.2962,8,32.63,0.0537,23.04,2,1,0.8134201781668423,44.28,0.05534540559970082
S8,88.05,6.53,18.44,48.39,5.11,0.2814,6,32.88,0.0461,24.83,2,1,0.38107039035536466,35.77,0.07416239930012501
S8,81.39,8.09,13.4,14.1,5.32,0.4228,3,33.37,0.1014,21.52,2,1,0.9503539359191945,21.28,0.09939794822484971
S8,88.21,10.31,19.94,27.79,2.65,0.1798,8,32.78,0.1176,24.59,2,1,0.7175240311176571,23.849999999999998,0.11688015906584752
S8,82.47,6.81,27.31,19.52,4.94,0.2945,6,33.37,0.0857,20.5,2,1,1.3990771521121146,34.580000000000005,0.08257547198066302
S8,88.25,8.56,30.25,20.38,4.81,0.2755,4,33.22,0.0835,18.38,2,1,1.4842976033868482,24.049999999999997,0.09699715614763103
S8,86.04,8.35,19.48,20.39,4.45,0.5978,10,33.64,0.1247,24.58,2,1,0.9553698110005832,48.95,0.09704787342539824
S8,95.69,7.63,20.83,31.5,5.48,0.3424,6,33.01,0.1427,27.11,2,1,0.6612696313429741,38.36,0.07973664126485094
S8,85.04,8.06,18.71,26.46,5.92,0.1902,4,32.6,0.0719,24.83,2,1,0.7071047970125484,29.6,0.09477891641828358
S8,87.08,7.76,15.39,41.42,6.47,0.4072,7,32.61,0.141,23.75,2,1,0.37155954332217683,51.76,0.0891134486548635
S8,88.42,3.37,18.94,15.36,3.01,0.3932,6,33.84,0.1419,22.45,2,1,1.2330721138853427,21.07,0.038113544660309355
S8,95.79,6.8,11.2,24.19,3.79,0.0903,11,33.22,0.0763,25.58,2,1,0.4630010487800542,45.480000000000004,0.07098861353078467
S8,89.65,4.73,24.72,34.69,4.04,0.2229,3,32.96,0.1433,29.76,2,1,0.7125970848667958,16.16,0.0527607303111288
S8,82.48,8.62,15.78,25.88,3.69,0.4636,2,32.92,0.1233,21.84,2,1,0.6097370132391757,11.07,0.10451017161612855
S8,104.06,4.65,39.84,29.94,5.63,0.223,8,32.54,0.1177,26.75,2,1,1.3306608782027796,50.67,0.04468575392218394
S8,94.47,6.91,32.8,25.38,4.28,0.463,4,33.13,0.0173,20.05,2,1,1.2923556767708129,21.400000000000002,0.07314490598656653
S8,93.5,8.05,30.23,29.53,6.28,0.2387,5,32.7,0.0402,25.0,2,1,1.0237043604116625,37.68,0.08609624747633718
S8,77.41,5.95,42.77,40.82,2.38,0.1106,2,33.29,0.0924,23.94,3,0,1.0477704439562852,7.14,0.07686344440467066
S8,74.26,4.43,36.86,40.99,2.4,0.0969,3,33.26,0.0323,22.1,3,0,0.8992434985988048,9.6,0.05965525725084065
S8,75.86,3.96,37.13,54.8,1.81,0.1648,4,33.93,0.032,19.21,3,0,0.6775546208841933,9.05,0.05220141679390762
S8,65.46,4.12,41.4,45.9,2.45,0.0993,3,34.17,0.0687,19.6,3,0,0.9019605878081507,9.8,0.06293918989624353
S8,65.75,4.74,43.74,58.49,2.62,0.0702,2,34.1,0.057,18.67,3,0,0.7478200123405689,7.86,0.07209124378840398
S8,76.09,2.31,33.52,44.37,1.57,0.0638,1,33.74,0.055,24.17,3,0,0.7554652342877544,3.14,0.030358781658722345
S8,71.94,2.88,36.09,44.25,3.38,0.0425,0,33.87,0.0814,21.47,3,0,0.8155930360241727,3.38,0.040033355569452936
S8,79.39,4.73,22.57,44.22,2.3,0.1241,2,34.47,0.0684,18.24,3,0,0.5104024173671602,6.8999999999999995,0.059579284597646484
S8,78.28,3.49,44.36,48.38,2.73,0.0957,3,33.78,0.0546,19.74,3,0,0.9169076236238892,10.92,0.044583540548857874
S8,77.91,4.7,34.23,53.09,1.76,0.0361,3,33.7,0.044,19.11,3,0,0.644754069550938,7.04,0.060326009456294516
S8,81.5,3.72,39.72,40.25,2.61,0.1443,2,33.4,0.0708,18.19,3,0,0.9868320529609805,7.83,0.045644166178629916
S8,76.9,3.42,51.93,36.72,2.65,0.0893,2,33.97,0.0667,18.65,3,0,1.4142153011396237,7.949999999999999,0.04447333621933208
S8,72.74,3.44,40.17,55.64,1.74,0.0935,3,34.08,0.0758,28.34,3,0,0.7219624870664114,6.96,0.047291717446835656
S8,81.86,3.11,33.42,23.46,1.4,0.0851,5,34.26,0.0465,22.45,3,0,1.4245518224416784,8.399999999999999,0.03799168849356358
S8,69.69,6.91,31.73,38.92,1.76,0.0641,3,33.69,0.0592,22.72,3,0,0.8152618665822541,7.04,0.09915337937245237
S8,77.94,1.96,39.56,45.52,1.89,0.1129,2,33.94,0.0907,17.71,3,0,0.8690683503804151,5.67,0.025147546170445706
S8,68.89,2.16,33.0,43.97,2.85,0.0582,4,34.69,0.0496,23.65,3,0,0.7505115418440887,14.25,0.03135432844326776
S8,67.13,6.32,37.91,38.46,3.11,0.0928,6,34.15,0.0725,18.31,3,0,0.9856991716850826,21.77,0.09414567344768757
S8,80.04,3.62,42.2,57.09,2.14,0.1364,3,34.08,0.0825,20.82,3,0,0.7391836154871929,8.56,0.04522738065624929
S8,75.87,3.71,26.74,48.21,1.97,0.0506,1,33.96,0.0405,15.01,3,0,0.554656595175981,3.94,0.04889942679591053
S8,83.1,6.16,47.76,52.01,1.46,0.0552,3,33.67,0.0535,17.47,3,0,0.9182847686435746,5.84,0.07412754823976556
S8,76.34,6.19,24.87,52.62,2.13,0.0801,3,33.74,0.0477,18.4,3,0,0.47263388965528513,8.52,0.0810846108089323
S8,79.15,4.03,35.62,40.01,2.92,0.0769,5,33.92,0.0437,17.81,3,0,0.8902772081286657,17.52,0.05091597587921972
S8,86.81,4.99,41.04,56.66,2.12,0.1452,3,33.69,0.0501,19.54,3,0,0.7243203804588103,8.48,0.05748185030735511
S8,84.2,5.48,43.37,52.63,2.77,0.0822,3,33.88,0.0597,22.69,3,0,0.8240545650665845,11.08,0.06508312766233638
S8,82.9,3.58,25.98,38.47,1.48,0.0741,2,34.07,0.0438,21.71,3,0,0.6753312515385361,4.4399999999999995,0.043184554501260006
S8,71.32,4.82,45.97,53.76,2.73,0.085,0,33.39,0.0633,23.91,3,0,0.855096567132335,2.73,0.06758271626714579
S8,75.1,7.31,25.7,42.81,2.03,0.1527,3,34.39,0.0827,21.92,3,0,0.6003268861651748,8.12,0.09733687119349252
S8,77.93,3.92,28.64,53.05,2.1,0.1158,0,33.94,0.0778,21.15,3,0,0.5398679472444963,2.1,0.050301546220769114
S8,80.2,1.61,34.6,42.4,2.9,0.1185,0,33.95,0.0749,22.65,3,0,0.8160375433873719,2.9,0.02007481046448747
S8,74.61,4.1,24.44,33.68,2.8,0.1473,2,33.46,0.0512,21.26,3,0,0.7256529911956676,8.399999999999999,0.054952411881462014
S8,72.7,1.69,33.1,48.26,1.74,0.1035,2,33.83,0.1082,20.17,3,0,0.6858680717223224,5.22,0.023246214133945783
S8,68.66,5.78,40.86,40.85,2.42,0.0952,0,33.56,0.0493,15.83,3,0,1.0002445531837079,2.42,0.0841829181207518
S8,78.14,2.6,50.05,53.24,2.43,0.0998,2,33.82,0.0464,20.78,3,0,0.9400824680536309,7.290000000000001,0.033273607208394264
S8,73.19,4.73,46.8,49.4,2.28,0.1427,5,33.87,0.0592,19.81,3,0,0.9473682292776863,13.68,0.06462630624042817
S8,77.76,0.81,44.85,38.53,2.21,0.1828,4,34.53,0.0803,21.91,3,0,1.164027727996956,11.05,0.010416665327074932
S8,66.38,4.87,43.1,44.63,2.59,0.0859,4,34.21,0.0977,21.83,3,0,0.965717910437394,12.95,0.0733654604752244
S8,70.87,3.8,49.31,40.44,2.11,0.0143,2,33.78,0.0465,21.11,3,0,1.2193369882945133,6.33,0.05361929538319522
S8,67.05,5.15,41.77,45.76,2.44,0.0225,1,33.7,0.0642,22.27,3,0,0.9128057445791643,4.88,0.07680834052075458
S8,71.46,4.38,30.03,41.67,3.8,0.1434,3,33.7,0.0318,15.34,3,0,0.7206621740671528,15.2,0.06129302248908166
S9,75.8,3.5,62.42,62.68,0.26,0.0362,3,33.45,0.0319,16.61,1,0,0.9958517875156688,1.04,0.04617413638863636
S9,69.45,3.66,57.71,56.71,0.75,0.0603,0,34.1,0.0298,16.29,1,0,1.0176333948803746,0.75,0.05269977642911786
S9,71.44,3.9,57.57,54.52,0.54,0.0217,1,33.6,0.0419,13.47,1,0,1.055942579614347,1.08,0.054591257755982954
S9,75.59,2.64,38.96,42.87,0.76,0.0755,1,33.12,0.0254,17.14,1,0,0.9087938164698353,1.52,0.03492525004296203
S9,70.66,2.67,40.35,43.49,0.47,0.0362,3,33.06,0.0889,14.94,1,0,0.9277992808003492,1.88,0.03778657829230423
S9,80.67,3.18,48.71,66.1,0.38,0.0579,3,33.34,0.033,14.7,1,0,0.7369136555349992,1.52,0.03941985379696866
S9,76.08,4.03,38.34,41.88,0.2,0.0848,0,33.69,0.08,15.04,1,0,0.9154725607754153,0.2,0.052970550345616416
S9,74.75,3.16,44.41,52.48,1.27,0.0492,3,33.57,0.0384,16.4,1,0,0.8462269728988236,5.08,0.042274241836221825
S9,76.99,1.21,44.22,55.25,0.74,0.0539,2,33.61,0.0174,18.13,1,0,0.8003618460883536,2.2199999999999998,0.015716324754341506
S9,75.64,6.26,43.83,53.59,1.33,0.0532,0,34.12,0.0565,14.72,1,0,0.817876316873238,1.33,0.08276043326805482
S9,75.02,5.0,41.86,60.7,1.22,0.0802,1,33.98,0.0444,13.3,1,0,0.6896209737032991,2.44,0.06664888474421692
S9,68.64,3.75,34.34,48.26,0.76,0.0322,3,33.68,0.0727,15.28,1,0,0.7115622230496844,3.04,0.0546328591735345
S9,73.31,3.85,62.01,63.46,0.46,0.0617,1,33.24,0.0773,14.22,1,0,0.9771508072564122,0.92,0.052516702698581
S9,75.41,2.56,39.71,20.0,0.67,0.0355,0,33.47,0.0496,12.36,1,0,1.9854990072504966,0.67,0.03394774778573826
S9,75.37,4.68,61.71,60.28,0.98,0.0493,0,33.71,0.0611,16.1,1,0,1.0237224579093467,0.98,0.062093662983459856
S9,80.81,2.78,47.93,57.8,0.25,0.0377,5,33.26,0.043,15.1,1,0,0.8292386108583718,1.5,0.03440167870292306
S9,77.56,2.13,43.06,51.65,0.67,0.069,2,33.51,0.0762,15.42,1,0,0.8336881251329864,2.0100000000000002,0.027462606051752696
S9,76.78,2.58,58.78,42.63,0.56,0.0548,0,33.7,0.0593,14.57,1,0,1.3788408682052853,0.56,0.03360249627474651
S9,73.43,2.61,42.34,40.32,0.95,0.0379,1,33.31,0.0343,14.21,1,0,1.0500989459079995,1.9,0.03554405072258603
S9,75.07,4.4,43.34,64.0,1.48,0.0492,2,33.72,0.0461,15.22,1,0,0.6771873941894697,4.4399999999999995,0.05861195436100249
S9,72.57,5.44,25.75,63.38,0.77,0.0067,1,33.66,0.0687,15.1,1,0,0.4062795193626507,1.54,0.07496209522363302
S9,76.52,4.06,53.71,65.2,0.43,0.024,0,33.28,0.035,16.09,1,0,0.8237728797894356,0.43,0.05305801711212531
S9,78.17,1.9,45.33,34.28,0.84,0.0307,1,33.28,0.0773,14.19,1,0,1.3223450051502317,1.68,0.024305996634770802
S9,66.18,4.99,55.84,60.05,0.93,0.0548,1,33.35,0.039,14.32,1,0,0.9298916020163861,1.86,0.07540041169531403
S9,79.96,2.48,32.11,65.49,1.18,0.0635,2,33.4,0.0657,14.95,1,0,0.49030378831824883,3.54,0.031015503874999517
S9,76.44,2.24,42.51,65.96,1.2,0.0303,2,33.09,0.0202,16.82,1,0,0.6444814062338681,3.5999999999999996,0.029304025470430997
S9,79.86,3.15,38.14,43.78,0.2,0.0379,3,33.14,0.0173,18.28,1,0,0.8711738530895721,0.8,0.03944402210818656
S9,68.08,3.41,35.37,64.96,0.98,0.0493,1,33.4,0.0436,16.15,1,0,0.5444888324370639,1.96,0.050088124252625696
S9,75.7,2.97,50.58,75.51,0.74,0.0165,0,33.22,0.0231,13.85,1,0,0.6698449649258422,0.74,0.03923381251865092
S9,81.41,3.4,41.55,47.91,0.51,0.0367,0,33.65,0.0621,16.67,1,0,0.8672509147879535,0.51,0.04176390593736569
S9,75.3,4.31,41.57,64.9,1.06,0.0679,2,33.49,0.0413,14.15,1,0,0.6405237842028066,3.18,0.05723770820216358
S9,81.72,2.59,43.44,55.83,0.73,0.0758,1,33.67,0.0652,11.76,1,0,0.7780761636976242,1.46,0.031693583982674495
S9,77.82,4.15,32.12,51.86,0.89,0.0955,2,33.56,0.07,14.0,1,0,0.6193596954570583,2.67,0.05332818641375143
S9,73.16,3.12,52.56,53.32,0.73,0.0734,0,33.61,0.0677,15.91,1,0,0.9857462517355117,0.73,0.042646248954859356
S9,75.05,2.16,33.71,46.96,0.26,0.0208,3,33.55,0.0467,14.41,1,0,0.7178448215833003,1.04,0.028780808956587748
S9,79.08,3.24,37.7,64.14,0.2,0.0328,0,33.37,0.086,14.02,1,0,0.587776646745144,0.2,0.04097116325604916
S9,70.29,2.91,46.15,63.07,0.21,0.061,1,33.35,0.0286,17.25,1,0,0.7317265369071607,0.42,0.04139990874947948
S9,75.53,1.83,64.89,45.2,0.87,0.0591,1,33.48,0.0443,13.47,1,0,1.435619151411692,1.74,0.024228780057092537
S9,76.17,2.49,37.64,56.38,0.94,0.0137,1,32.99,0.0382,16.65,1,0,0.6676125101786963,1.88,0.0326900311553064
S9,73.65,2.12,53.28,49.53,0.52,0.0545,2,33.92,0.0115,14.2,1,0,1.0757114727010957,1.56,0.02878478903125743
S9,74.83,4.62,48.55,59.15,1.14,0.0555,1,33.65,0.0699,16.81,1,0,0.8207944512604477,2.28,0.06173993562208531
S9,73.57,1.77,38.83,40.48,1.19,0.0431,4,33.41,0.0724,13.73,1,0,0.9592388934686528,5.949999999999999,0.024058716316607814
S9,80.08,4.74,45.89,38.79,1.32,0.0588,1,33.32,0.0899,12.77,1,0,1.1830365601865016,2.64,0.05919080179935043
S9,80.63,1.12,37.84,49.22,0.5,0.0184,4,33.81,0.036,13.84,1,0,0.7687930173114553,2.5,0.01389060971219029
S9,67.77,2.15,44.61,52.66,0.56,0.0577,1,33.6,0.0354,19.07,1,0,0.8471323875555663,1.12,0.03172494736241001
S9,75.15,4.35,42.61,57.91,0.36,0.0201,1,33.2,0.0403,14.68,1,0,0.7357967992062167,0.72,0.05788422383443461
S9,82.12,3.75,38.81,68.98,1.09,0.0319,1,33.85,0.0765,12.71,1,0,0.5626267667980912,2.18,0.04566487510169567
S9,79.25,3.21,35.73,52.05,0.72,0.0501,5,33.51,0.0515,17.43,1,0,0.6864551995282997,4.32,0.040504726750192205
S9,77.56,2.63,52.42,67.41,0.41,0.0802,1,33.26,0.0109,16.88,1,0,0.7776293164768853,0.82,0.033909227190661785
S9,75.11,2.42,37.56,49.55,1.18,0.0401,0,33.46,0.0232,12.95,1,0,0.7580220468169432,1.18,0.03221940724012685
S9,78.24,2.99,30.46,51.71,1.36,0.0346,1,33.05,0.076,15.87,1,0,0.5890542276050613,2.72,0.03821574153684285
S9,86.35,3.25,61.47,48.92,1.08,0.0612,1,33.95,0.0777,14.61,1,0,1.256541035048848,2.16,0.03763751735523829
S9,78.98,3.2,51.42,53.23,0.94,0.0416,0,33.57,0.0363,13.47,1,0,0.965996436972302,0.94,0.04051658134760935
S9,74.42,0.85,44.43,57.99,1.46,0.0458,4,33.7,0.0464,16.24,1,0,0.7661664483244613,7.3,0.011421659309102484
S9,87.72,3.0,45.57,54.74,0.78,0.0598,1,33.69,0.0726,11.23,1,0,0.832480666335282,1.56,0.03419972250345161
S9,77.56,3.62,40.87,31.41,0.52,0.0688,0,33.8,0.0296,14.99,1,0,1.3011775545439177,0.52,0.04667353704570177
S9,82.72,5.02,38.62,57.91,0.59,0.0491,3,33.71,0.0406,15.03,1,0,0.6668967938358152,2.36,0.06068664643536672
S9,72.62,3.68,35.74,61.14,0.25,0.0569,1,33.81,0.0458,13.03,1,0,0.5845599305593833,0.5,0.05067473827117346
S9,71.29,3.54,58.47,71.59,1.08,0.057,0,33.23,0.0674,15.16,1,0,0.8167340666665641,1.08,0.04965632632117739
S9,73.97,2.96,48.74,71.87,1.0,0.0445,1,33.55,0.0562,12.37,1,0,0.678168821738024,2.0,0.0400162173832341
S9,72.6,3.08,49.27,58.98,0.32,0.0498,0,33.42,0.0488,12.58,1,0,0.8353677796934929,0.32,0.04242423658068367
S9,77.3,4.85,39.75,51.71,0.37,0.0466,3,33.85,0.063,14.12,1,0,0.7687099654399602,1.48,0.06274255333214057
S9,72.95,2.04,47.66,49.43,0.82,0.062,2,33.61,0.0468,15.47,1,0,0.9641915913025305,2.46,0.027964355316743614
S9,72.49,3.82,49.78,42.51,0.43,0.0546,1,33.83,0.0571,11.82,1,0,1.1710183083937171,0.86,0.052696916444072775
S9,70.42,4.6,33.76,82.04,1.27,0.0342,1,33.27,0.052,16.21,1,0,0.41150653199579074,2.54,0.0653223423285512
S9,74.82,4.78,41.94,52.56,0.2,0.0396,0,33.66,0.0261,13.64,1,0,0.7979450536634219,0.2,0.06388665278178926
S9,69.82,3.46,38.25,60.94,0.84,0.0597,0,33.52,0.0242,17.07,1,0,0.6276664542719963,0.84,0.0495559940481246
S9,76.42,4.18,23.85,55.02,1.11,0.0079,1,33.85,0.0484,18.88,1,0,0.43347865621980075,2.22,0.05469771595162052
S9,76.85,3.97,51.26,55.67,0.49,0.0586,1,33.46,0.0241,14.63,1,0,0.9207830212353113,0.98,0.05165906940025122
S9,70.44,4.25,45.13,41.86,0.74,0.0736,1,33.6,0.058,10.74,1,0,1.0781172770861736,1.48,0.060335028345396315
S9,69.88,1.93,43.52,43.81,0.92,0.0486,1,33.48,0.0767,12.78,1,0,0.9933802799862406,1.84,0.027618771090616615
S9,74.4,4.17,51.87,52.85,0.59,0.0665,1,33.7,0.0256,19.52,1,0,0.9814567679362785,1.18,0.05604837956338984
S9,74.69,2.37,44.49,68.01,0.99,0.0747,1,33.41,0.0429,18.18,1,0,0.6541684084445804,1.98,0.03173115119411552
S9,78.48,2.49,43.66,47.94,1.2,0.0668,0,33.03,0.0605,14.09,1,0,0.9107215455315925,1.2,0.031727824703386254
S9,72.94,2.49,47.08,53.25,0.7,0.0492,1,33.59,0.0225,15.78,1,0,0.884131289365016,1.4,0.0341376427011732
S9,73.2,4.18,46.09,59.53,0.26,0.0677,0,33.76,0.0305,16.38,1,0,0.7742313498687469,0.26,0.05710381733554407
S9,79.69,2.56,42.71,42.03,1.26,0.0416,3,33.95,0.0236,16.14,1,0,1.0161786780445685,5.04,0.03212447833799996
S9,80.67,4.33,37.9,39.79,0.69,0.1087,2,33.66,0.0937,15.77,1,0,0.9525003889167154,2.07,0.05367546130216173
S9,83.6,3.82,46.05,58.29,1.29,0.0774,0,33.54,0.073,14.78,1,0,0.7900153045092975,1.29,0.04569377443854373
S9,78.46,3.93,54.53,77.22,0.7,0.0286,1,32.88,0.0604,16.35,1,0,0.7061641147158618,1.4,0.05008921105159177
S9,80.64,3.23,32.66,51.91,1.12,0.0408,3,33.82,0.0703,13.4,1,0,0.6291657427921897,4.48,0.04005455852498034
S9,68.87,3.43,38.31,76.81,0.64,0.0443,2,33.69,0.0776,16.76,1,0,0.49876311694270054,1.92,0.04980397127864508
S9,77.36,3.11,50.93,57.46,0.57,0.0393,1,33.3,0.0326,16.45,1,0,0.8863555714661379,1.14,0.04020164940516424
S9,76.31,3.48,44.42,50.47,1.03,0.0318,1,33.06,0.0324,14.65,1,0,0.8801266336186578,2.06,0.045603453596716866
S9,80.31,2.91,36.66,45.4,0.74,0.0223,2,33.65,0.03,11.11,1,0,0.8074888089231698,2.2199999999999998,0.03623458644818996
S9,66.88,2.94,50.46,59.12,1.04,0.0249,1,33.27,0.0387,16.45,1,0,0.8535181235591808,2.08,0.0439593235706753
S9,82.52,3.76,50.18,54.19,0.82,0.0594,2,33.25,0.0586,13.85,1,0,0.9260009363349444,2.46,0.045564706063414194
S9,70.07,3.51,52.57,51.76,0.9,0.0592,0,33.26,0.0414,12.96,1,0,1.0156489536999702,0.9,0.05009275722951945
S9,80.45,2.26,53.22,39.33,1.6,0.0103,1,33.8,0.0425,14.82,1,0,1.3531651784477043,3.2,0.02809197910603118
S9,76.31,4.39,35.02,46.57,1.03,0.0514,0,33.54,0.0585,14.01,1,0,0.7519860957727945,1.03,0.057528494623444545
S9,71.37,3.37,42.22,56.11,0.55,0.0786,2,33.62,0.0535,14.34,1,0,0.7524504094723917,1.6500000000000001,0.04721871273382195
S9,82.49,3.51,46.88,50.92,1.11,0.0545,2,33.11,0.0727,12.67,1,0,0.9206596777966068,3.33,0.04255060703714304
S9,80.39,4.59,67.17,69.41,0.6,0.0603,3,33.3,0.0722,16.89,1,0,0.9677278536626057,2.4,0.0570966467102069
S9,78.66,2.1,55.29,40.8,0.49,0.0484,0,33.71,0.0611,18.56,1,0,1.355146726679724,0.49,0.026697174332929785
S9,73.01,3.39,48.07,45.76,0.46,0.0569,0,33.33,0.0831,18.51,1,0,1.0504805396677142,0.46,0.04643198925736347
S9,65.81,3.34,57.57,55.25,1.49,0.0301,1,33.32,0.0689,15.01,1,0,1.0419907616306314,2.98,0.050752157612496934
S9,73.81,3.6,36.59,69.1,0.2,0.0018,2,33.27,0.0406,12.27,1,0,0.5295223546277346,0.6000000000000001,0.048773872270170396
S9,78.96,4.53,56.85,70.43,0.69,0.0991,1,33.28,0.0236,17.88,1,0,0.8071843238414987,1.38,0.05737081340288585
S9,74.14,3.11,49.91,50.13,1.23,0.033,2,33.67,0.0389,15.96,1,0,0.9956112117272666,3.69,0.041947660918847995
S9,79.08,3.99,47.88,41.89,1.05,0.0339,0,33.25,0.0661,18.15,1,0,1.1429932816917445,1.05,0.050455228824579056
S9,111.24,3.14,31.63,20.62,2.38,0.1162,8,32.76,0.1293,25.36,2,1,1.5339468797541804,21.419999999999998,0.028227253845086855
S9,97.51,7.14,14.62,29.58,4.96,0.1778,6,33.13,0.164,20.83,2,1,0.4942527064730539,34.72,0.07322325164360048
S9,98.65,7.25,23.84,25.07,3.47,0.3177,4,33.11,0.0765,21.29,2,1,0.9509369960363,17.35,0.0734921364934479
S9,100.93,3.69,13.61,29.91,4.11,0.2702,5,32.56,0.0818,26.16,2,1,0.45503160981892016,24.660000000000004,0.036559988451403104
S9,89.27,5.98,25.91,31.19,5.1,0.4943,9,32.76,0.0773,23.45,2,1,0.8307147064075965,51.0,0.06698778234706146
S9,96.07,6.19,27.13,39.12,1.81,0.0238,5,33.01,0.0462,20.03,2,1,0.6935069801873772,10.86,0.06443217815840761
S9,91.62,6.74,19.08,26.12,5.29,0.013,8,33.15,0.0441,21.55,2,1,0.730474452345156,47.61,0.07356471583008996
S9,100.98,6.72,23.15,26.41,4.22,0.2178,5,32.66,0.0782,25.09,2,1,0.8765615764628638,25.32,0.06654782466351508
S9,100.47,4.53,14.8,16.76,3.24,0.0521,8,32.49,0.0382,18.79,2,1,0.8830543657193521,29.160000000000004,0.04508808150810376
S9,92.73,6.69,26.6,41.41,3.41,0.0558,5,32.33,0.0357,19.4,2,1,0.6423567634975216,20.46,0.07214492913351352
S9,96.52,1.43,21.19,11.43,3.7,0.405,7,32.57,0.0493,19.63,2,1,1.8538916413896402,29.6,0.014815580727768262
S9,100.64,5.45,24.23,23.18,4.75,0.1973,5,32.6,0.1157,22.06,2,1,1.0452972194576275,28.5,0.05415341274310287
S9,95.09,9.27,8.82,22.51,3.18,0.178,8,32.44,0.0701,21.96,2,1,0.3918256811080937,28.62,0.0974865813979828
S9,92.68,3.96,15.89,33.97,3.59,0.2249,6,32.69,0.0466,21.53,2,1,0.4677655378965152,25.13,0.04272766047392528
S9,101.11,10.53,30.5,35.14,4.26,0.4203,7,32.55,0.0827,19.06,2,1,0.8679564974511959,34.08,0.1041439912823666
S9,88.41,5.88,30.34,31.06,3.45,0.1363,3,32.54,0.1193,17.84,2,1,0.9768187453899726,13.8,0.06650830601647935
S9,71.43,6.43,25.29,28.13,3.31,0.3991,4,32.58,0.0757,23.53,2,1,0.8990398510345358,16.55,0.09001818703371313
S9,100.68,9.38,13.71,35.15,6.37,0.4114,10,32.46,0.1131,19.85,2,1,0.3900425632880332,70.07000000000001,0.09316645876376055
S9,93.09,6.9,32.69,32.46,5.83,0.1194,12,32.74,0.0918,23.49,2,1,1.0070853336151158,75.79,0.07412180963349344
S9,97.99,5.77,18.08,27.94,3.02,0.4616,6,33.18,0.0491,25.52,2,1,0.6471006989618113,21.14,0.058883553537753486
S9,109.5,5.29,19.79,18.92,3.58,0.2655,5,32.31,0.0878,20.57,2,1,1.04598253383587,21.48,0.04831049787118741
S9,94.72,7.92,20.51,27.83,4.08,0.2099,11,33.33,0.0455,23.16,2,1,0.7369742231497582,48.96,0.08361485603728293
S9,87.86,6.46,25.58,30.41,5.98,0.2797,5,32.66,0.1108,23.04,2,1,0.8411703909337748,35.88,0.07352605582448715
S9,90.51,11.91,17.32,33.32,3.24,0.401,11,32.54,0.0918,20.91,2,1,0.5198077671645356,38.88,0.13158765533226655
S9,92.77,4.21,29.24,21.83,4.07,0.3956,5,32.31,0.0022,17.23,2,1,1.3394405224734207,24.42,0.045381045016595345
S9,90.05,3.46,21.19,32.26,5.06,0.1831,9,32.89,0.1465,19.69,2,1,0.6568503853532593,50.599999999999994,0.03842309401187185
S9,89.47,4.32,20.2,16.84,4.3,0.4334,3,32.24,0.0743,22.74,2,1,1.1995242283110283,17.2,0.048284335723221675
S9,105.73,10.66,17.4,30.45,6.86,0.42,5,32.63,0.1099,15.42,2,1,0.5714283837673616,41.160000000000004,0.10082284112145642
S9,93.61,3.39,16.47,24.71,3.45,0.2296,6,32.35,0.0621,24.01,2,1,0.6665314987731692,24.150000000000002,0.03621407582372868
S9,103.02,1.98,22.63,35.47,5.63,0.4073,4,33.27,0.1279,24.01,2,1,0.6380037671260875,28.15,0.019219567150109963
S9,98.18,9.07,19.6,24.12,2.64,0.0857,7,32.24,0.1495,22.72,2,1,0.812603311524332,21.12,0.09238133098580861
S9,97.74,5.75,15.62,36.54,2.32,0.2899,6,32.81,0.1481,19.42,2,1,0.42747662083288973,16.24,0.05882954176084083
S9,77.51,6.82,19.22,28.8,2.2,0.2727,6,32.32,0.0307,14.29,2,1,0.6673608793885835,15.400000000000002,0.08798863527433423
S9,89.14,4.06,20.22,26.28,4.01,0.1956,7,32.56,0.113,14.67,2,1,0.7694060999215753,32.08,0.045546326503665406
S9,111.87,7.7,11.81,10.45,3.72,0.2186,12,32.81,0.0887,21.38,2,1,1.1301424591938192,48.36,0.0688298856860744
S9,94.03,5.89,26.21,19.77,4.82,0.211,11,32.21,0.0345,19.98,2,1,1.325745409334644,57.84,0.06263957645011417
S9,82.36,7.56,37.13,18.51,5.72,0.4474,5,32.13,0.0813,25.8,2,1,2.0059416499504863,34.32,0.09179212095773179
S9,91.27,8.05,25.44,34.83,5.33,0.3802,5,32.38,0.0717,21.06,2,1,0.7304046137224767,31.98,0.08819983694534493
S9,97.93,8.0,28.36,34.34,3.92,0.3586,8,32.64,0.1114,23.84,2,1,0.8258588159991798,35.28,0.08169099543643464
S9,81.3,6.15,21.32,24.47,3.12,0.2335,4,32.04,0.0054,24.85,2,1,0.8712705879564414,15.600000000000001,0.07564574715304463
S9,90.99,4.75,10.91,35.71,6.55,0.0065,10,32.79,0.0029,22.09,2,1,0.3055165764445319,72.05,0.05220353311314067
S9,95.83,3.92,17.8,27.63,0.98,0.4972,9,32.67,0.081,29.86,2,1,0.6442270560162664,9.8,0.0409057663669241
S9,101.53,3.58,28.68,22.47,4.72,0.4217,8,33.67,0.0791,26.2,2,1,1.2763679232897538,42.48,0.03526051066083811
S9,97.79,4.98,19.92,23.53,3.53,0.2002,1,32.8,0.0832,20.9,2,1,0.8465784757422543,7.06,0.050925447292622224
S9,101.79,6.21,38.81,29.93,5.54,0.1756,6,32.76,0.0891,25.01,2,1,1.2966918487498,38.78,0.061007951566170386
S9,90.93,5.48,22.15,22.36,5.11,0.219,3,32.13,0.1242,20.64,2,1,0.9906077859535841,20.44,0.060266132160328584
S9,82.77,2.16,25.11,32.76,6.01,0.4942,8,33.69,0.1199,24.48,2,1,0.7664832825142605,54.089999999999996,0.02609640859050277
S9,99.31,6.57,12.74,31.81,4.8,0.3515,5,33.01,0.0149,19.39,2,1,0.4005028605775352,28.799999999999997,0.06615647304838657
S9,89.13,8.81,16.41,40.36,4.29,0.2314,6,32.82,0.1237,22.82,2,1,0.4065905831044145,30.03,0.09884437351684355
S9,102.95,6.29,21.4,28.7,5.09,0.2224,7,32.24,0.1041,22.47,2,1,0.7456443394967458,40.72,0.06109761426929439
S9,100.94,6.9,29.98,14.8,4.49,0.3719,4,31.99,0.0708,17.77,2,1,2.0256743069768195,22.450000000000003,0.06835743329131828
S9,99.4,6.8,29.03,17.46,4.61,0.2262,4,32.87,0.0866,20.0,2,1,1.6626565505976227,23.05,0.06841045589432032
S9,96.79,6.63,21.62,33.8,4.64,0.5559,5,32.42,0.1106,25.97,2,1,0.6396447811701831,27.839999999999996,0.0684988047836755
S9,93.86,5.95,31.63,25.07,4.31,0.1427,7,32.5,0.0486,18.38,2,1,1.2616668282142687,34.48,0.06339227963005757
S9,96.33,4.91,22.4,27.82,5.36,0.0496,6,32.96,0.1104,22.85,2,1,0.8051758428555561,37.52,0.0509706165295737
S9,95.78,6.29,29.8,19.54,4.61,0.3023,6,33.11,0.0609,18.54,2,1,1.5250759851197622,32.27,0.06567132327507587
S9,116.15,9.01,24.76,38.38,4.33,0.5608,1,32.63,0.1251,23.06,2,1,0.6451275025723026,8.66,0.07757209835797689
S9,88.61,7.25,10.83,34.47,3.66,0.331,12,32.96,0.1201,20.29,2,1,0.3141861577643871,47.58,0.08181919853073033
S9,101.98,3.85,27.26,35.34,5.12,0.3759,7,32.67,0.065,28.79,2,1,0.7713636753356888,40.96,0.03775249678834117
S9,98.82,7.39,20.26,32.22,4.41,0.361,4,33.01,0.1233,18.78,2,1,0.6288017911850431,22.05,0.0747824251383905
S9,94.14,4.33,25.11,19.85,2.39,0.2686,4,33.03,0.0893,24.15,2,1,1.2649867682686304,11.950000000000001,0.04599532122420637
S9,100.64,5.98,29.42,23.05,4.21,0.4033,6,32.15,0.1222,23.52,2,1,1.2763551946398288,29.47,0.05941970792729452
S9,101.5,5.69,27.74,35.67,4.87,0.1667,5,33.24,0.0964,22.66,2,1,0.7776841105455253,29.22,0.05605910777742781
S9,98.4,10.86,26.11,20.88,3.03,0.3213,8,33.4,0.0833,16.48,2,1,1.250478328314977,27.27,0.11036584244249567
S9,98.5,9.47,8.64,24.69,4.19,0.2875,10,32.77,0.0675,23.45,2,1,0.3499391049254334,46.09,0.0961421222190739
S9,93.06,2.88,22.92,27.06,4.16,0.2971,6,32.36,0.124,19.35,2,1,0.8470063388742282,29.12,0.030947772303054767
S9,88.06,4.99,9.75,36.54,5.01,0.3994,5,32.84,0.0602,25.54,2,1,0.26683079725484476,30.06,0.05666590317216634
S9,98.63,7.19,32.96,18.16,4.9,0.2783,7,32.61,0.0416,19.5,2,1,1.8149769741316222,39.2,0.07289870496819376
S9,82.16,5.99,14.39,27.0,5.87,0.4504,9,33.23,0.0809,21.39,2,1,0.5329627655693461,58.7,0.07290651498216712
S9,100.61,1.14,15.86,22.14,4.28,0.1455,8,33.0,0.0502,22.22,2,1,0.7163501732835712,38.52,0.011330880495887038
S9,97.79,5.31,26.03,25.31,3.98,0.155,6,32.73,0.0589,21.66,2,1,1.0284468477096613,27.86,0.054300025125265855
S9,89.36,3.38,11.62,23.88,6.92,0.2329,6,31.89,0.09,21.72,2,1,0.4865994612230062,48.44,0.037824525758222274
S9,88.68,6.73,19.65,20.41,5.21,0.0318,5,32.78,0.1093,26.7,2,1,0.9627628795870261,31.259999999999998,0.07589083492435329
S9,89.63,3.2,24.47,20.94,4.82,0.3801,7,32.95,0.0726,19.51,2,1,1.1685763282825556,38.56,0.03570232782524514
S9,96.95,5.66,19.52,23.87,4.64,0.0758,5,32.65,0.1435,19.49,2,1,0.8177625396889234,27.839999999999996,0.058380602539391174
S9,96.19,7.03,19.24,30.47,5.9,0.1224,8,32.95,0.0946,23.96,2,1,0.6314405541711342,53.1,0.07308451262246464
S9,87.9,5.64,32.24,29.59,4.01,0.2766,6,31.99,0.1579,25.17,2,1,1.089556914647883,28.07,0.06416381522595958
S9,86.12,4.22,24.32,30.54,5.7,0.3407,6,33.04,0.0656,21.97,2,1,0.796332417703858,39.9,0.04900138771465539
S9,89.4,8.03,23.47,35.97,4.71,0.1207,4,33.3,0.0549,24.43,2,1,0.6524880032004439,23.55,0.08982101903568018
S9,93.48,4.98,24.24,26.62,5.43,0.4725,4,32.04,0.0432,18.46,2,1,0.9105931966216391,27.15,0.05327342177220563
S9,78.16,3.06,36.26,46.71,2.28,0.1511,1,33.4,0.0473,18.36,3,0,0.7762790031515727,4.56,0.03915045558463977
S9,82.28,4.47,33.44,60.25,2.42,0.044,1,33.22,0.0496,19.02,3,0,0.5550206547683559,4.84,0.05432668275076777
S9,84.34,6.6,29.28,38.1,1.33,0.1309,8,34.03,0.0726,20.68,3,0,0.7685037353008568,11.97,0.07825467414575833
S9,92.25,5.92,30.65,38.93,2.1,0.0857,0,33.52,0.0361,18.35,3,0,0.7873103551732968,2.1,0.06417343477794744
S9,72.53,3.17,46.13,47.44,1.43,0.0382,4,33.82,0.0341,17.86,3,0,0.9723859670349986,7.1499999999999995,0.04370604664193483
S9,83.09,4.09,45.43,59.8,1.77,0.1062,0,33.66,0.0711,17.22,3,0,0.7596988696155736,1.77,0.04922372737709382
S9,79.6,2.73,34.39,53.83,1.78,0.0429,1,33.77,0.0623,15.93,3,0,0.6388629688160935,3.56,0.034296478103457526
S9,77.51,2.87,38.82,38.18,1.99,0.1445,2,33.38,0.0489,21.03,3,0,1.0167624366782513,5.97,0.03702747554799696
S9,78.31,5.53,39.07,36.42,1.37,0.0577,2,33.28,0.0284,15.69,3,0,1.072761924008258,4.11,0.07061677044863102
S9,80.73,5.92,28.52,39.36,1.4,0.0741,1,34.05,0.048,16.96,3,0,0.7245933118411301,2.8,0.07333084685608239
S9,79.64,2.26,32.44,37.74,1.88,0.1006,4,33.75,0.0512,15.38,3,0,0.859565220041012,9.399999999999999,0.028377696085171256
S9,75.72,3.01,35.92,43.87,1.56,0.1121,4,33.22,0.0968,16.88,3,0,0.8187825806285433,7.800000000000001,0.03975171160172852
S9,86.17,6.13,34.21,49.52,2.22,0.0627,1,33.82,0.0798,20.1,3,0,0.6908318475703054,4.44,0.07113843899983299
S9,82.8,5.08,39.37,38.15,1.8,0.0693,2,33.46,0.0788,14.88,3,0,1.031978759638595,5.4,0.06135264959509063
S9,77.26,4.28,46.65,38.78,1.91,0.0666,2,33.3,0.0806,21.6,3,0,1.2029393494225502,5.7299999999999995,0.05539735239485472
S9,83.18,6.08,44.58,40.87,2.15,0.0354,5,33.5,0.0516,17.08,3,0,1.090775363157484,12.899999999999999,0.0730944850812112
S9,81.89,2.62,46.51,40.15,1.59,0.0942,1,33.19,0.0741,17.63,3,0,1.1584056890645855,3.18,0.03199413457148192
S9,86.68,0.36,36.12,41.47,1.2,0.0824,3,33.32,0.1016,18.13,3,0,0.8709908678584837,4.8,0.004153206719750032
S9,80.88,5.02,59.63,44.62,2.29,0.0992,3,33.8,0.0915,19.16,3,0,1.336395935366218,9.16,0.062067252464484114
S9,84.2,5.33,49.31,46.43,1.8,0.0857,0,33.08,0.0818,14.89,3,0,1.0620286319128511,1.8,0.06330165518982717
S9,79.6,2.13,49.69,33.8,0.82,0.1526,4,34.08,0.0517,18.3,3,0,1.4701179082491396,4.1,0.026758790608192133
S9,81.2,4.13,33.83,46.08,1.55,0.1232,2,33.85,0.059,15.73,3,0,0.734157826788666,4.65,0.050862062701716414
S9,83.53,5.75,34.73,56.81,2.64,0.1091,3,33.98,0.0857,16.0,3,0,0.6113359247780452,10.56,0.06883753515652638
S9,82.73,4.12,31.15,55.5,1.35,0.13,1,33.15,0.0733,18.56,3,0,0.5612611601331242,2.7,0.04980055000597727
S9,85.55,4.44,27.64,50.0,1.97,0.0423,3,33.02,0.077,18.78,3,0,0.5527998894400221,7.88,0.051899467925252143
S9,81.59,2.24,33.54,53.96,2.12,0.0908,2,33.94,0.0738,17.41,3,0,0.6215714192788325,6.36,0.02745434153029274
S9,77.76,3.51,35.44,59.77,1.4,0.1797,2,33.93,0.034,17.08,3,0,0.5929395026033958,4.199999999999999,0.04513888308399137
S9,88.53,6.1,32.3,46.83,2.01,0.1351,3,33.69,0.058,17.1,3,0,0.6897286590372284,8.04,0.06890318887346787
S9,90.16,3.69,39.77,35.8,2.06,0.1301,1,33.97,0.0749,17.01,3,0,1.110893544443144,4.12,0.040927235922001336
S9,77.05,1.1,36.85,54.08,1.08,0.1097,3,33.68,0.0527,25.3,3,0,0.6813978029959684,4.32,0.014276442014738221
S9,73.27,5.41,39.5,43.45,2.27,0.1416,3,34.03,0.0728,17.37,3,0,0.9090906998640506,9.08,0.07383648507759177
S9,82.77,3.27,33.36,47.32,2.92,0.088,2,33.4,0.0641,16.21,3,0,0.704987171389017,8.76,0.03950706300506669
S9,84.76,3.6,29.93,46.16,2.51,0.0624,0,34.41,0.0518,17.06,3,0,0.6483967399487132,2.51,0.04247285954779854
S9,81.72,5.56,34.59,57.7,1.58,0.1031,5,33.83,0.0736,17.32,3,0,0.5994799654280822,9.48,0.06803719187014294
S9,89.51,4.44,34.66,29.87,0.52,0.149,4,33.05,0.0814,16.16,3,0,1.1603611783189893,2.6,0.04960339072691423
S9,72.85,6.04,45.6,53.7,2.18,0.0402,1,33.16,0.0851,18.67,3,0,0.8491618530424854,4.36,0.08291007784350339
S9,80.5,5.96,26.58,50.63,1.92,0.0943,4,33.55,0.0471,20.19,3,0,0.5249850829577161,9.6,0.07403725788357045
S9,79.32,6.96,37.19,49.9,2.12,0.1131,4,33.77,0.0274,16.04,3,0,0.7452904318055246,10.600000000000001,0.087745828574656
S9,78.47,1.18,44.3,45.32,1.18,0.1526,2,33.67,0.0435,19.86,3,0,0.9774931647190721,3.54,0.015037592068613218
S9,77.29,2.45,54.08,44.53,2.69,0.1055,3,34.02,0.0387,13.21,3,0,1.2144618876124211,10.76,0.0316987926382724
S10,69.92,4.1,50.6,47.86,1.25,0.0422,1,34.29,0.0251,14.38,1,0,1.057250092509383,2.5,0.05863843554942282
S10,70.2,1.88,48.27,52.33,1.21,0.0563,0,33.99,0.0311,13.17,1,0,0.9224152642049944,1.21,0.02678062296572322
S10,67.93,4.88,43.76,35.77,1.54,0.0419,2,33.96,0.033,14.06,1,0,1.2233711983865811,4.62,0.07183864686609054
S10,66.16,2.5,40.77,75.37,1.28,0.0493,1,34.33,0.0609,15.5,1,0,0.5409313332982176,2.56,0.03778717687618246
S10,70.73,3.32,35.66,55.05,1.38,0.059,2,34.35,0.0313,12.92,1,0,0.6477746325568332,4.14,0.046939057410001775
S10,69.33,3.26,39.37,62.99,1.03,0.0474,1,34.09,0.0366,13.13,1,0,0.6250197451945156,2.06,0.047021484635585656
S10,67.07,1.95,56.73,63.77,0.84,0.0588,1,33.98,0.0277,12.88,1,0,0.8896031222199902,1.68,0.029074097349918393
S10,77.33,3.03,47.73,53.46,0.76,0.0437,4,34.56,0.0314,13.68,1,0,0.8928168924771992,3.8,0.039182718326300485
S10,75.32,3.65,61.31,64.62,1.25,0.0627,2,34.36,0.0518,15.56,1,0,0.9487773214519775,3.75,0.048459897973991244
S10,63.77,1.52,52.92,47.19,1.39,0.0617,0,34.33,0.0579,14.06,1,0,1.1214237928748054,1.39,0.02383565566321849
S10,75.83,1.56,31.28,49.84,1.5,0.0529,1,34.42,0.0388,17.55,1,0,0.6276082207848673,3.0,0.0205723301368416
S10,66.59,3.81,43.17,55.02,1.38,0.0585,0,34.14,0.0725,15.76,1,0,0.7846236305664066,1.38,0.05721578957564355
S10,80.19,2.62,50.31,40.73,1.62,0.061,1,34.09,0.0449,16.76,1,0,1.235207160518743,3.24,0.03267239896840018
S10,77.0,2.98,53.97,43.04,1.28,0.0209,0,34.31,0.094,16.74,1,0,1.2539495227812447,1.28,0.038701293675156664
S10,75.92,3.75,51.91,73.88,1.12,0.0243,5,34.36,0.0709,15.67,1,0,0.7026257847014368,6.720000000000001,0.049394092545562096
S10,65.69,4.49,41.55,44.78,1.93,0.0519,2,33.68,0.0019,15.82,1,0,0.9278693774297949,5.79,0.06835133683188661
S10,79.35,2.77,45.74,50.85,1.43,0.0395,2,34.17,0.0279,14.74,1,0,0.8995081810210066,4.29,0.03490862824087861
S10,65.62,4.62,51.88,64.33,1.81,0.0558,0,34.57,0.0346,15.97,1,0,0.806466530939448,1.81,0.07040535348897387
S10,78.4,2.99,49.14,53.07,1.49,0.0285,0,33.94,0.0527,13.17,1,0,0.9259466881577749,1.49,0.03813775023753185
S10,78.41,2.89,52.35,46.21,1.08,0.0588,2,34.68,0.0739,15.94,1,0,1.1328714276408942,3.24,0.03685753898003584
S10,68.17,2.37,31.09,50.48,1.33,0.0201,1,33.89,0.0707,15.27,1,0,0.6158873581839623,2.66,0.03476602101129221
S10,70.91,1.78,56.54,67.85,1.75,0.0761,4,34.06,0.0352,15.22,1,0,0.833308646527834,8.75,0.025102238738931217
S10,74.2,3.51,49.36,48.72,1.18,0.024,1,34.37,0.0352,13.29,1,0,1.0131360810476024,2.36,0.047304575834962816
S10,70.59,3.3,40.54,51.13,1.37,0.0542,1,34.0,0.0039,17.58,1,0,0.7928807367727876,2.74,0.046748824656633416
S10,75.26,4.13,43.03,56.3,1.69,0.0419,1,34.1,0.0559,20.75,1,0,0.7642982656663827,3.38,0.054876421090031734
S10,73.48,3.55,31.94,54.73,1.83,0.0664,0,33.83,0.0729,15.26,1,0,0.5835920731605932,1.83,0.04831245940222381
S10,72.49,3.13,38.45,54.11,0.87,0.0096,2,34.11,0.0433,13.86,1,0,0.7105894085031587,2.61,0.04317836347380832
S10,71.29,4.2,37.95,56.29,1.39,0.0583,5,33.83,0.0548,14.9,1,0,0.6741871248557249,8.34,0.05891428546580369
S10,68.19,5.11,36.93,54.07,1.01,0.0932,1,34.43,0.0415,13.15,1,0,0.683003387645018,2.02,0.07493766315623065
S10,65.97,4.21,28.63,54.83,1.7,0.0472,3,34.05,0.0577,12.88,1,0,0.5221593065549323,6.8,0.06381687678992318
S10,74.7,2.83,50.1,50.56,0.67,0.0352,3,34.02,0.0217,18.85,1,0,0.990901702748872,2.68,0.03788486775302975
S10,68.73,4.12,29.14,62.11,1.58,0.0401,3,33.83,0.0202,13.21,1,0,0.46916753032240693,6.32,0.059944702466942744
S10,74.85,3.65,48.92,53.38,0.99,0.0684,0,33.88,0.0629,15.37,1,0,0.9164479362218177,0.99,0.04876418854185858
S10,78.85,3.54,57.07,52.58,1.18,0.0363,2,34.26,0.0639,15.18,1,0,1.0853934793850362,3.54,0.04489536526374569
S10,74.77,3.21,35.38,58.02,1.08,0.079,1,34.08,0.0151,15.11,1,0,0.6097896225802099,2.16,0.04293165133988881
S10,70.72,4.42,42.38,46.48,1.4,0.0481,3,33.52,0.0278,16.12,1,0,0.9117898210434981,5.6,0.06249999116233156
S10,76.21,2.04,53.46,38.54,1.07,0.0529,2,34.07,0.0579,13.37,1,0,1.3871298943617294,3.21,0.02676813715153692
S10,62.84,3.88,44.25,61.29,1.7,0.0685,0,33.95,0.0558,13.16,1,0,0.7219773662950943,1.7,0.06174410220494872
S10,73.38,3.14,36.98,51.5,1.33,0.0742,3,34.11,0.0634,16.13,1,0,0.7180581129984246,5.32,0.04279094538144653
S10,66.44,2.55,44.45,45.71,1.15,0.043,1,34.0,0.0388,14.71,1,0,0.972434703033318,2.3,0.03838048790179291
S10,70.6,3.34,60.2,52.17,1.68,0.077,0,34.43,0.053,11.7,1,0,1.1539196561396097,1.68,0.04730877516872873
S10,67.25,3.24,56.69,46.62,1.22,0.0378,0,33.96,0.0375,15.37,1,0,1.216001455169143,1.22,0.04817843149763101
S10,68.94,3.12,40.17,46.31,1.14,0.0353,2,33.78,0.0579,11.32,1,0,0.8674150577812442,3.42,0.04525673843099239
S10,68.18,3.87,44.13,57.53,1.25,0.0471,1,34.14,0.0536,12.46,1,0,0.7670779129014579,2.5,0.05676150531512095
S10,68.07,2.5,59.6,56.12,1.44,0.0459,1,34.02,0.0584,16.52,1,0,1.062009789378156,2.88,0.036726893385207376
S10,61.31,1.92,49.02,64.18,1.46,0.0642,1,34.58,0.0517,13.2,1,0,0.763789223466933,2.92,0.03131625651341436
S10,75.99,1.57,52.34,63.06,1.8,0.0493,1,33.89,0.0603,14.71,1,0,0.830003039961459,3.6,0.020660610519724898
S10,71.66,3.58,39.62,46.28,1.25,0.0635,1,34.38,0.0734,14.58,1,0,0.8560931598761538,2.5,0.04995812866897451
S10,65.26,2.37,58.87,73.95,0.63,0.0553,1,34.28,0.0683,13.92,1,0,0.79607832372166,1.26,0.03631626780320751
S10,62.85,2.53,40.18,37.55,1.09,0.0707,0,34.39,0.0486,15.75,1,0,1.0700396617737251,1.09,0.04025456797858902
S10,64.69,1.7,32.67,30.67,1.79,0.0915,1,33.7,0.044,14.21,1,0,1.065209955914589,3.58,0.026279173554000067
S10,63.54,1.08,51.84,43.05,1.33,0.0232,2,34.03,0.0382,14.36,1,0,1.2041809049521708,3.99,0.016997164463776446
S10,71.18,3.26,56.39,65.91,1.12,0.0522,2,33.96,0.0378,16.92,1,0,0.8555604831496764,3.3600000000000003,0.04579937541453
S10,73.24,3.35,39.84,51.53,0.69,0.0067,0,34.4,0.0234,14.76,1,0,0.7731417090739939,0.69,0.04574002652375389
S10,75.96,4.06,30.69,34.04,1.78,0.0216,2,34.3,0.0361,15.79,1,0,0.9015861041168907,5.34,0.053449176744447505
S10,71.2,2.86,31.41,51.98,1.26,0.0569,0,34.16,0.0573,14.47,1,0,0.6042707571622244,1.26,0.0401685336841947
S10,78.95,3.23,52.75,42.14,1.23,0.0484,3,34.12,0.0623,11.97,1,0,1.2517794846275545,4.92,0.04091196441900387
S10,73.97,5.3,44.77,52.05,1.09,0.0371,1,34.22,0.0543,12.83,1,0,0.860134320819535,2.18,0.07165065950376374
S10,78.85,3.45,59.21,52.08,0.89,0.0506,0,34.04,0.0866,13.85,1,0,1.1369045436051184,0.89,0.04375395767229453
S10,81.06,4.37,42.4,58.82,0.87,0.0283,4,34.28,0.0387,13.99,1,0,0.7208431280443508,4.35,0.05391067679364954
S10,64.19,2.28,30.07,53.36,1.34,0.0549,2,34.39,0.0387,14.02,1,0,0.5635306290234953,4.0200000000000005,0.035519545798481725
S10,71.94,2.76,58.51,67.17,1.37,0.046,2,34.13,0.0461,17.29,1,0,0.8710732661793559,4.11,0.0383652990873924
S10,65.76,1.78,46.05,69.63,0.99,0.0491,2,34.32,0.0163,19.25,1,0,0.6613527701633246,2.9699999999999998,0.0270681224044826
S10,73.27,4.65,48.47,60.85,1.46,0.0447,3,34.3,0.0463,17.15,1,0,0.7965487598112144,5.84,0.06346389197981549
S10,66.27,3.74,40.88,65.71,1.02,0.0389,3,33.95,0.0894,15.52,1,0,0.6221274353785672,4.08,0.05643578445212247
S10,71.04,2.62,42.37,67.17,0.91,0.0825,2,34.0,0.054,16.03,1,0,0.6307874600584397,2.73,0.036880625439101145
S10,73.86,3.85,56.63,55.65,1.15,0.0416,1,34.44,0.0217,13.35,1,0,1.0176098800341635,2.3,0.05212563605122718
S10,69.47,2.83,43.5,51.24,1.4,0.0652,0,33.98,0.0708,12.39,1,0,0.8489459701510597,1.4,0.0407370029167982
S10,64.44,2.86,41.09,58.24,1.0,0.0263,2,34.46,0.0434,13.57,1,0,0.7055287250122382,3.0,0.04438236431062006
S10,67.59,3.2,46.78,48.32,1.29,0.0485,2,33.68,0.0659,14.42,1,0,0.9681289387150375,3.87,0.047344274693848984
S10,75.21,3.43,38.34,56.33,1.46,0.0679,0,33.91,0.0588,14.53,1,0,0.6806318692292084,1.46,0.045605631484426076
S10,74.15,3.09,49.26,54.2,0.83,0.0644,2,33.93,0.057,17.4,1,0,0.9088559208752912,2.4899999999999998,0.041672280286948034
S10,59.46,3.87,48.08,48.24,1.35,0.0353,2,34.62,0.0144,14.13,1,0,0.996683043805339,4.050000000000001,0.06508576100138563
S10,70.05,3.19,36.96,64.88,0.65,0.0535,2,33.78,0.0666,17.63,1,0,0.5696669898787007,1.9500000000000002,0.04553889428424064
S10,78.99,4.03,50.74,50.84,2.02,0.0453,2,34.25,0.0514,16.91,1,0,0.9980328485379919,6.0600000000000005,0.05101910988490824
S10,65.08,2.96,54.17,57.3,1.0,0.0586,1,33.96,0.0466,15.67,1,0,0.9453750531631671,2.0,0.04548247610902334
S10,74.31,2.94,63.66,46.38,1.13,0.0437,2,34.21,0.0578,15.73,1,0,1.3725740895700538,3.3899999999999997,0.039563983371822986
S10,74.18,3.91,43.9,73.55,1.55,0.0635,1,34.07,0.0445,13.82,1,0,0.5968727944428559,3.1,0.052709618130275256
S10,72.48,3.8,35.07,49.62,1.25,0.0213,0,34.24,0.0558,16.87,1,0,0.7067713206829261,1.25,0.05242824883716213
S10,68.81,3.02,23.42,69.23,1.35,0.0679,0,34.19,0.0299,17.21,1,0,0.33829259883105606,1.35,0.043888963248225075
S10,65.24,3.88,43.48,42.86,1.23,0.0471,2,33.95,0.0604,13.18,1,0,1.014465465593685,3.69,0.05947270700908844
S10,73.7,1.07,39.64,63.35,0.98,0.0829,4,34.2,0.0663,14.57,1,0,0.6257299722604621,4.9,0.014518315533471434
S10,66.92,2.76,28.28,46.28,1.16,0.0587,1,33.92,0.035,11.91,1,0,0.6110629621730851,2.32,0.04124326938982824
S10,65.1,1.5,57.32,66.82,0.77,0.0608,1,33.67,0.0696,11.67,1,0,0.8578268695260597,1.54,0.023041471114981397
S10,73.21,2.7,60.85,54.82,1.43,0.0627,0,33.86,0.0884,17.26,1,0,1.109996149216317,1.43,0.03688020258431873
S10,68.84,1.91,49.97,70.39,0.56,0.036,1,33.61,0.0603,12.89,1,0,0.709901873859657,1.12,0.02774549277375177
S10,75.92,3.1,47.01,69.4,0.51,0.0871,2,34.14,0.032,14.89,1,0,0.6773774240090166,1.53,0.04083244983766467
S10,60.22,0.64,40.13,51.17,1.37,0.0347,5,34.13,0.0907,13.29,1,0,0.7842484298908677,8.22,0.010627696674244989
S10,76.33,5.01,36.89,61.43,1.37,0.0523,1,34.33,0.0187,14.53,1,0,0.6005208203612534,2.74,0.06563604537717209
S10,68.07,4.13,42.45,55.02,1.77,0.0499,0,34.42,0.076,12.73,1,0,0.7715374824541108,1.77,0.06067282787236259
S10,72.08,4.02,48.48,36.59,1.95,0.0827,2,33.62,0.0456,15.12,1,0,1.3249518106171598,5.85,0.05577135741240879
S10,67.56,5.05,54.18,52.68,0.98,0.0762,1,34.06,0.0306,15.34,1,0,1.028473608869854,1.96,0.074748360753647
S10,67.62,3.36,44.23,51.27,1.01,0.0372,3,34.1,0.0603,12.48,1,0,0.862687563353313,4.04,0.04968943364545494
S10,78.78,2.63,56.54,45.7,1.29,0.0499,2,34.51,0.0677,15.67,1,0,1.237198854004627,3.87,0.03338410340389649
S10,73.78,3.06,30.23,46.15,1.32,0.0443,2,33.95,0.0723,16.62,1,0,0.6550377778899723,3.96,0.04147464875648566
S10,73.21,2.14,55.09,55.55,1.2,0.0651,2,34.14,0.0622,12.9,1,0,0.9917189933899202,3.5999999999999996,0.029230975381645218
S10,72.33,1.73,58.98,52.25,1.48,0.0487,0,34.35,0.0654,15.9,1,0,1.1288036117122273,1.48,0.02391814960346335
S10,85.56,3.99,35.17,48.39,1.15,0.0662,1,33.71,0.0692,14.04,1,0,0.7268029082862351,2.3,0.046633935643532534
S10,66.97,2.66,40.32,62.11,1.3,0.023,0,34.17,0.0735,17.12,1,0,0.6491707214344354,1.3,0.03971927135743298
S10,68.86,3.04,55.65,53.52,0.94,0.0628,3,34.04,0.0557,16.88,1,0,1.039798011995887,3.76,0.04414753933378749
S10,74.72,6.96,31.2,27.73,4.68,0.2468,6,33.66,0.1383,25.81,2,1,1.1251348268536505,32.76,0.09314773913975653
S10,84.8,3.27,13.55,30.71,4.78,0.2534,6,33.89,0.0914,23.21,2,1,0.4412242132125649,33.46,0.038561316207391956
S10,87.78,12.79,23.58,19.44,4.84,0.149,6,33.34,0.1648,23.0,2,1,1.2129623390111424,33.879999999999995,0.1457051554220602
S10,75.68,3.1,27.16,25.06,4.67,0.1797,6,33.2,0.0921,25.64,2,1,1.0837984502001397,32.69,0.04096193961919402
S10,91.11,7.78,19.79,19.64,2.41,0.1121,6,32.9,0.1156,23.2,2,1,1.0076369614883087,16.87,0.08539127588724883
S10,85.43,8.24,16.13,28.22,4.88,0.2946,5,33.43,0.0659,18.22,2,1,0.5715802368602988,29.28,0.09645322527762784
S10,91.54,4.35,22.33,22.83,7.17,0.3845,4,33.4,0.0917,18.85,2,1,0.9780985641267788,35.85,0.04752020455317843
S10,81.4,9.58,15.09,30.27,4.92,0.4279,6,33.2,0.0267,15.03,2,1,0.4985132148948745,34.44,0.11769040323213718
S10,80.62,3.22,26.42,23.22,5.89,0.1782,3,33.94,0.0894,17.43,2,1,1.1378117408218171,23.56,0.039940456469801974
S10,85.27,4.46,28.45,26.69,6.12,0.3432,9,33.31,0.011,20.17,2,1,1.0659419011083173,61.2,0.05230443857107558
S10,79.33,6.42,17.7,28.8,5.58,0.2403,9,33.06,0.0425,22.93,2,1,0.6145831199364167,55.8,0.0809277598729661
S10,95.1,4.92,28.18,24.11,5.87,0.3874,10,33.41,0.0918,22.62,2,1,1.1688091377813614,64.57000000000001,0.05173501033280648
S10,87.84,7.09,12.81,16.02,6.62,0.2997,10,32.8,0.0626,24.71,2,1,0.7996249690231155,72.82000000000001,0.08071492705886531
S10,99.66,2.26,21.59,28.35,5.93,0.3897,4,33.35,0.1283,19.05,2,1,0.7615517595937356,29.65,0.022677099871854317
S10,85.46,4.94,12.69,26.54,6.82,0.1235,7,33.95,0.0825,20.56,2,1,0.47814601426299386,54.56,0.05780481420491292
S10,90.39,3.79,13.3,35.5,5.44,0.2813,8,33.18,0.0733,17.48,2,1,0.3746477817893572,48.96,0.0419294123321814
S10,83.6,5.99,18.53,33.53,5.57,0.1533,4,34.14,0.0967,22.67,2,1,0.5526392625591223,27.85,0.0716507091326903
S10,79.03,6.17,19.95,33.15,7.15,0.3807,4,32.93,0.0403,22.32,2,1,0.6018097732097214,35.75,0.07807160849403916
S10,84.19,4.22,7.78,15.28,6.36,0.379,5,32.88,0.159,22.5,2,1,0.5091619704437367,38.160000000000004,0.05012471194622735
S10,81.77,2.39,31.96,22.79,5.59,0.1781,4,33.36,0.0398,18.15,2,1,1.4023688449456584,27.95,0.029228319771515257
S10,97.82,5.89,20.69,28.38,4.45,0.4532,4,32.8,0.0838,22.68,2,1,0.7290342744769999,22.25,0.06021262929742084
S10,97.44,10.66,27.77,28.54,4.38,0.0832,11,33.57,0.0847,17.54,2,1,0.9730199814225714,52.56,0.10940064558696166
S10,95.54,8.18,23.77,24.58,5.76,0.4242,5,33.52,0.1156,20.56,2,1,0.9670459857420726,34.56,0.0856185801110969
S10,96.03,7.2,26.37,21.27,6.69,0.4787,10,33.58,0.1045,23.81,2,1,1.239773747167961,73.59,0.07497656201431198
S10,92.82,5.74,26.16,15.47,5.99,0.1782,9,33.26,0.0617,15.61,2,1,1.6910137743931646,59.900000000000006,0.06184011400128055
S10,85.52,5.99,24.37,28.92,5.65,0.2442,5,33.49,0.118,26.91,2,1,0.8426691415390244,33.900000000000006,0.07004208722613574
S10,87.64,4.24,17.54,39.02,6.05,0.2902,6,33.28,0.0844,25.13,2,1,0.4495129550197449,42.35,0.04837972976041422
S10,89.21,6.79,28.88,31.21,3.89,0.4102,9,33.73,0.0597,23.45,2,1,0.9253441443946989,38.9,0.07611253490499553
S10,107.97,4.6,26.02,23.11,5.89,0.3113,5,33.64,0.0934,17.93,2,1,1.1259190281613898,35.339999999999996,0.042604423209741296
S10,78.81,2.77,20.05,30.43,5.3,0.3968,7,33.52,0.1269,18.67,2,1,0.6588890374994948,42.4,0.03514781942040104
S10,88.44,11.21,15.68,24.5,7.27,0.1952,10,33.1,0.0916,23.26,2,1,0.6399997387756168,79.97,0.12675258630115488
S10,88.57,5.31,30.97,34.0,3.28,0.1496,3,33.52,0.0758,24.54,2,1,0.9108820850346807,13.12,0.05995257311137257
S10,81.32,6.15,25.8,41.19,3.97,0.4467,7,33.04,0.1351,21.71,2,1,0.6263654706565985,31.76,0.0756271426921861
S10,79.53,9.15,14.31,22.61,3.85,0.3388,1,32.79,0.0689,17.16,2,1,0.6329055139736781,7.7,0.11505090971320134
S10,81.32,2.07,17.99,30.94,3.71,0.2192,4,33.71,0.1263,20.29,2,1,0.5814477758733756,18.55,0.025454989491516294
S10,88.8,5.31,26.16,10.0,4.68,0.3564,8,33.28,0.1197,21.03,2,1,2.615997384002616,42.12,0.059797290563368174
S10,105.4,7.14,10.18,25.45,4.11,0.2268,6,33.68,0.201,20.32,2,1,0.39999984282913836,28.770000000000003,0.06774192905674296
S10,83.89,6.74,22.01,25.57,5.5,0.2142,6,33.11,0.1062,13.54,2,1,0.8607740083011309,38.5,0.08034329713394955
S10,66.47,5.73,20.98,30.26,3.41,0.2549,5,32.94,0.0747,24.08,2,1,0.6933242916971938,20.46,0.08620428972404247
S10,84.6,6.03,20.89,31.19,5.08,0.1907,5,33.06,0.0783,19.4,2,1,0.6697657358878693,30.48,0.07127658731955233
S10,81.49,6.73,7.96,27.97,6.51,0.1572,10,33.16,0.1254,20.24,2,1,0.2845905310723879,71.61,0.08258681033417471
S10,94.07,3.17,23.05,32.48,3.44,0.1588,8,33.41,0.0959,17.76,2,1,0.7096672691911117,30.96,0.03369830618706217
S10,88.32,8.69,14.75,32.15,3.64,0.4616,5,33.1,0.0719,22.55,2,1,0.45878679353443436,21.84,0.09839219900450645
S10,81.57,4.44,20.24,32.31,4.81,0.1575,5,33.38,0.0707,13.44,2,1,0.6264312514914107,28.86,0.05443176971536476
S10,93.24,1.98,16.91,17.31,6.1,0.2575,6,33.33,0.0744,16.54,2,1,0.9768914056086624,42.699999999999996,0.02123551895800955
S10,86.28,8.35,22.04,24.12,4.09,0.3446,7,32.86,0.0735,23.03,2,1,0.9137641319385854,32.72,0.09677792109667116
S10,88.6,4.87,27.79,41.7,4.34,0.4355,5,33.54,0.0965,15.42,2,1,0.6664266986986332,26.04,0.054966133751000706
S10,93.27,6.88,14.97,22.39,3.74,0.3375,2,33.14,0.1469,12.77,2,1,0.6686017558723735,11.22,0.07376433217922888
S10,76.89,5.75,28.35,18.43,8.3,0.2877,12,32.92,0.0587,23.3,2,1,1.5382520139706926,107.9,0.07478214660135953
S10,101.73,10.18,20.7,33.24,4.46,0.0827,7,33.74,0.0841,26.24,2,1,0.6227434949628474,35.68,0.1000687997573184
S10,87.29,7.91,23.71,31.85,4.21,0.6403,6,33.78,0.034,20.37,2,1,0.7444267678408892,29.47,0.09061747157549872
S10,78.02,3.57,25.53,39.7,3.9,0.4236,7,33.27,0.1043,24.14,2,1,0.6430728858758473,31.2,0.0457574922125747
S10,90.12,4.99,10.57,46.15,4.99,0.0446,9,32.89,0.0594,20.49,2,1,0.22903570335087683,49.900000000000006,0.055370610811072925
S10,100.12,5.74,14.46,14.79,5.94,0.2387,8,33.78,0.0683,20.56,2,1,0.9776869657288941,53.46,0.057331196830683495
S10,78.88,5.54,15.55,15.81,5.65,0.1465,12,33.06,0.1092,22.72,2,1,0.9835540900986148,73.45,0.07023325681627068
S10,91.71,5.89,16.04,27.61,5.86,0.1523,4,33.86,0.0189,20.34,2,1,0.5809487211341104,29.3,0.06422417792779654
S10,89.97,4.72,26.25,16.73,4.12,0.3513,8,33.51,0.0683,18.41,2,1,1.5690367190455954,37.08,0.05246192592398289
S10,81.74,1.65,6.53,30.63,5.78,0.3833,2,33.02,0.0786,27.53,2,1,0.2131896137154379,17.34,0.020185952999027035
S10,101.66,6.02,14.19,28.04,4.55,0.3231,7,33.51,0.1411,19.56,2,1,0.5060625869962243,36.4,0.05921699201091953
S10,96.65,10.44,24.32,17.37,5.74,0.456,11,33.42,0.0935,21.09,2,1,1.4001143349946257,68.88,0.10801861272440633
S10,92.9,3.68,22.87,25.08,7.69,0.1454,9,33.06,0.0472,21.77,2,1,0.9118816140822912,76.9,0.03961248228068005
S10,88.73,5.44,29.34,35.14,7.23,0.2989,7,33.65,0.0652,24.16,2,1,0.83494569295797,57.84,0.06130958398404328
S10,87.54,3.97,16.26,28.47,3.83,0.3388,5,33.91,0.1182,18.67,2,1,0.5711273020276425,22.98,0.045350691643740955
S10,92.13,4.3,15.01,22.61,3.52,0.0809,6,33.41,0.0779,22.46,2,1,0.6638652526027189,24.64,0.046673174137287075
S10,92.7,4.38,16.61,22.81,5.35,0.1836,4,33.51,0.0988,23.54,2,1,0.7281890713769964,26.75,0.04724918584151177
S10,85.87,10.21,17.81,25.28,3.76,0.3144,11,33.07,0.0201,18.53,2,1,0.7045092149884433,45.12,0.11890064994751952
S10,97.54,5.99,37.33,14.54,5.67,0.4361,6,33.45,0.0741,26.75,2,1,2.567398509354533,39.69,0.06141069700525968
S10,82.6,8.88,14.78,34.34,5.85,0.1569,6,32.91,0.0514,22.37,2,1,0.4304017383803906,40.949999999999996,0.10750604025350603
S10,101.42,3.55,12.87,12.11,4.32,0.4068,8,33.32,0.1512,22.3,2,1,1.0627571736109218,38.88,0.03500295454516322
S10,92.48,4.46,31.06,30.76,5.19,0.3877,9,32.84,0.133,19.84,2,1,1.0097525976096886,51.900000000000006,0.048226638383797746
S10,90.6,5.19,29.95,21.54,4.99,0.188,2,33.51,0.0825,19.69,2,1,1.3904357518868375,14.97,0.05728476188909914
S10,91.66,7.08,17.8,16.26,4.32,0.3435,1,33.15,0.0155,17.55,2,1,1.09471027385592,8.64,0.077241972807989
S10,88.37,8.82,17.45,19.39,3.85,0.1257,1,33.32,0.0903,20.96,2,1,0.8999479628942945,7.7,0.0998076157284581
S10,87.02,5.93,24.43,39.37,7.43,0.358,10,33.05,0.1238,25.12,2,1,0.6205230834333036,81.72999999999999,0.06814524613361915
S10,85.38,4.71,19.28,28.05,5.84,0.0746,6,33.3,0.1492,16.92,2,1,0.6873437834781521,40.879999999999995,0.05516513760071005
S10,79.03,7.47,25.05,23.62,4.73,0.2589,5,33.49,0.0684,22.22,2,1,1.060541464631048,28.380000000000003,0.09452105598873137
S10,65.29,9.27,28.28,22.48,5.81,0.3832,8,33.63,0.0127,23.14,2,1,1.2580065578262645,52.29,0.14198190504182798
S10,98.13,3.65,20.0,35.46,5.73,0.2899,4,33.39,0.0555,23.83,2,1,0.5640156333853261,28.650000000000002,0.037195553123860886
S10,86.12,7.85,25.36,26.06,2.17,0.1641,8,33.6,0.1423,21.41,2,1,0.9731385367849054,19.53,0.09115187051185897
S10,79.52,6.86,28.58,33.47,4.94,0.5271,8,33.05,0.0909,23.87,2,1,0.8538987589188051,44.46,0.08626759478526223
S10,71.27,3.71,34.36,33.9,2.8,0.1479,3,34.1,0.0482,16.83,3,0,1.013569022546011,11.2,0.052055556046645704
S10,82.62,5.2,30.17,51.92,2.17,0.1048,4,34.44,0.0705,18.81,3,0,0.5810861746752359,10.85,0.06293874813135461
S10,77.18,5.03,36.41,45.25,1.88,0.054,2,34.66,0.0634,18.97,3,0,0.8046407061567499,5.64,0.06517231599218502
S10,71.25,5.94,25.71,49.52,1.41,0.1165,5,34.09,0.0562,17.59,3,0,0.5191840631696156,8.459999999999999,0.0833684093518022
S10,73.92,1.59,42.35,38.51,2.71,0.1115,4,34.43,0.0614,18.48,3,0,1.0997140743406715,13.55,0.021509737349873194
S10,75.66,4.48,35.76,56.12,2.05,0.075,1,34.34,0.0424,18.42,3,0,0.6372058736268935,4.1,0.0592122575717344
S10,72.17,4.23,32.67,47.09,2.6,0.1221,1,34.49,0.0593,18.33,3,0,0.6937777248295338,5.2,0.05861160335158607
S10,73.87,3.42,29.78,28.7,2.28,0.1195,7,34.38,0.0441,14.88,3,0,1.0376303004772474,18.24,0.04629754348212488
S10,79.66,2.77,47.29,39.7,1.72,0.0557,1,34.57,0.0743,17.32,3,0,1.1911835790469572,3.44,0.03477277996826764
S10,64.35,3.49,42.81,61.55,2.41,0.0612,3,34.18,0.0589,19.73,3,0,0.6955319747307921,9.64,0.054234645806581855
S10,75.74,6.45,57.78,44.01,2.41,0.0325,2,34.39,0.0662,17.46,3,0,1.3128831372680896,7.23,0.08515974581994379
S10,78.82,2.12,28.45,44.14,2.04,0.0558,1,34.36,0.0889,18.85,3,0,0.6445399536610888,4.08,0.026896723306683166
S10,69.97,5.68,55.99,35.65,3.61,0.0698,6,33.99,0.0294,13.11,3,0,1.5705465440262147,25.27,0.08117763596146406
S10,79.44,5.21,31.27,52.61,1.92,0.0945,2,34.17,0.0661,16.4,3,0,0.5943735802369169,5.76,0.06558408036454175
S10,74.28,1.95,25.35,48.21,2.28,0.098,2,34.33,0.0624,16.18,3,0,0.5258244086653373,6.84,0.02625201585190955
S10,77.25,2.78,30.68,41.9,0.94,0.1479,1,34.84,0.0442,14.94,3,0,0.7322193956516955,1.88,0.03598705035766338
S10,63.91,7.55,40.17,28.7,1.81,0.1712,2,34.3,0.0309,17.94,3,0,1.3996510802609479,5.43,0.11813485868645615
S10,73.87,2.84,34.72,40.41,2.14,0.1572,4,33.72,0.0573,17.84,3,0,0.8591930563739034,10.700000000000001,0.0384459133009458
S10,75.44,2.16,40.24,50.18,2.86,0.1099,2,34.67,0.074,15.98,3,0,0.8019129529866574,8.58,0.02863202165535238
S10,73.45,4.05,36.11,53.06,2.54,0.0618,4,34.27,0.0316,16.91,3,0,0.6805501921315129,12.7,0.055139543207686416
S10,77.8,2.8,35.88,54.45,2.45,0.0985,2,34.2,0.0345,16.94,3,0,0.6589530470242337,7.3500000000000005,0.035989712597723315
S10,77.83,5.0,42.24,59.16,2.79,0.1243,2,34.71,0.0554,18.7,3,0,0.7139958225159192,8.370000000000001,0.06424257172779498
S10,70.18,4.26,47.25,49.62,2.09,0.0902,4,33.97,0.0434,17.8,3,0,0.9522368093033435,10.45,0.060701045782125124
S10,57.26,2.89,35.47,44.68,2.14,0.1302,2,33.38,0.0521,20.9,3,0,0.7938673245596856,6.42,0.050471524542171756
S10,76.46,6.48,39.68,42.76,1.17,0.0813,2,33.84,0.0253,16.39,3,0,0.9279698484635527,3.51,0.08475018509675843
S10,74.91,4.42,36.49,31.32,3.15,0.1018,3,34.21,0.032,20.37,3,0,1.1650698706673466,12.6,0.05900413042262309
S10,80.02,5.64,41.39,53.28,2.78,0.1134,0,34.3,0.0382,18.93,3,0,0.7768391935361874,2.78,0.07048237059705441
S10,74.8,5.8,43.46,47.14,2.64,0.1304,1,34.18,0.0415,16.16,3,0,0.921934467133121,5.28,0.07754009658554858
S10,60.99,2.49,32.94,46.74,2.62,0.0845,2,34.01,0.0583,20.32,3,0,0.7047495282949232,7.86,0.04082635828392223
S10,83.8,4.97,31.39,57.18,2.4,0.0743,2,34.29,0.0276,19.29,3,0,0.5489680746820436,7.199999999999999,0.059307868817676745
S10,71.98,3.62,33.11,44.58,2.27,0.1347,4,33.47,0.0971,16.99,3,0,0.7427095687057943,11.35,0.05029174072079178
S10,74.65,6.0,32.79,39.92,2.38,0.1264,6,34.05,0.0692,21.93,3,0,0.8213925798114778,16.66,0.08037507295712351
S10,79.85,3.88,49.38,50.93,2.22,0.0965,4,34.07,0.0894,18.16,3,0,0.9695658807056978,11.100000000000001,0.0485911022428175
S10,84.53,4.0,54.01,55.4,2.52,0.0563,1,34.36,0.0642,14.69,3,0,0.9749095713159618,5.04,0.04732047233875874
S10,73.2,2.77,53.09,40.37,2.56,0.046,2,34.54,0.0282,11.61,3,0,1.3150851337416067,7.68,0.03784152488503758
S10,76.74,6.86,28.36,64.84,2.14,0.0504,4,34.56,0.0252,10.46,3,0,0.4373842632041543,10.700000000000001,0.08939274310753935
S10,78.16,1.22,35.46,61.21,2.09,0.1907,4,34.11,0.0331,17.49,3,0,0.5793170104040172,10.45,0.015609005167732195
S10,74.45,2.49,37.75,43.23,2.25,0.1394,2,34.65,0.0687,16.3,3,0,0.8732359765820087,6.75,0.03344526078639882
S10,75.85,3.36,42.83,35.98,2.54,0.0848,3,34.01,0.0514,19.93,3,0,1.1903832155688672,10.16,0.04429795065287401
S10,75.72,5.87,28.76,60.51,1.15,0.1661,3,34.06,0.0805,18.77,3,0,0.4752932613959244,4.6,0.07752244089772307
S11,70.53,3.03,62.58,43.74,1.75,0.0479,1,33.8,0.0561,15.62,1,0,1.4307266962216056,3.5,0.04296043627386413
S11,75.15,1.27,45.09,54.89,2.26,0.0462,1,33.97,0.0677,17.9,1,0,0.8214609543703855,4.52,0.016899532016030335
S11,72.14,3.89,46.33,42.41,1.7,0.0654,1,34.3,0.0436,15.56,1,0,1.092430772829339,3.4,0.05392292016593843
S11,77.4,3.1,57.03,47.11,1.45,0.0399,2,34.11,0.0478,21.69,1,0,1.2105707470662816,4.35,0.04005167441192837
S11,62.75,2.91,39.7,42.18,1.44,0.0046,1,34.22,0.0378,16.57,1,0,0.9412041391170841,2.88,0.046374494601674164
S11,70.57,4.43,52.84,50.62,2.11,0.0205,1,34.42,0.0412,16.48,1,0,1.0438559771126084,4.22,0.06277454119674916
S11,78.49,3.06,45.43,51.23,1.43,0.0607,1,34.37,0.0362,17.2,1,0,0.8867849137644127,2.86,0.03898585310410841
S11,69.27,4.2,56.75,53.9,2.3,0.0459,0,33.84,0.0721,17.23,1,0,1.0528755003941557,2.3,0.06063229960555802
S11,75.02,2.46,31.94,38.82,1.72,0.0404,2,33.51,0.042,18.49,1,0,0.8227715551850707,5.16,0.03279125129415472
S11,64.97,1.95,67.5,54.31,1.73,0.0541,0,33.86,0.0252,18.29,1,0,1.242864805217307,1.73,0.030013847927682323
S11,71.03,3.02,61.15,48.17,1.37,0.0945,2,34.08,0.0478,16.23,1,0,1.2694620574087485,4.11,0.042517240248171155
S11,76.66,4.65,58.05,56.08,1.06,0.0484,1,33.89,0.0462,13.68,1,0,1.0351282034364828,2.12,0.06065744056125221
S11,69.44,1.31,53.25,67.37,1.87,0.0574,0,34.37,0.0409,15.92,1,0,0.7904110449144952,1.87,0.018865204656508545
S11,75.55,3.74,50.64,65.27,1.75,0.0484,1,34.09,0.0718,18.62,1,0,0.7758540254551822,3.5,0.04950363342109419
S11,71.96,3.31,43.15,52.0,1.85,0.0239,2,33.59,0.0738,18.59,1,0,0.8298075327293205,5.550000000000001,0.045997770150393254
S11,59.62,4.14,21.33,63.83,1.12,0.0417,3,34.01,0.0531,18.64,1,0,0.33416883375077017,4.48,0.06943977365988364
S11,76.97,5.18,38.36,56.37,2.39,0.0379,3,33.92,0.0235,15.36,1,0,0.68050369336461,9.56,0.0672989388984099
S11,70.69,2.93,47.6,54.15,1.65,0.0514,0,33.66,0.0322,15.19,1,0,0.8790395421902969,1.65,0.041448572436190066
S11,71.92,3.44,41.27,48.72,0.5,0.0523,1,34.12,0.0682,15.9,1,0,0.8470852120104245,1.0,0.047830916597481
S11,75.27,3.78,50.54,55.99,0.5,0.0578,3,33.74,0.061,16.98,1,0,0.9026610282798663,2.0,0.05021920416909736
S11,67.14,2.32,51.69,62.39,1.52,0.0464,0,33.59,0.0385,13.48,1,0,0.8284980239624901,1.52,0.03455465675384915
S11,69.62,3.37,30.0,67.04,1.79,0.1029,2,34.45,0.0315,15.98,1,0,0.4474939666625944,5.37,0.04840562361309629
S11,80.08,2.75,32.28,52.54,1.16,0.0107,0,34.49,0.0486,14.03,1,0,0.6143889199868824,1.16,0.034340655052365755
S11,68.98,2.72,30.95,63.81,1.53,0.033,1,33.75,0.0629,15.87,1,0,0.4850336177662407,3.06,0.03943171362254079
S11,69.07,1.77,46.84,66.7,1.28,0.0216,0,34.45,0.0657,16.16,1,0,0.7022487702775456,1.28,0.02562617263266648
S11,73.96,2.99,43.05,60.76,1.59,0.1047,0,33.95,0.0822,16.09,1,0,0.7085252290116476,1.59,0.040427252511188144
S11,65.67,5.16,45.2,53.9,1.32,0.047,1,34.18,0.0803,18.25,1,0,0.8385898258645963,2.64,0.07857467967493838
S11,69.76,0.91,39.43,52.58,1.99,0.0848,1,34.07,0.0511,16.19,1,0,0.749904764186998,3.98,0.013044722900699125
S11,67.03,3.96,42.93,39.03,1.44,0.0983,4,33.91,0.0803,12.83,1,0,1.0999228542344723,7.199999999999999,0.059078015951362674
S11,78.4,4.91,46.16,52.69,1.09,0.0992,0,33.58,0.053,14.25,1,0,0.8760673987345987,1.09,0.06262754303220114
S11,65.75,2.95,35.11,71.68,1.78,0.0606,0,33.92,0.0356,14.59,1,0,0.489815779880611,1.78,0.04486691332822611
S11,64.64,3.23,48.9,48.28,1.16,0.0441,2,34.05,0.054,16.42,1,0,1.012841546635968,3.4799999999999995,0.04996905167557988
S11,63.97,4.84,48.24,53.24,1.37,0.0485,0,34.28,0.0557,15.02,1,0,0.9060854796984448,1.37,0.075660454015874
S11,76.41,2.99,56.88,32.39,2.15,0.0716,2,33.69,0.0411,14.75,1,0,1.7560970188030196,6.449999999999999,0.0391309986741266
S11,63.7,5.22,48.42,65.34,1.36,0.0636,0,34.35,0.0698,16.0,1,0,0.7410467185419776,1.36,0.08194661193930737
S11,68.84,3.1,51.41,73.66,1.7,0.0405,2,34.24,0.0657,18.72,1,0,0.6979363700873784,5.1,0.045031951622319634
S11,68.02,3.6,38.19,53.25,1.6,0.0901,1,34.01,0.0377,16.9,1,0,0.7171829639093025,3.2,0.05292560233378384
S11,63.85,4.29,39.62,42.96,1.97,0.0344,1,34.38,0.0666,13.57,1,0,0.9222530441682857,3.94,0.06718871304796976
S11,67.51,2.23,53.12,51.59,1.7,0.0829,1,33.94,0.0683,15.06,1,0,1.0296567106693717,3.4,0.033032138493239736
S11,65.74,3.43,48.63,44.39,1.84,0.0321,0,33.92,0.0822,12.52,1,0,1.095516761541617,1.84,0.05217522784070158
S11,67.42,5.58,39.31,45.8,1.66,0.0644,1,34.34,0.1038,13.35,1,0,0.8582967558304027,3.32,0.08276474595598547
S11,66.47,4.11,46.38,56.04,1.47,0.0489,4,33.78,0.0532,15.35,1,0,0.8276229786540009,7.35,0.061832396294208475
S11,65.53,1.93,43.07,62.16,1.93,0.0355,0,33.91,0.0167,13.5,1,0,0.6928892064206553,1.93,0.029452154821889998
S11,71.55,4.37,31.69,51.1,1.49,0.0563,3,34.15,0.0274,15.93,1,0,0.6201564344116567,5.96,0.06107616197398156
S11,73.42,3.14,46.8,57.87,1.26,0.0721,1,33.9,0.028,14.16,1,0,0.8087090359929089,2.52,0.04276763242064391
S11,65.78,2.63,49.64,51.69,2.01,0.0581,1,34.34,0.037,16.69,1,0,0.9603403056025719,4.02,0.039981751294960274
S11,77.93,3.81,50.13,59.47,1.63,0.0387,3,34.18,0.0371,16.97,1,0,0.8429458814619335,6.52,0.04889002324008427
S11,69.91,3.3,55.22,51.03,1.35,0.0155,1,33.43,0.0851,14.35,1,0,1.082108351536674,2.7,0.047203540666064844
S11,65.21,1.98,37.64,40.51,1.31,0.1017,0,33.87,0.0278,16.73,1,0,0.9291530661187197,1.31,0.03036343653374689
S11,72.64,2.37,50.83,51.5,2.33,0.0374,1,33.62,0.0777,17.44,1,0,0.9869900996135728,4.66,0.03262664749082496
S11,67.55,3.81,35.34,65.27,1.38,0.1002,1,33.69,0.0528,16.28,1,0,0.5414431528354294,2.76,0.05640265634305606
S11,69.33,4.44,50.25,55.01,1.74,0.0583,1,33.87,0.0346,20.2,1,0,0.9134701120759658,3.48,0.06404153122147249
S11,70.96,4.29,51.44,60.06,1.33,0.0351,2,34.12,0.0676,15.04,1,0,0.8564767138733409,3.99,0.060456586745125884
S11,63.71,3.21,47.12,41.26,1.56,0.0656,1,34.0,0.0403,13.92,1,0,1.1420258986849494,3.12,0.0503845471064908
S11,66.98,5.26,43.81,61.48,1.61,0.0354,0,34.42,0.0571,14.75,1,0,0.7125893440811086,1.61,0.0785308930231572
S11,67.78,2.75,45.88,68.58,0.89,0.046,4,33.77,0.0311,15.93,1,0,0.6689996108195376,4.45,0.040572434261960125
S11,68.94,1.78,48.09,47.14,1.53,0.0305,2,34.05,0.0624,15.54,1,0,1.0201525201203818,4.59,0.02581954948947643
S11,69.72,1.35,30.74,48.74,1.12,0.0301,3,34.05,0.0451,18.7,1,0,0.6306933461851977,4.48,0.019363164176252987
S11,66.8,2.57,50.89,54.61,2.07,0.0629,2,33.86,0.0254,16.93,1,0,0.9318804373044429,6.209999999999999,0.03847304813277722
S11,71.03,2.8,34.65,79.65,1.15,0.0623,1,34.18,0.0317,13.32,1,0,0.43502819397009485,2.3,0.0394199578459865
S11,70.99,5.04,34.44,65.36,1.91,0.0777,3,34.45,0.0729,17.33,1,0,0.5269277039584296,7.64,0.07099590491676223
S11,68.66,2.92,39.84,54.93,2.2,0.0572,0,34.37,0.0464,19.85,1,0,0.7252865965252874,2.2,0.042528394621556276
S11,69.1,2.87,47.99,42.26,1.67,0.0368,2,34.09,0.0402,12.13,1,0,1.1355889409396733,5.01,0.041534002672358517
S11,62.76,2.62,53.9,49.55,1.25,0.0209,1,33.41,0.0422,16.69,1,0,1.0877898914652087,2.5,0.041746328593637895
S11,70.77,2.27,52.68,60.8,1.43,0.025,1,33.81,0.0814,15.01,1,0,0.8664472259132852,2.86,0.032075733774800934
S11,71.1,2.08,30.15,54.12,1.3,0.0549,0,34.26,0.0317,18.02,1,0,0.5570952407436731,1.3,0.029254566912156554
S11,75.92,3.97,45.12,64.25,2.35,0.0632,0,34.05,0.0452,15.4,1,0,0.7022567000378677,2.35,0.052291879308235076
S11,67.03,3.97,38.77,58.99,1.89,0.0794,1,34.36,0.0369,13.79,1,0,0.6572299275758726,3.78,0.059227202860330765
S11,71.7,2.11,48.4,56.42,0.95,0.0432,0,33.58,0.0338,15.08,1,0,0.857851673546318,0.95,0.029428168838470173
S11,72.75,2.05,35.67,46.36,1.75,0.011,0,33.98,0.0757,17.0,1,0,0.7694131213517857,1.75,0.028178690284716108
S11,70.78,2.94,29.09,33.43,1.63,0.0577,2,34.2,0.0515,15.81,1,0,0.8701762278862614,4.89,0.041537151520605886
S11,63.77,4.03,38.4,57.38,1.63,0.0411,1,33.87,0.0366,15.49,1,0,0.6692226090584508,3.26,0.06319585021234903
S11,66.58,4.04,35.96,38.18,1.59,0.0575,1,34.6,0.0108,16.08,1,0,0.9418541273299823,3.18,0.06067887343363271
S11,75.76,4.08,56.46,42.94,1.39,0.0561,0,33.73,0.0315,17.83,1,0,1.314857635105348,1.39,0.053854269554610666
S11,75.89,5.35,49.47,53.84,1.77,0.0616,3,34.37,0.0647,16.41,1,0,0.9188334103206889,7.08,0.07049676235383286
S11,64.23,2.76,48.65,44.71,0.98,0.0404,2,33.8,0.09,16.88,1,0,1.0881232189391143,2.94,0.04297056780778953
S11,64.58,3.45,44.22,35.07,1.75,0.0469,3,34.23,0.0785,16.07,1,0,1.2609063983728546,7.0,0.0534221038367755
S11,64.0,3.08,38.91,57.73,2.07,0.0317,2,33.91,0.0584,19.88,1,0,0.6739995368093648,6.209999999999999,0.048124992480469926
S11,69.51,4.43,36.32,49.82,1.63,0.0721,1,34.04,0.0671,17.21,1,0,0.7290243418257041,3.26,0.06373182797700647
S11,79.41,5.48,35.37,35.86,1.35,0.0778,0,34.43,0.0547,17.61,1,0,0.986335475087709,1.35,0.06900893224922149
S11,76.22,3.36,48.27,39.49,1.45,0.0728,1,34.22,0.0714,17.61,1,0,1.2223344587656473,2.9,0.044082912085684586
S11,66.87,3.36,38.57,63.58,1.36,0.0625,2,33.95,0.0605,15.13,1,0,0.6066372119161353,4.08,0.050246739906274866
S11,71.09,4.45,46.0,42.14,1.47,0.058,0,34.28,0.0735,17.27,1,0,1.091599171428768,1.47,0.06259669959253066
S11,68.97,3.19,43.97,70.47,2.0,0.0429,2,34.26,0.037,14.55,1,0,0.6239533668293789,6.0,0.04625198691431247
S11,61.15,3.54,54.54,62.62,1.74,0.0708,2,34.04,0.0639,15.47,1,0,0.8709676028477159,5.22,0.057890423893634683
S11,70.24,4.63,35.44,48.99,0.79,0.027,4,34.71,0.0845,17.3,1,0,0.7234127937512157,3.95,0.06591684710751038
S11,65.92,2.05,36.16,50.4,1.23,0.0403,0,34.22,0.041,18.34,1,0,0.717460175107108,1.23,0.031098296253292433
S11,68.46,3.07,44.96,47.57,1.59,0.0518,1,34.28,0.0987,17.73,1,0,0.9451332888094831,3.18,0.04484369780255656
S11,60.64,5.0,45.62,60.18,1.27,0.0396,3,34.1,0.0606,14.96,1,0,0.7580590299004603,5.08,0.08245381226025524
S11,66.54,0.88,45.72,60.86,1.64,0.0505,3,34.31,0.0048,15.39,1,0,0.7512322130739051,6.56,0.01322512575516595
S11,71.45,1.95,44.12,61.34,1.95,0.0774,1,34.28,0.0508,15.4,1,0,0.7192695273443873,3.9,0.027291808636555823
S11,73.05,1.78,39.86,47.82,2.23,0.0633,1,34.03,0.0519,16.44,1,0,0.8335422765490847,4.46,0.024366868669833175
S11,64.54,2.76,54.77,52.08,1.51,0.0637,4,33.8,0.0464,16.95,1,0,1.0516511037536282,7.55,0.04276417062842103
S11,75.93,4.47,53.05,56.53,1.87,0.0519,4,33.88,0.0553,15.81,1,0,0.9384396004883069,9.350000000000001,0.05887000409982824
S11,59.35,2.3,54.48,55.67,2.14,0.0679,0,33.98,0.0606,16.12,1,0,0.9786238586987858,2.14,0.038753152695340735
S11,66.62,2.77,35.75,48.73,1.25,0.0383,3,33.94,0.0596,14.49,1,0,0.7336341609615923,5.0,0.04157909913252789
S11,66.03,3.83,51.58,62.74,1.26,0.0511,2,34.04,0.0823,15.08,1,0,0.8221229164611226,3.7800000000000002,0.05800392881963822
S11,67.36,1.65,46.04,51.55,1.96,0.0682,1,34.14,0.0782,18.65,1,0,0.8931133088044018,3.92,0.024495245769708168
S11,76.96,3.62,42.34,75.13,1.24,0.0766,2,34.36,0.0398,15.81,1,0,0.5635564270522525,3.7199999999999998,0.047037415925491696
S11,71.7,2.63,51.43,55.04,1.32,0.0596,2,33.96,0.0651,15.31,1,0,0.9344111674398314,3.96,0.03668060855221637
S11,81.81,9.75,26.21,31.29,6.13,0.5509,5,33.83,0.0821,19.7,2,1,0.8376475430976213,36.78,0.11917856995739273
S11,93.71,7.48,16.9,22.02,4.49,0.297,4,33.36,0.106,21.72,2,1,0.7674837568193656,22.450000000000003,0.07982071499085318
S11,88.1,4.96,14.22,36.98,4.22,0.1836,4,33.8,0.0239,23.17,2,1,0.3845320755727216,21.099999999999998,0.05629965308744006
S11,75.76,6.45,31.94,22.85,5.71,0.3363,6,32.69,0.0813,26.52,2,1,1.3978112044589914,39.97,0.08513726436942128
S11,90.58,4.08,8.79,27.69,5.86,0.3174,2,33.71,0.058,18.16,2,1,0.31744300561827166,17.580000000000002,0.045043050889484335
S11,93.92,7.7,17.28,21.66,6.95,0.4189,6,33.21,0.095,26.32,2,1,0.7977835651968767,48.65,0.08198465907318365
S11,97.49,5.26,19.11,33.26,5.94,0.2045,5,33.21,0.0862,23.01,2,1,0.5745638681407492,35.64,0.05395424618378847
S11,89.45,7.95,24.13,25.54,7.73,0.2554,10,33.16,0.106,25.65,2,1,0.9447921124541455,85.03,0.08887645736428648
S11,93.3,7.5,22.64,34.93,5.7,0.0813,4,33.78,0.1499,23.97,2,1,0.6481532641988937,28.5,0.08038584347418612
S11,89.9,6.37,21.01,34.54,4.39,0.1394,8,33.48,0.0559,22.71,2,1,0.608280078668188,39.51,0.07085649934855402
S11,86.62,6.68,23.22,25.89,5.08,0.1263,5,32.79,0.0888,20.86,2,1,0.8968710324947731,30.48,0.07711843949221432
S11,92.08,3.96,21.32,31.85,4.76,0.2126,5,32.63,0.1027,24.7,2,1,0.6693875449332669,28.56,0.04300607699760241
S11,95.02,5.46,14.3,21.42,4.55,0.2358,3,33.24,0.1052,26.71,2,1,0.6676000618113623,18.2,0.057461580986994214
S11,86.69,5.01,16.31,22.95,5.75,0.1555,8,33.65,0.1125,26.03,2,1,0.710675071601276,51.75,0.05779212622077215
S11,93.24,3.13,23.88,25.78,3.64,0.2302,4,33.64,0.1168,22.63,2,1,0.9262990976341746,18.2,0.03356927996897469
S11,90.47,8.68,19.71,31.68,7.79,0.4174,7,33.83,0.0688,17.9,2,1,0.6221588945205511,62.32,0.0959433960491438
S11,80.64,7.92,32.65,20.51,6.3,0.4901,1,33.5,0.1038,24.47,2,1,1.5919056109675225,12.6,0.09821427353493631
S11,97.35,9.21,18.94,26.14,7.01,0.2925,4,33.04,0.1009,19.8,2,1,0.7245597840245662,35.05,0.09460707810918562
S11,90.21,7.88,30.99,25.25,3.9,0.132,2,33.03,0.0506,23.07,2,1,1.2273262466034667,11.7,0.08735172515777351
S11,89.66,7.05,22.27,26.32,5.41,0.3162,5,33.74,0.0872,27.14,2,1,0.8461242985849929,32.46,0.07863037267116076
S11,92.66,8.31,25.81,24.94,5.5,0.1361,9,33.87,0.0768,19.09,2,1,1.034883305981032,55.0,0.08968270130771624
S11,81.86,6.07,24.49,24.92,5.0,0.4704,5,33.06,0.0304,26.04,2,1,0.9827443889468743,30.0,0.07415098043599067
S11,86.32,4.51,21.76,32.49,5.25,0.2823,11,32.35,0.1009,29.78,2,1,0.6697443306419418,63.0,0.05224744529107446
S11,87.62,6.77,19.7,17.43,5.37,0.1027,9,34.01,0.0307,19.71,2,1,1.13023457817867,53.7,0.07726545568757638
S11,104.17,4.76,19.85,22.01,6.88,0.1252,6,33.22,0.1099,23.05,2,1,0.9018623798898774,48.16,0.04569453338825637
S11,86.28,9.15,19.87,41.43,3.95,0.3694,5,33.43,0.0257,21.35,2,1,0.4796040358184804,23.700000000000003,0.10605005724964565
S11,87.14,5.42,27.88,25.44,4.68,0.3252,2,32.6,0.1693,22.74,2,1,1.0959115189027047,14.04,0.06219875347730623
S11,78.95,4.35,26.48,29.98,5.7,0.2633,6,34.02,0.0115,22.01,2,1,0.8832552090542999,39.9,0.05509815641568632
S11,98.44,8.17,29.34,33.54,7.08,0.2476,8,33.56,0.1712,22.25,2,1,0.8747761255885135,63.72,0.08299470916347935
S11,89.64,3.96,19.82,16.65,4.98,0.2553,6,33.19,0.0795,23.65,2,1,1.1903896754416365,34.86,0.04417670189907386
S11,83.49,2.92,18.98,14.61,5.58,0.1712,5,33.63,0.0664,21.5,2,1,1.299109309302321,33.480000000000004,0.034974244223949666
S11,81.71,7.33,18.64,41.99,6.91,0.6227,8,32.82,0.096,16.44,2,1,0.44391511218978036,62.19,0.08970749116295544
S11,91.88,4.71,26.58,25.58,4.69,0.0285,9,33.18,0.1405,27.66,2,1,1.0390926352257095,46.900000000000006,0.05126251074635277
S11,78.01,8.89,26.15,19.65,5.47,0.1344,8,33.22,0.0716,27.72,2,1,1.3307881268253807,49.23,0.11395973414181076
S11,95.9,9.73,24.27,25.88,6.06,0.4463,7,33.27,0.0889,18.51,2,1,0.9377894367119642,48.48,0.10145984343484427
S11,84.31,4.01,26.5,26.3,4.93,0.2804,6,33.47,0.0928,25.47,2,1,1.0076041796181827,34.51,0.047562561076674045
S11,83.29,1.95,14.68,32.24,6.91,0.1949,5,33.15,0.0839,25.01,2,1,0.45533484636015925,41.46,0.023412171519729675
S11,89.32,6.17,30.59,31.48,6.93,0.3054,6,33.36,0.1392,19.47,2,1,0.9717277726404788,48.51,0.06907746651618153
S11,96.8,3.02,33.92,31.35,5.86,0.1783,6,33.14,0.0733,20.93,2,1,1.081977326323022,41.02,0.031198343884468606
S11,84.72,3.25,13.28,37.34,7.06,0.399,9,33.09,0.1008,21.45,2,1,0.3556506814004602,70.6,0.03836165741717924
S11,76.58,8.74,10.24,27.38,5.69,0.1823,4,33.39,0.1024,22.01,2,1,0.3739954806444556,28.450000000000003,0.1141290005054844
S11,87.96,8.77,24.65,19.94,5.08,0.3693,0,32.65,0.0097,20.48,2,1,1.2362080059137381,5.08,0.09970439976075492
S11,96.66,6.08,17.75,27.24,5.45,0.1739,9,33.32,0.0744,26.13,2,1,0.6516150324467576,54.5,0.06290088320909547
S11,89.38,4.2,23.84,30.97,5.1,0.154,4,33.71,0.122,24.75,2,1,0.7697769551898757,25.5,0.04699037290329236
S11,99.14,6.57,9.59,32.99,5.18,0.4397,7,33.15,0.0995,22.58,2,1,0.29069406162653477,41.44,0.0662699146389031
S11,90.18,5.11,24.79,29.77,6.54,0.2607,5,33.31,0.0257,22.18,2,1,0.8327172211228683,39.24,0.056664442596535525
S11,78.34,8.55,27.47,33.96,4.59,0.2065,3,33.7,0.0855,17.15,2,1,0.8088925768867558,18.36,0.1091396337580248
S11,94.55,9.75,9.83,19.14,8.05,0.2026,4,32.92,0.086,26.6,2,1,0.5135838487022734,40.25,0.10312003139925632
S11,91.15,4.49,22.2,32.34,7.84,0.34,6,33.59,0.0675,20.19,2,1,0.6864561884798426,54.879999999999995,0.04925945702035578
S11,83.58,7.71,16.29,21.58,3.76,0.0513,6,33.02,0.0651,23.54,2,1,0.7548652665128515,26.32,0.09224693799390547
S11,90.8,4.07,19.02,33.3,6.31,0.1922,7,33.31,0.0169,16.79,2,1,0.5711709996483484,50.48,0.044823783609715465
S11,91.05,3.32,15.84,27.37,4.41,0.3656,8,32.98,0.1085,20.74,2,1,0.5787356307140552,39.69,0.03646347759873941
S11,72.44,6.16,17.14,19.62,3.5,0.2441,5,32.86,0.1202,23.68,2,1,0.8735979237523325,21.0,0.0850358800336996
S11,97.38,6.16,19.74,35.12,4.74,0.3998,4,32.81,0.0368,25.99,2,1,0.5620727328950077,23.700000000000003,0.06325733587416967
S11,76.04,6.49,20.23,39.27,4.82,0.2279,3,33.49,0.0656,26.43,2,1,0.5151513839695991,19.28,0.08534980466204567
S11,88.07,8.08,28.49,23.42,3.73,0.3327,8,33.28,0.0733,24.37,2,1,1.2164811202044745,33.57,0.09174519226238308
S11,85.95,7.94,34.22,20.46,4.96,0.2627,7,33.1,0.0864,25.39,2,1,1.6725309518421545,39.68,0.0923792795370239
S11,93.29,4.06,16.48,16.91,6.92,0.33,5,32.69,0.112,16.62,2,1,0.9745706832816776,41.519999999999996,0.04352020114479567
S11,89.17,7.39,23.61,18.34,4.79,0.256,1,33.1,0.0849,22.58,2,1,1.2873493525903204,9.58,0.08287539723276917
S11,89.04,6.19,30.93,36.92,6.76,0.4486,7,34.0,0.0378,20.0,2,1,0.8377570861979722,54.08,0.0695193093531773
S11,97.21,10.36,33.56,21.46,5.66,0.3001,4,33.31,0.1004,21.82,2,1,1.563838973048009,28.3,0.10657338683536809
S11,84.96,6.58,18.76,35.02,3.61,0.2454,8,32.69,0.1567,21.3,2,1,0.5356937362382249,32.49,0.07744820180694424
S11,69.33,6.04,20.86,33.39,3.58,0.3812,6,33.53,0.169,24.74,2,1,0.6247377583894104,25.060000000000002,0.08711956049047158
S11,79.07,6.75,21.69,13.16,8.15,0.2085,8,33.14,0.0409,18.87,2,1,1.6481750393806693,73.35000000000001,0.08536738518181546
S11,85.93,8.04,13.41,36.61,6.11,0.3639,4,33.13,0.0695,23.66,2,1,0.36629326241648114,30.55,0.09356451837955096
S11,87.7,4.74,23.69,28.89,4.91,0.2645,5,32.66,0.0812,27.5,2,1,0.8200066389731261,29.46,0.05404788437310326
S11,77.73,6.12,21.08,33.62,3.52,0.2394,7,32.9,0.0053,23.38,2,1,0.627007546993591,28.16,0.07873406937680826
S11,83.46,4.19,21.67,27.68,4.96,0.2147,9,32.68,0.003,26.02,2,1,0.7828754397126303,49.6,0.050203684375307416
S11,91.1,6.48,21.5,34.18,6.49,0.5375,5,33.41,0.133,24.25,2,1,0.6290226363304164,38.94,0.07113061787808805
S11,73.83,8.65,14.69,29.98,5.78,0.1973,5,32.81,0.0502,24.91,2,1,0.48999316544590876,34.68,0.11716102977637413
S11,85.66,5.52,29.29,18.95,6.03,0.1473,7,33.98,0.0432,22.95,2,1,1.5456456223505952,48.24,0.06444080499173417
S11,77.94,8.51,11.34,28.88,4.38,0.4055,2,33.37,0.0564,20.98,2,1,0.39265914381608596,13.14,0.1091865397502515
S11,75.53,4.62,32.81,22.7,4.98,0.0251,7,32.57,0.0521,20.39,2,1,1.4453738126106555,39.84,0.06116773981626641
S11,74.46,9.57,24.53,25.87,5.85,0.0829,6,33.81,0.0599,20.67,2,1,0.9482021846918498,40.949999999999996,0.1285253654948475
S11,83.44,9.07,20.82,25.67,5.68,0.2271,7,33.64,0.0374,20.65,2,1,0.8110631822893719,45.44,0.1087008498680669
S11,79.47,5.44,16.67,19.01,4.53,0.2439,6,34.11,0.0854,25.59,2,1,0.8769064298230248,31.71,0.06845349585334141
S11,96.83,6.02,19.48,16.54,4.13,0.2732,5,32.79,0.0589,24.34,2,1,1.1777501948305957,24.78,0.06217080840950032
S11,81.53,4.77,24.52,31.18,3.63,0.3641,7,33.42,0.1058,23.86,2,1,0.7864012872349945,29.04,0.05850606420874963
S11,74.75,3.73,21.44,21.61,8.24,0.5137,1,33.71,0.124,24.4,2,1,0.9921328125253066,16.48,0.04989965887629982
S11,87.57,9.27,14.58,32.01,5.62,0.2941,9,32.8,0.0688,19.7,2,1,0.4554825193744082,56.2,0.10585815851796751
S11,80.89,7.57,28.44,32.91,2.48,0.0388,2,34.13,0.0161,17.66,3,0,0.8641747602021391,7.4399999999999995,0.09358386777304144
S11,67.48,3.18,38.28,50.21,2.96,0.0774,3,33.96,0.0558,21.1,3,0,0.7623977768576425,11.84,0.047125067112467826
S11,71.99,3.89,33.89,62.11,3.15,0.0589,1,34.34,0.0746,21.88,3,0,0.5456447358485371,6.3,0.05403527517220792
S11,67.91,5.12,29.34,54.06,2.5,0.0617,4,34.65,0.0433,15.46,3,0,0.542730199272993,12.5,0.07539389259403732
S11,57.52,4.65,49.29,42.64,2.45,0.0971,4,34.51,0.0677,16.91,3,0,1.1559565769332605,12.25,0.08084143239891647
S11,79.2,5.24,22.54,57.26,3.61,0.1148,2,34.12,0.0239,19.53,3,0,0.393642963038253,10.83,0.0661616078078778
S11,73.23,4.71,33.97,47.55,3.97,0.1158,3,33.79,0.0427,21.5,3,0,0.7144057382953232,15.88,0.06431789371597792
S11,65.26,6.25,27.24,56.85,3.07,0.1601,3,34.09,0.0863,17.95,3,0,0.4791555885390345,12.28,0.09577074842618012
S11,74.2,5.4,48.0,41.34,2.58,0.1106,2,33.76,0.0289,19.48,3,0,1.1611027670288419,7.74,0.07277627051532742
S11,68.58,4.81,33.02,42.44,3.78,0.1783,2,34.51,0.0762,16.23,3,0,0.7780394019699808,11.34,0.07013705597301603
S11,61.39,2.82,37.38,53.75,2.35,0.0956,2,33.95,0.0733,17.73,3,0,0.6954417310806081,7.050000000000001,0.04593581268352945
S11,81.24,4.01,45.58,51.72,2.05,0.1238,3,34.32,0.0453,22.09,3,0,0.8812836656450762,8.2,0.04935991514525909
S11,81.49,4.09,47.9,45.63,2.92,0.1166,2,34.72,0.0577,16.28,3,0,1.0497477427684103,8.76,0.05019020122834689
S11,74.49,4.39,44.49,60.46,2.77,0.068,0,34.5,0.0163,17.87,3,0,0.7358582970793421,2.77,0.058934077200419224
S11,84.05,6.54,43.36,53.78,2.33,0.1029,4,34.23,0.0826,16.94,3,0,0.8062475258000137,11.65,0.07781081763107464
S11,81.53,3.02,40.88,54.69,3.04,0.1028,5,34.33,0.0855,18.54,3,0,0.7474856925423857,18.240000000000002,0.03704157524327545
S11,74.56,1.97,45.01,33.89,3.32,0.1514,4,33.94,0.0423,22.38,3,0,1.3281199976040134,16.599999999999998,0.026421670276063534
S11,74.86,3.95,40.68,49.55,2.83,0.1125,2,34.22,0.0572,21.31,3,0,0.8209887344119607,8.49,0.052765154586540935
S11,74.62,7.12,46.58,60.97,2.52,0.0423,2,34.0,0.0448,18.43,3,0,0.7639821610657436,7.5600000000000005,0.09541676555658461
S11,79.14,4.85,39.34,32.03,2.29,0.0524,6,33.7,0.0446,24.66,3,0,1.2282231569706035,16.03,0.06128379311551767
S11,83.95,3.81,35.0,42.85,2.38,0.0859,3,33.83,0.066,19.06,3,0,0.8168026098476989,9.52,0.045384151830357135
S11,77.55,3.67,49.56,48.15,2.49,0.0323,4,34.17,0.0311,17.1,3,0,1.0292832753305763,12.450000000000001,0.04732430079635064
S11,71.84,6.74,37.62,53.6,3.48,0.066,2,33.64,0.0446,15.1,3,0,0.7018655406967274,10.44,0.09381958604961219
S11,70.27,8.38,41.55,52.46,2.0,0.0807,0,33.39,0.0313,23.76,3,0,0.7920318734212973,2.0,0.11925428785338156
S11,76.51,5.93,32.81,37.43,3.04,0.1268,2,33.8,0.0706,19.16,3,0,0.8765693623913005,9.120000000000001,0.07750619820857427
S11,75.63,3.66,34.14,62.84,2.41,0.0567,1,33.86,0.054,18.79,3,0,0.5432844456899354,4.82,0.04839348824626627
S11,82.37,4.61,43.33,51.69,2.56,0.1188,1,34.11,0.031,18.64,3,0,0.8382664271103836,5.12,0.055966971474205235
S11,77.24,1.85,40.17,42.51,2.14,0.13,1,34.61,0.0344,18.21,3,0,0.944953906150575,4.28,0.023951317458400123
S11,64.79,6.54,39.42,40.88,3.43,0.0672,5,34.41,0.0946,14.11,3,0,0.9642854784037479,20.580000000000002,0.10094148773861895
S11,72.17,4.56,39.93,40.11,2.92,0.1071,2,34.7,0.0643,17.75,3,0,0.9955120928665936,8.76,0.06318413978327007
S11,63.23,3.47,29.52,44.49,3.83,0.1058,1,34.46,0.0685,15.87,3,0,0.663519742971512,7.66,0.054879004447413504
S11,80.18,4.76,33.88,59.78,1.22,0.0841,1,33.72,0.0622,22.44,3,0,0.5667446358740991,2.44,0.059366418138386355
S11,74.11,7.42,38.01,39.12,1.95,0.1575,1,34.2,0.0564,21.8,3,0,0.9716255185006343,3.9,0.10012142759122553
S11,82.68,5.65,46.55,50.98,2.59,0.1228,2,34.55,0.0805,17.16,3,0,0.9131029986067087,7.77,0.06833574403292887
S11,64.75,2.33,27.43,29.59,3.11,0.0986,1,33.52,0.0705,16.86,3,0,0.9270020523818681,6.22,0.03598455042709646
S11,74.28,5.44,35.11,51.51,2.82,0.0642,3,34.13,0.0448,18.44,3,0,0.6816150880188142,11.28,0.07323639294071177
S11,79.27,4.33,47.01,52.42,2.75,0.1232,1,33.93,0.0587,16.98,3,0,0.8967949452890221,5.5,0.05462343198897036
S11,87.36,5.09,35.11,59.56,2.46,0.1207,3,33.55,0.0693,15.49,3,0,0.5894894913550215,9.84,0.05826464534516422
S11,69.97,2.01,34.68,44.87,2.25,0.0651,4,33.35,0.0732,15.14,3,0,0.7728993151550445,11.25,0.02872659300748992
S11,79.0,4.69,37.69,45.92,3.2,0.1112,3,34.28,0.0728,13.92,3,0,0.8207750825838234,12.8,0.05936708109277455
S13,67.12,3.14,44.93,56.86,0.38,0.0297,1,33.79,0.0581,16.42,1,0,0.7901862838223208,0.76,0.04678187622439269
S13,66.08,4.42,48.33,61.29,1.13,0.0462,2,33.88,0.0733,13.71,1,0,0.7885461268484047,3.3899999999999997,0.06688860973235325
S13,67.25,3.19,56.51,41.22,0.8,0.0579,1,33.99,0.0462,11.82,1,0,1.3709361060319976,1.6,0.04743493718439595
S13,69.61,4.52,44.78,57.82,0.9,0.0624,3,33.57,0.0615,12.19,1,0,0.7744723669193415,3.6,0.06493318992483982
S13,69.29,2.22,33.35,49.53,0.9,0.0524,2,33.5,0.0407,12.08,1,0,0.6733291594328368,2.7,0.03203925067985991
S13,60.33,3.41,52.7,59.65,1.01,0.0245,1,33.63,0.0744,18.57,1,0,0.8834868594322114,2.02,0.05652245043552952
S13,64.33,1.66,52.34,55.37,1.34,0.0203,0,33.96,0.0824,13.8,1,0,0.9452770552145467,1.34,0.02580444181494764
S13,73.39,3.87,34.99,42.53,1.24,0.0646,0,33.79,0.052,13.49,1,0,0.8227131853484163,1.24,0.05273197264859345
S13,66.74,3.0,45.86,61.16,1.27,0.0554,1,34.11,0.0488,16.77,1,0,0.7498363718383957,2.54,0.044950547654997355
S13,73.31,1.74,38.51,58.99,1.2,0.0397,1,33.8,0.0967,12.53,1,0,0.6528224016235968,2.4,0.023734821479358684
S13,68.61,5.39,55.97,45.58,0.89,0.0562,3,34.22,0.0504,13.8,1,0,1.2279505862328683,3.56,0.07855996522956343
S13,75.55,4.37,47.8,65.67,1.51,0.0366,2,33.85,0.0703,13.95,1,0,0.7278817225701655,4.53,0.05784248076208064
S13,71.98,1.42,37.3,57.5,1.0,0.0483,4,33.46,0.0514,15.46,1,0,0.6486955393572974,5.0,0.019727699398763628
S13,74.91,2.31,45.23,39.27,0.73,0.0198,1,34.19,0.0629,14.91,1,0,1.1517695055336117,1.46,0.030837000288746457
S13,76.47,1.84,32.85,56.34,0.94,0.0316,0,33.91,0.0789,14.54,1,0,0.5830669891609888,0.94,0.024061720405162756
S13,70.39,4.09,57.44,57.44,1.08,0.0618,0,33.99,0.0574,16.75,1,0,0.9999998259053228,1.08,0.05810483618343
S13,69.61,2.81,40.76,48.7,1.3,0.069,2,33.99,0.0199,15.55,1,0,0.8369608137657465,3.9000000000000004,0.04036775745327432
S13,64.75,4.27,46.07,70.47,1.17,0.044,0,33.68,0.0265,13.58,1,0,0.6537532774580279,1.17,0.06594593576124544
S13,65.66,1.68,43.65,52.84,1.33,0.0227,2,34.05,0.0747,13.48,1,0,0.8260785719003458,3.99,0.0255863500477688
S13,72.29,4.74,47.66,56.36,0.85,0.0667,0,34.0,0.0678,15.03,1,0,0.8456350522294087,0.85,0.0655692259552876
S13,71.99,2.87,43.77,49.09,1.84,0.0821,1,33.39,0.0469,15.18,1,0,0.8916274411025786,3.68,0.039866642607772944
S13,63.64,2.68,40.57,44.89,1.17,0.0882,0,33.92,0.0487,14.49,1,0,0.9037645569693568,1.17,0.04211187270397978
S13,67.71,3.56,32.49,58.53,1.56,0.0224,2,33.61,0.0693,14.52,1,0,0.5550998539040058,4.68,0.05257715956621481
S13,68.56,2.97,31.04,49.96,1.02,0.0556,1,34.09,0.0651,14.8,1,0,0.6212969132712343,2.04,0.04331971363481423
S13,74.71,5.64,54.35,57.66,1.1,0.0161,0,33.83,0.0339,14.57,1,0,0.9425943561230739,1.1,0.07549189191649151
S13,73.44,3.92,60.74,58.29,1.61,0.0264,2,34.02,0.0028,12.91,1,0,1.0420310444276815,4.83,0.05337689904998651
S13,71.66,3.77,46.28,59.29,0.86,0.0552,1,33.99,0.0482,15.24,1,0,0.7805699476184942,1.72,0.052609537732411706
S13,71.16,1.81,44.75,56.82,1.57,0.0456,0,34.32,0.0283,12.17,1,0,0.787574658997772,1.57,0.0254356344244471
S13,74.47,2.06,54.07,59.16,1.05,0.048,0,33.8,0.0441,13.42,1,0,0.9139619820889144,1.05,0.02766214211600079
S13,77.53,4.45,54.57,50.32,0.91,0.0189,0,33.88,0.0671,11.82,1,0,1.084459243946891,0.91,0.05739712918907143
S13,70.81,2.8,41.38,53.2,1.92,0.023,1,33.49,0.0339,13.14,1,0,0.7778194026655257,3.84,0.03954243192452592
S13,72.99,3.37,25.91,36.51,1.22,0.0743,2,34.15,0.0323,13.4,1,0,0.7096683895731609,3.66,0.04617070199058748
S13,78.64,3.36,61.49,61.26,0.99,0.0368,1,33.79,0.0731,15.58,1,0,1.0037543252115042,1.98,0.04272634248139083
S13,67.76,3.4,37.74,54.74,0.51,0.0405,0,33.89,0.0686,13.03,1,0,0.6894408678405429,0.51,0.0501770882265218
S13,75.51,4.66,34.59,56.19,0.75,0.0122,1,33.92,0.0349,18.57,1,0,0.6155898530717472,1.5,0.061713672134330266
S13,74.18,3.47,46.32,50.15,0.87,0.0574,1,34.43,0.0638,13.95,1,0,0.923628928488748,1.74,0.04677810100052561
S13,77.4,1.68,56.56,64.49,1.14,0.0346,1,33.94,0.0342,16.5,1,0,0.8770350632601857,2.28,0.021705423552270856
S13,71.48,3.92,51.62,51.41,1.21,0.0708,3,34.02,0.0301,14.78,1,0,1.0040846130938312,4.84,0.054840507157175825
S13,76.89,4.7,38.11,67.32,0.8,0.0233,1,34.18,0.0461,12.54,1,0,0.5661021143639164,1.6,0.06112627635241561
S13,76.74,4.92,49.43,40.63,0.85,0.0332,1,33.38,0.0579,13.93,1,0,1.2165884281101578,1.7,0.06411257960482414
S13,67.72,3.9,41.79,52.74,1.06,0.0308,1,34.13,0.0682,17.86,1,0,0.79237755169178,2.12,0.05759006828262429
S13,67.46,4.4,29.11,49.81,0.95,0.0434,3,33.9,0.0428,13.11,1,0,0.5844206817063478,3.8,0.06522382667894654
S13,68.05,4.52,55.51,46.62,1.25,0.0666,1,33.88,0.0563,12.55,1,0,1.1906904352873369,2.5,0.06642173895345496
S13,71.59,3.15,43.82,56.7,1.39,0.0681,1,33.76,0.0511,15.46,1,0,0.7728393698695996,2.78,0.04400055259106682
S13,74.63,2.98,31.85,69.04,1.1,0.0621,4,33.78,0.0464,16.43,1,0,0.4613267002713354,5.5,0.039930317575999255
S13,69.29,3.24,55.24,66.81,0.27,0.0836,2,33.95,0.0346,13.55,1,0,0.8268222082289765,0.81,0.04675998747871446
S13,64.68,3.95,58.23,54.71,0.65,0.0907,2,33.54,0.0633,16.33,1,0,1.0643390487408062,1.9500000000000002,0.06106987305660589
S13,69.41,2.99,38.19,55.36,1.31,0.0401,1,33.79,0.079,15.96,1,0,0.6898481412846564,2.62,0.04307736016750322
S13,71.59,2.49,40.91,44.45,1.12,0.0434,1,34.11,0.0579,15.42,1,0,0.9203597479505626,2.24,0.034781389191033775
S13,69.48,3.15,53.78,50.61,0.66,0.0784,1,33.64,0.0469,13.08,1,0,1.0626356327532833,1.32,0.045336781039611244
S13,69.53,4.96,55.77,60.83,0.61,0.0247,3,33.76,0.063,16.05,1,0,0.9168172091373978,2.44,0.07133610364790685
S13,62.82,3.94,69.98,61.76,1.37,0.0621,1,33.77,0.0757,13.96,1,0,1.1330956714547165,2.74,0.06271886935388898
S13,72.13,3.81,34.59,40.01,1.03,0.0277,1,34.15,0.028,16.67,1,0,0.8645336504539739,2.06,0.052821287561169064
S13,67.14,2.74,44.49,55.09,1.06,0.0624,0,34.07,0.0548,13.91,1,0,0.8075874373593325,1.06,0.04081024116618392
S13,76.4,4.11,47.57,54.91,1.29,0.0531,4,34.09,0.038,12.9,1,0,0.8663265586729997,6.45,0.053795804476988944
S13,71.29,4.71,42.46,58.84,1.11,0.0331,3,34.14,0.059,16.64,1,0,0.7216178243341562,4.44,0.06606816298665127
S13,67.06,2.11,48.17,51.63,0.52,0.0673,4,33.5,0.0364,14.54,1,0,0.9329845181126247,2.6,0.03146435558241044
S13,66.75,2.94,59.9,50.53,1.37,0.0874,1,34.35,0.0602,12.71,1,0,1.1854341608085965,2.74,0.04404493722173225
S13,65.67,2.81,48.25,69.09,0.79,0.0433,0,34.58,0.0508,15.49,1,0,0.6983643510834634,0.79,0.042789699590421865
S13,68.98,5.0,42.82,55.63,0.72,0.0651,1,34.3,0.0682,13.11,1,0,0.7697284253589024,1.44,0.0724847676884941
S13,75.74,2.75,50.08,46.49,1.42,0.0603,1,34.04,0.0857,18.61,1,0,1.0772206760119,2.84,0.03630841876044115
S13,72.93,5.11,44.96,45.84,1.29,0.0682,1,33.8,0.057,14.91,1,0,0.9808025783589488,2.58,0.07006717810679032
S13,66.75,2.17,45.04,62.02,1.19,0.0414,0,33.74,0.0463,15.23,1,0,0.7262172321481405,1.19,0.03250935842556428
S13,61.32,1.34,56.74,41.93,1.57,0.0134,0,33.67,0.0562,15.83,1,0,1.3532074044341988,1.57,0.021852573083402955
S13,71.22,2.37,38.28,57.37,0.81,0.0589,3,34.28,0.0483,12.78,1,0,0.6672475741245295,3.24,0.033277164662010014
S13,70.91,3.16,52.37,64.27,1.25,0.0957,1,34.3,0.0679,14.39,1,0,0.8148435016580828,2.5,0.04456352495225992
S13,83.85,4.13,32.61,52.26,0.9,0.0608,2,34.11,0.0314,16.57,1,0,0.6239952881754136,2.7,0.04925461547351038
S13,72.57,2.22,33.05,35.47,1.12,0.0935,0,34.18,0.0533,15.23,1,0,0.9317730668810073,1.12,0.030591149153762005
S13,67.54,2.76,44.33,68.84,1.21,0.0667,0,33.91,0.0447,14.3,1,0,0.6439569081991707,1.21,0.040864666736057625
S13,67.67,3.97,50.83,66.51,1.2,0.067,3,33.85,0.0514,16.92,1,0,0.7642458631415029,4.8,0.05866705206634371
S13,72.92,3.73,39.38,49.96,0.67,0.0585,2,34.0,0.0588,14.41,1,0,0.7882304266952709,2.0100000000000002,0.05115194032474762
S13,65.48,3.2,42.77,55.1,0.36,0.0778,2,33.79,0.0027,16.23,1,0,0.7762249044963876,1.08,0.04886987647069693
S13,71.89,2.73,41.4,52.63,0.78,0.0795,2,33.71,0.0254,14.22,1,0,0.7866234492450219,2.34,0.0379746782619727
S13,78.18,5.05,55.87,38.59,1.04,0.0362,1,33.93,0.0704,18.18,1,0,1.4477840249328775,2.08,0.06459451719179876
S13,79.26,3.99,44.99,73.45,1.84,0.0578,0,33.82,0.0545,18.71,1,0,0.6125254441762499,1.84,0.05034064467062267
S13,74.33,4.36,33.07,45.03,1.3,0.0726,1,34.15,0.0405,14.4,1,0,0.7343991262715686,2.6,0.058657331002646175
S13,70.05,2.75,43.36,70.61,1.45,0.0576,1,33.93,0.0736,11.21,1,0,0.6140772391903074,2.9,0.03925766748641435
S13,70.46,2.05,50.24,57.07,0.82,0.033,2,34.14,0.0411,12.72,1,0,0.8803222568210519,2.46,0.029094517585223162
S13,75.82,4.04,36.81,63.57,1.4,0.0307,3,34.52,0.0536,12.73,1,0,0.5790466290629811,5.6,0.05328408687891231
S13,64.77,3.72,55.94,53.79,0.74,0.033,3,34.06,0.065,11.94,1,0,1.039970061355259,2.96,0.05743398835356055
S13,69.57,3.98,47.69,61.67,1.12,0.0326,3,33.73,0.0236,15.69,1,0,0.7733094254403395,4.48,0.0572085586878599
S13,67.2,3.27,56.22,65.35,1.24,0.0279,1,33.61,0.0486,11.85,1,0,0.8602906105140612,2.48,0.048660707044537635
S13,74.17,3.89,54.49,48.81,1.01,0.076,2,33.93,0.0601,12.43,1,0,1.1163693676768351,3.0300000000000002,0.05244707395886828
S13,70.1,2.53,42.42,76.29,1.12,0.0314,3,33.96,0.0511,13.17,1,0,0.55603610485829,4.48,0.03609129299696248
S13,75.22,3.55,37.1,46.32,1.5,0.0618,0,34.06,0.0438,14.65,1,0,0.8009497407276034,1.5,0.04719488870049339
S13,70.94,3.91,48.61,69.4,0.86,0.023,2,33.41,0.0215,15.66,1,0,0.700432175730234,2.58,0.055116992512405906
S13,71.35,4.81,48.72,56.16,1.25,0.0563,1,33.82,0.0256,14.66,1,0,0.867521213048217,2.5,0.06741414612275456
S13,76.59,3.25,34.85,45.14,0.98,0.0735,0,33.94,0.0972,16.58,1,0,0.772042363304749,0.98,0.042433732545536944
S13,75.19,3.04,43.47,44.99,0.93,0.0553,2,34.16,0.0327,15.21,1,0,0.9662144996189153,2.79,0.04043090298830922
S13,68.35,3.0,36.35,55.57,1.57,0.0541,1,33.56,0.0558,17.58,1,0,0.6541298085064228,3.14,0.04389172730186872
S13,65.74,2.19,39.88,47.45,1.11,0.0582,1,33.95,0.0657,17.16,1,0,0.8404634688169718,2.22,0.0333130463472701
S13,72.52,1.83,40.22,36.0,1.0,0.047,1,34.03,0.0828,17.06,1,0,1.1172219118828022,2.0,0.02523441461191194
S13,65.62,3.24,46.8,60.05,1.12,0.0725,0,34.08,0.0484,16.69,1,0,0.7793504114320713,1.12,0.04937518296629336
S13,76.18,3.35,47.8,43.24,1.59,0.0225,2,33.94,0.0772,14.62,1,0,1.1054576536869438,4.7700000000000005,0.04397479076203849
S13,64.16,2.62,51.98,54.47,0.77,0.0581,1,33.73,0.056,16.79,1,0,0.9542865881610816,1.54,0.0408354051067012
S13,72.66,4.12,43.93,66.11,0.87,0.0606,2,33.87,0.0687,13.12,1,0,0.6644984624869971,2.61,0.056702441962229296
S13,72.77,3.84,46.13,59.8,0.95,0.0395,1,34.23,0.0446,13.06,1,0,0.7714045532768306,1.9,0.05276899096207352
S13,77.62,2.76,43.04,48.29,1.35,0.0633,3,33.8,0.0625,15.2,1,0,0.8912816543214631,5.4,0.03555784133498565
S13,70.44,3.15,67.14,46.58,0.58,0.0567,5,34.2,0.0306,14.53,1,0,1.441390845557998,3.4799999999999995,0.04471890336188197
S13,70.62,4.22,51.78,53.78,1.41,0.0312,0,34.17,0.0761,13.05,1,0,0.9628112750443891,1.41,0.05975643447232589
S13,91.22,4.95,20.77,37.61,4.64,0.2678,9,32.92,0.1147,15.32,2,1,0.552246596052487,46.4,0.0542644097495714
S13,85.88,7.03,24.26,30.59,3.39,0.3379,7,33.37,0.0653,22.43,2,1,0.7930693713405129,27.12,0.08185839754792763
S13,87.83,2.87,17.31,33.62,6.19,0.3235,4,34.1,0.0297,23.89,2,1,0.5148719467959706,30.950000000000003,0.032676758205993604
S13,82.23,6.61,26.47,29.82,4.76,0.2718,5,33.33,0.0583,19.63,2,1,0.8876589913953751,28.56,0.08038427819721777
S13,85.94,9.2,19.81,33.78,5.63,0.332,2,33.2,0.0642,18.05,2,1,0.5864415078621942,16.89,0.10705141877456145
S13,87.1,5.42,19.1,25.78,4.86,0.3594,4,33.95,0.0809,24.08,2,1,0.7408841191295116,24.3,0.06222731776953872
S13,88.16,9.42,22.14,20.14,4.31,0.3093,7,33.62,0.0692,22.2,2,1,1.0993043201070902,34.48,0.10685116755317972
S13,92.9,9.45,21.29,33.0,4.69,0.0321,3,32.78,0.0341,17.98,2,1,0.6451513196511152,18.76,0.10172227107402892
S13,89.3,10.45,16.05,26.18,3.68,0.3802,5,33.65,0.0794,14.92,2,1,0.6130631730087193,22.080000000000002,0.11702126349145985
S13,83.83,4.58,17.32,35.56,5.97,0.3044,6,33.1,0.1381,22.66,2,1,0.4870639800157536,41.79,0.054634372583278946
S13,85.6,8.12,7.31,19.43,5.96,0.4503,3,32.36,0.0834,21.79,2,1,0.37622214296338496,23.84,0.09485980200235958
S13,95.35,8.42,21.57,31.19,4.67,0.4741,5,33.45,0.1155,18.48,2,1,0.6915675884682306,28.02,0.08830623090653059
S13,88.28,6.91,13.87,22.41,4.37,0.435,8,33.19,0.1183,20.43,2,1,0.6189198487640121,39.33,0.07827366580497669
S13,96.13,5.4,30.02,22.81,5.16,0.1924,8,32.54,0.1297,24.42,2,1,1.3160888574796767,46.44,0.056173925291384035
S13,84.43,1.38,19.29,25.5,2.55,0.2839,5,32.86,0.0822,24.03,2,1,0.7564702915802778,15.299999999999999,0.016344899165592893
S13,88.02,8.09,25.84,29.42,4.79,0.3635,5,33.95,0.1285,20.2,2,1,0.8783137735167322,28.740000000000002,0.09191091889219281
S13,95.38,5.83,28.03,29.58,5.37,0.1915,7,33.24,0.0619,18.05,2,1,0.9475994091956021,42.96,0.0611239189427638
S13,79.9,4.28,24.94,27.11,6.13,0.208,8,34.22,0.1162,18.64,2,1,0.9199553965490976,55.17,0.05356695199412365
S13,89.11,6.45,20.64,32.75,6.02,0.3082,7,33.61,0.0746,21.65,2,1,0.6302288151973083,48.16,0.07238244053614179
S13,87.23,2.59,23.64,23.04,4.72,0.2022,13,33.18,0.0955,18.84,2,1,1.0260412213362755,66.08,0.029691616451723434
S13,87.19,6.84,17.48,34.51,4.78,0.6903,7,32.84,0.1083,14.41,2,1,0.5065197025442763,38.24,0.07844935446159486
S13,77.21,3.52,21.12,17.1,3.44,0.2891,5,33.28,0.0763,21.21,2,1,1.235086997025148,20.64,0.04558994358373999
S13,95.75,3.04,28.64,20.56,4.95,0.3058,9,33.01,0.0831,21.36,2,1,1.3929954314224557,49.5,0.03174934394262727
S13,82.95,7.16,26.59,26.41,4.33,0.2281,5,33.38,0.0182,24.31,2,1,1.00681521892646,25.98,0.08631704806304423
S13,96.99,7.82,18.53,38.21,3.44,0.3295,5,33.56,0.1087,18.01,2,1,0.484951456437724,20.64,0.08062686043645113
S13,89.97,6.02,26.52,38.89,4.46,0.1228,2,33.02,0.1573,19.77,2,1,0.6819231982712269,13.379999999999999,0.06691118518270699
S13,87.38,7.32,30.59,35.81,3.91,0.1678,4,33.62,0.094,24.41,2,1,0.854230423281088,19.55,0.08377202062577013
S13,84.81,5.26,19.86,30.33,3.96,0.1928,4,32.75,0.1406,21.32,2,1,0.6547970145740143,19.8,0.06202098077809447
S13,83.02,7.8,21.87,27.9,4.47,0.1628,1,33.41,0.0748,18.85,2,1,0.7838706867847002,8.94,0.09395325295672693
S13,95.44,7.85,12.72,25.79,4.34,0.163,5,33.37,0.0486,19.87,2,1,0.4932142329529923,26.04,0.08225062004918063
S13,84.82,3.11,20.42,27.97,3.99,0.2462,8,32.66,0.1231,17.54,2,1,0.7300676689068042,35.910000000000004,0.03666587636573021
S13,84.62,3.77,17.68,25.32,4.58,0.2174,8,33.2,0.0005,21.44,2,1,0.6982619675110713,41.22,0.04455211007420112
S13,89.08,7.94,18.9,21.87,4.35,0.453,3,33.22,0.0985,15.2,2,1,0.8641971357123293,17.4,0.08913335326298234
S13,81.18,6.36,27.58,14.52,6.74,0.3812,5,32.88,0.089,25.08,2,1,1.8994477276530801,40.44,0.07834441015713105
S13,89.4,6.36,23.0,24.41,6.75,0.2526,5,33.27,0.148,23.39,2,1,0.9422364021972953,40.5,0.07114093163971681
S13,92.26,3.92,27.19,31.64,3.9,0.3041,5,33.17,0.0542,18.52,2,1,0.8593549749194138,23.4,0.042488614514565946
S13,85.71,8.05,18.7,37.23,4.03,0.2974,11,33.67,0.1326,23.4,2,1,0.5022829701093284,48.36,0.09392135177676447
S13,77.5,7.63,16.56,18.85,5.05,0.346,3,32.48,0.1061,23.8,2,1,0.8785141228041787,20.2,0.09845160019979352
S13,90.24,2.16,30.26,24.09,4.64,0.3472,12,32.65,0.1309,24.82,2,1,1.2561223511322743,60.31999999999999,0.02393616756026512
S13,90.68,3.27,29.85,26.96,4.86,0.0286,5,33.29,0.1748,17.96,2,1,1.10719543501653,29.160000000000004,0.036060869424253475
S13,80.21,11.47,30.84,28.33,6.62,0.2257,7,33.01,0.1226,20.97,2,1,1.0885982744093632,52.96,0.14299960815364568
S13,100.52,8.33,31.6,15.2,4.34,0.355,4,33.04,0.1428,26.73,2,1,2.078946000693421,21.7,0.08286907253590603
S13,96.08,4.96,10.5,30.42,6.31,0.2314,8,32.55,0.0844,21.21,2,1,0.3451675393926563,56.79,0.05162364158788076
S13,83.61,5.65,10.39,27.12,6.41,0.1209,5,33.44,0.1121,25.61,2,1,0.3831119531298108,38.46,0.067575640763588
S13,93.17,5.41,13.69,41.55,4.43,0.4959,1,33.57,0.0744,23.53,2,1,0.32948247184537377,8.86,0.05806589480885534
S13,81.44,6.58,22.09,23.78,3.16,0.1971,2,32.88,0.1073,25.36,2,1,0.92893148489004,9.48,0.08079566787872447
S13,96.77,4.31,32.91,35.26,6.55,0.3636,8,32.6,0.1094,18.51,2,1,0.9333519757935405,58.949999999999996,0.044538592070001846
S13,91.87,8.47,13.76,29.94,3.46,0.4295,3,33.23,0.0723,24.25,2,1,0.4595856848411206,13.84,0.0921954835968778
S13,78.15,6.36,31.03,29.99,4.15,0.285,10,33.68,0.0023,18.8,2,1,1.034677881067729,45.650000000000006,0.08138194735995555
S13,92.37,5.59,21.75,20.84,5.78,0.4797,6,32.54,0.0657,21.51,2,1,1.0436655260722043,40.46,0.06051747747997428
S13,94.78,10.19,25.79,39.06,3.37,0.239,6,33.37,0.1605,21.88,2,1,0.6602660880015134,23.59,0.1075121220181344
S13,93.09,6.57,21.96,36.5,5.92,0.2445,4,32.4,0.0093,15.13,2,1,0.6016436707825559,29.6,0.07057685352058722
S13,94.76,4.12,27.5,38.74,3.96,0.2931,1,33.04,0.0935,25.08,2,1,0.7098604259523938,7.92,0.04347825628131529
S13,91.4,6.72,25.03,32.68,8.13,0.2441,8,32.81,0.0818,22.16,2,1,0.765911638337932,73.17,0.07352296788588972
S13,75.85,4.49,20.48,28.81,4.09,0.2276,12,32.97,0.113,23.43,2,1,0.7108640364928718,53.17,0.05919577334267986
S13,86.82,5.6,25.54,24.47,6.7,0.1824,7,33.76,0.0645,20.76,2,1,1.0437265861354368,53.6,0.06450125955986413
S13,82.04,5.35,11.75,21.35,5.08,0.3532,5,32.95,0.0719,22.1,2,1,0.5503510302805479,30.48,0.06521208371378794
S13,87.31,6.95,16.18,26.47,3.5,0.2193,7,33.28,0.0609,26.26,2,1,0.6112577970314329,28.0,0.07960141110967689
S13,96.66,4.9,15.02,21.3,4.79,0.2693,6,32.51,0.0932,23.62,2,1,0.705163988185921,33.53,0.050693146007330235
S13,85.97,4.03,15.89,36.62,3.78,0.2709,6,33.33,0.0183,20.86,2,1,0.4339157744631965,26.459999999999997,0.04687681204178062
S13,92.92,5.75,14.12,22.51,4.88,0.2331,5,33.51,0.0634,21.78,2,1,0.6272764872161318,29.28,0.06188118145919269
S13,94.66,7.2,23.29,32.68,6.41,0.3118,8,33.67,0.0253,16.94,2,1,0.7126680805789226,57.69,0.0760616864502761
S13,75.61,6.28,18.52,17.68,5.61,0.2926,6,33.54,0.0644,19.29,2,1,1.0475107197337559,39.27,0.0830577856027264
S13,77.23,6.88,22.33,38.03,4.95,0.3412,7,33.37,0.1132,19.68,2,1,0.5871678708472597,39.6,0.08908454110002056
S13,94.33,5.4,21.82,30.52,4.02,0.2975,11,33.38,0.1041,23.9,2,1,0.7149407880272648,48.239999999999995,0.05724583300690841
S13,72.31,4.2,14.13,17.95,6.48,0.4362,5,32.84,0.1084,18.88,2,1,0.7871861909826235,38.88,0.05808324462961628
S13,87.59,4.82,11.14,22.46,4.22,0.3162,6,33.45,0.0842,22.41,2,1,0.49599265539062537,29.54,0.055029106629854246
S13,82.84,6.82,42.83,33.4,3.0,0.1852,6,33.03,0.142,21.5,2,1,1.282334945408699,21.0,0.08232736814010524
S13,99.02,6.29,21.11,21.22,4.85,0.2911,5,33.24,0.1477,19.7,2,1,0.9948157423111488,29.099999999999998,0.0635225142877687
S13,80.88,6.66,22.32,24.94,3.56,0.3052,7,33.39,0.046,20.37,2,1,0.8949475160595365,28.48,0.08234420346881757
S13,84.12,8.17,20.88,30.7,3.41,0.0185,8,33.58,0.0302,24.11,2,1,0.6801300716188692,30.69,0.09712314584841346
S13,87.52,6.91,18.6,35.74,3.25,0.2242,8,32.95,0.0768,23.42,2,1,0.520425148174273,29.25,0.07895337306291442
S13,99.51,5.87,21.08,24.88,5.06,0.5292,6,33.64,0.0964,23.2,2,1,0.8472665404877249,35.419999999999995,0.058989040399051305
S13,86.32,7.02,32.42,25.72,3.26,0.3044,4,33.23,0.1655,23.37,2,1,1.260497177100631,16.299999999999997,0.08132529178344627
S13,91.46,6.52,15.54,31.2,6.95,0.4,3,32.7,0.0559,20.06,2,1,0.4980767634369348,27.8,0.07128798695735983
S13,88.64,5.0,21.77,32.81,6.63,0.2075,7,33.08,0.0457,21.87,2,1,0.663517018129528,53.04,0.05640793587455597
S13,82.54,6.27,22.01,17.7,2.33,0.2047,8,32.69,0.1783,17.15,2,1,1.2435021223151852,20.97,0.07596316016923185
S13,89.93,10.47,24.31,33.75,6.0,0.191,5,33.13,0.0997,24.21,2,1,0.7202960828752346,36.0,0.11642387229802376
S13,82.53,1.69,20.31,32.64,3.29,0.3086,8,32.86,0.0863,19.64,2,1,0.622242456420816,29.61,0.020477399675584672
S13,89.55,6.66,33.05,25.44,4.08,0.3747,8,33.67,0.1203,14.77,2,1,1.2991347094596266,36.72,0.07437185099141809
S13,73.03,1.83,39.65,48.69,2.33,0.1059,2,34.57,0.0821,17.8,3,0,0.8143354252751231,6.99,0.025058191831002077
S13,69.4,3.14,44.7,43.61,2.17,0.0812,0,34.03,0.0373,19.32,3,0,1.0249940323334024,2.17,0.04524495025288901
S13,66.61,3.91,46.01,43.06,2.43,0.0657,1,33.63,0.0396,17.51,3,0,1.0685088089854133,4.86,0.05869988609820056
S13,82.37,1.99,38.61,57.16,2.73,0.0175,4,34.25,0.0411,18.59,3,0,0.6754722401203219,13.65,0.024159278358713322
S13,87.77,1.18,48.26,35.56,1.57,0.0987,5,34.41,0.0584,21.63,3,0,1.3571424754942418,9.42,0.013444227703745277
S13,75.0,4.37,42.9,37.33,2.02,0.0616,1,33.88,0.0903,14.28,3,0,1.1492094430191686,4.04,0.058266658897778816
S13,76.06,7.17,40.43,62.07,1.76,0.1292,6,34.0,0.064,17.81,3,0,0.6513612612596646,12.32,0.0942676710139796
S13,68.97,2.4,32.3,44.23,2.01,0.1219,0,33.63,0.0591,17.99,3,0,0.7302734048669669,2.01,0.03479773310167709
S13,70.21,5.4,37.7,55.86,2.18,0.0182,5,34.39,0.0352,15.14,3,0,0.6749014187430328,13.080000000000002,0.07691210982593509
S13,82.59,5.23,36.32,43.84,1.98,0.174,1,34.28,0.0564,16.75,3,0,0.8284669643095427,3.96,0.06332485006358517
S13,68.3,1.96,40.52,41.86,1.66,0.0501,1,34.27,0.0615,16.22,3,0,0.9679883019617053,3.32,0.028696921127829997
S13,82.55,4.33,48.53,51.02,2.33,0.0734,6,33.94,0.1117,13.5,3,0,0.951195423129082,16.310000000000002,0.052453052398176575
S13,71.27,2.9,42.93,51.52,2.64,0.0513,3,33.95,0.0608,20.0,3,0,0.8332684718034797,10.56,0.040690326828914436
S13,85.64,4.58,39.02,50.43,2.49,0.1679,4,33.86,0.049,16.77,3,0,0.7737456328087184,12.450000000000001,0.053479676146698255
S13,85.61,2.91,33.42,40.11,1.02,0.0402,1,34.19,0.0748,16.6,3,0,0.833208468409756,2.04,0.033991352179493964
S13,78.78,2.58,36.66,51.3,1.89,0.0979,3,33.84,0.0478,15.12,3,0,0.7146197437388413,7.56,0.0327494246319593
S13,88.52,2.03,37.15,44.72,2.0,0.0918,1,34.46,0.0186,16.58,3,0,0.8307243222888366,4.0,0.022932667992242656
S13,73.71,3.27,38.74,41.78,2.73,0.1124,4,34.29,0.0889,17.8,3,0,0.9272376909435875,13.65,0.044363038344452814
S13,77.48,4.9,43.39,41.88,2.33,0.1,2,34.18,0.1102,14.7,3,0,1.0360551489839662,6.99,0.06324211883813644
S13,81.41,3.58,30.68,45.38,2.38,0.1609,2,33.79,0.0759,18.47,3,0,0.6760686037750983,7.14,0.043974936251696815
S13,74.63,3.94,37.95,46.3,2.43,0.0574,4,34.0,0.068,14.59,3,0,0.8196542506146327,12.15,0.052793775587059416
S13,82.65,0.01,23.25,42.63,2.17,0.152,3,34.31,0.0314,15.29,3,0,0.5453904420852821,8.68,0.00012099212087209668
S13,72.3,2.73,25.66,52.15,1.98,0.1211,2,33.92,0.0624,17.42,3,0,0.49204209165060564,5.9399999999999995,0.037759330876994346
S13,72.52,6.0,52.41,47.61,1.76,0.0772,1,34.58,0.0768,19.11,3,0,1.1008189244236661,3.52,0.08273578561282603
S13,72.49,1.87,48.44,44.75,1.63,0.0879,1,34.39,0.0479,15.94,3,0,1.0824578586686349,3.26,0.025796658049847147
S13,74.31,6.23,40.64,45.48,2.31,0.099,2,34.65,0.035,17.44,3,0,0.8935793989491208,6.93,0.08383796476410109
S13,74.49,3.68,37.83,59.5,2.19,0.1468,2,34.31,0.0448,15.52,3,0,0.6357982124708886,6.57,0.04940259774431498
S13,72.45,3.59,30.14,49.24,2.01,0.0974,1,34.13,0.0668,13.52,3,0,0.6121038561933679,4.02,0.04955140792941229
S13,71.19,5.1,45.88,49.16,1.28,0.1221,4,33.69,0.0227,14.73,3,0,0.9332788988448132,6.4,0.07163926511599028
S13,74.25,5.66,23.31,59.91,1.62,0.1009,1,34.25,0.0445,17.95,3,0,0.38908356049348014,3.24,0.07622894596243152
S13,69.41,6.95,24.39,42.33,2.45,0.0522,4,33.71,0.0486,18.09,3,0,0.5761869652286876,12.25,0.10012964988767471
S13,84.16,4.92,39.25,41.01,1.39,0.2359,2,34.23,0.061,20.09,3,0,0.9570834047589845,4.17,0.05846006909932639
S13,82.22,2.05,37.86,48.49,2.69,0.0755,1,34.03,0.0826,17.36,3,0,0.7807793811550048,5.38,0.024933103267683863
S13,74.18,5.31,29.03,43.17,2.13,0.1324,1,33.58,0.0206,18.98,3,0,0.6724575695025319,4.26,0.07158262717947866
S13,70.29,6.19,48.71,62.84,2.27,0.1486,3,33.75,0.0469,16.14,3,0,0.7751430975265599,9.08,0.08806372342243228
S13,79.83,2.99,53.19,47.22,2.5,0.0891,5,34.12,0.0583,21.75,3,0,1.1264292404851248,15.0,0.037454586314094165
S13,74.89,6.07,37.93,35.37,2.08,0.1125,5,34.11,0.0842,17.09,3,0,1.0723774180442698,12.48,0.0810521990850315
S13,67.9,3.37,38.73,32.62,1.54,0.0251,2,33.92,0.0708,18.18,3,0,1.1873080357731343,4.62,0.04963180417793753
S13,76.75,4.0,33.62,54.5,2.5,0.1624,5,34.23,0.0633,15.2,3,0,0.6168806207558494,15.0,0.052117257053126115
S13,89.33,1.97,43.42,39.45,2.12,0.1254,3,34.1,0.0718,19.51,3,0,1.1006334345669366,8.48,0.022053059212687874
S14,71.65,2.52,45.71,60.74,0.68,0.0375,0,34.07,0.0597,16.36,1,0,0.7525517364913176,0.68,0.03517096508430354
S14,70.98,3.6,54.8,69.66,1.12,0.0313,2,33.61,0.036,14.66,1,0,0.7866780380881369,3.3600000000000003,0.05071850511150956
S14,70.99,3.77,35.33,63.25,0.36,0.0527,0,33.73,0.0684,19.11,1,0,0.5585769867862471,0.36,0.05310606379686381
S14,80.06,3.03,36.19,59.53,1.08,0.0641,0,34.09,0.0448,17.93,1,0,0.6079286732859611,1.08,0.037846610311440126
S14,67.5,3.86,50.07,40.84,0.8,0.045,0,33.86,0.1034,18.0,1,0,1.2260036175309457,0.8,0.05718517671330715
S14,69.24,3.93,63.3,71.28,0.71,0.044,2,34.28,0.0728,17.21,1,0,0.8880470134614178,2.13,0.056759090589386114
S14,78.96,3.01,36.1,44.98,0.94,0.087,1,33.62,0.0302,18.11,1,0,0.8025787455360726,1.88,0.03812056254805439
S14,69.15,2.81,39.12,48.83,0.97,0.0675,2,33.37,0.0243,18.69,1,0,0.8011466718929608,2.91,0.04063629202656659
S14,74.91,2.54,45.68,41.35,1.15,0.0196,2,33.92,0.0711,14.7,1,0,1.1047155732247707,3.4499999999999997,0.03390735096684675
S14,67.29,2.5,42.94,54.39,1.13,0.0547,3,33.7,0.0525,19.97,1,0,0.7894832157596587,4.52,0.03715261745391329
S14,73.07,3.1,48.31,56.23,1.09,0.0882,4,33.97,0.0658,14.98,1,0,0.859149767179483,5.45,0.0424250660428266
S14,73.82,1.54,24.8,49.24,0.93,0.0359,4,34.03,0.0345,19.28,1,0,0.5036554622958037,4.65,0.020861552308107247
S14,72.0,3.31,39.39,60.72,1.38,0.0576,2,33.68,0.0404,18.12,1,0,0.6487153081825908,4.14,0.04597221583719224
S14,75.33,1.82,43.71,72.14,1.06,0.0649,3,33.78,0.0357,13.87,1,0,0.6059051003735653,4.24,0.024160357870654736
S14,69.23,2.02,24.66,55.16,0.86,0.026,4,33.75,0.0674,16.07,1,0,0.4470630081466628,4.3,0.029178097764249924
S14,71.27,2.98,50.69,60.43,0.43,0.0242,2,33.81,0.0232,15.68,1,0,0.8388216384541388,1.29,0.04181281860350518
S14,70.22,2.67,48.92,64.37,0.59,0.0428,2,33.58,0.0569,16.19,1,0,0.7599812397108529,1.77,0.0380233497545785
S14,72.56,1.88,48.84,30.0,1.25,0.0156,0,33.65,0.053,17.44,1,0,1.6279994573335144,1.25,0.02590958849096079
S14,72.32,2.52,43.36,49.32,0.39,0.0349,1,33.87,0.0767,16.93,1,0,0.8791563505360197,0.78,0.0348451279251759
S14,68.17,1.34,60.07,63.72,1.06,0.0837,4,33.95,0.0579,15.14,1,0,0.9427179939237298,5.300000000000001,0.01965673761819897
S14,67.17,2.56,54.49,50.43,0.45,0.019,3,33.85,0.0771,15.12,1,0,1.0805074200857783,1.8,0.038112246819674435
S14,63.85,4.08,39.47,59.93,1.13,0.035,1,34.03,0.0435,17.31,1,0,0.6586015920905068,2.26,0.06389975506660062
S14,71.97,5.28,43.72,41.63,1.03,0.0338,1,34.33,0.0764,16.03,1,0,1.0502039274071755,2.06,0.07336389143200063
S14,64.68,3.06,45.88,67.47,0.42,0.0121,1,34.02,0.0344,13.49,1,0,0.6800058277744438,0.84,0.04730982570967444
S14,75.92,4.59,49.02,43.3,1.07,0.0727,2,33.65,0.053,16.81,1,0,1.1321013551728973,3.21,0.060458369275768004
S14,70.91,2.9,52.87,58.02,1.2,0.0668,2,34.05,0.0393,15.97,1,0,0.9112373472531285,3.5999999999999996,0.04089690581061827
S14,66.17,2.59,44.36,55.8,0.6,0.0395,0,33.45,0.0169,17.14,1,0,0.7949819363831655,0.6,0.039141599041620206
S14,71.48,4.2,37.13,46.87,0.53,0.0607,0,33.88,0.04,16.39,1,0,0.7921909980390446,0.53,0.05875768623983124
S14,71.23,2.39,40.85,60.89,1.02,0.0582,1,33.87,0.0416,16.97,1,0,0.670881808033863,2.04,0.033553273402600954
S14,76.61,4.73,42.58,65.47,0.84,0.0494,1,33.65,0.0731,17.6,1,0,0.6503741178594595,1.68,0.061741278979078586
S14,73.15,2.66,37.03,69.13,1.19,0.0581,3,33.98,0.0618,15.19,1,0,0.5356573794796211,4.76,0.03636363139253159
S14,72.77,3.89,50.36,31.16,0.43,0.0519,2,33.59,0.0643,12.54,1,0,1.616174064128991,1.29,0.053456087198558856
S14,68.8,4.04,57.2,55.95,1.19,0.0939,2,33.66,0.0711,11.59,1,0,1.0223411935047018,3.57,0.05872092169754045
S14,68.06,4.74,43.93,54.45,1.27,0.0167,0,33.94,0.0668,15.78,1,0,0.8067950768053118,1.27,0.06964442115127517
S14,70.69,4.99,55.22,59.82,0.87,0.0425,1,34.04,0.0409,13.93,1,0,0.92310248694375,1.74,0.07058988957562745
S14,70.55,3.67,52.8,57.66,1.18,0.0408,0,33.87,0.0776,13.16,1,0,0.9157126403550745,1.18,0.052019836708740365
S14,70.63,5.02,57.02,50.32,0.73,0.0615,4,34.34,0.0242,17.19,1,0,1.1331476285477686,3.65,0.07107460412365792
S14,68.84,2.64,46.83,51.81,1.2,0.0255,0,33.29,0.0662,17.02,1,0,0.9038793854701049,1.2,0.03834979105900769
S14,69.47,2.88,46.03,42.71,1.75,0.0589,3,34.26,0.0309,14.74,1,0,1.0777332995239288,7.0,0.04145673795066389
S14,71.33,2.34,45.56,60.37,0.5,0.0182,0,33.6,0.0111,18.75,1,0,0.7546793515522029,0.5,0.032805266675274544
S14,72.23,2.55,32.61,52.27,0.8,0.0311,0,34.04,0.0306,14.8,1,0,0.6238759089581195,0.8,0.03530388546256604
S14,74.33,3.57,49.68,45.17,1.04,0.0764,1,33.84,0.0787,15.07,1,0,1.099844786396992,2.08,0.0480290531374878
S14,74.88,2.72,33.81,43.55,1.5,0.0384,0,33.73,0.0469,13.57,1,0,0.7763488458441227,1.5,0.036324781473720424
S14,76.75,2.75,41.89,44.39,0.33,0.0539,1,34.01,0.0474,13.6,1,0,0.9436807966477141,0.66,0.035830614224024206
S14,67.49,3.04,46.5,66.6,1.04,0.0804,1,33.97,0.0734,17.22,1,0,0.6981980933636497,2.08,0.045043703505155804
S14,78.02,3.0,58.01,58.98,0.68,0.0032,1,34.32,0.0541,18.48,1,0,0.9835535802723668,1.36,0.038451674128214035
S14,63.84,1.76,42.16,59.47,0.59,0.0355,1,33.66,0.0797,18.54,1,0,0.7089287524922224,1.18,0.027568917987324873
S14,65.7,3.93,36.87,47.72,0.76,0.0586,1,33.75,0.0411,17.32,1,0,0.7726318582079089,1.52,0.05981734249355517
S14,74.13,1.71,24.23,73.37,1.1,0.0135,2,33.65,0.0594,14.88,1,0,0.3302439239138716,3.3000000000000003,0.023067580862325528
S14,70.63,2.42,39.43,52.36,1.05,0.0715,2,33.62,0.0738,16.21,1,0,0.7530556239389564,3.1500000000000004,0.03426305617116577
S14,68.05,1.92,38.95,62.83,1.46,0.0314,2,33.68,0.0534,14.58,1,0,0.61992668789962,4.38,0.028214543980228657
S14,66.82,3.46,50.91,54.91,1.21,0.0617,3,33.84,0.0518,15.72,1,0,0.9271533550986423,4.84,0.05178089617167073
S14,62.72,2.54,42.98,44.43,0.9,0.0462,1,34.13,0.0567,16.34,1,0,0.9673641757001629,1.8,0.04049744252272919
S14,77.16,4.66,46.01,67.78,0.87,0.0541,0,33.65,0.0317,13.41,1,0,0.6788137092337401,0.87,0.06039397869440401
S14,69.64,3.12,46.72,67.18,0.5,0.0601,1,33.55,0.0557,16.48,1,0,0.6954449694187302,1.0,0.04480183159077662
S14,68.5,1.75,41.43,46.25,1.38,0.0361,1,33.8,0.053,16.41,1,0,0.8957835901008453,2.76,0.025547441525920943
S14,65.34,3.63,55.23,37.06,0.49,0.0378,1,33.91,0.0735,15.89,1,0,1.4902856205381485,0.98,0.0555555470530231
S14,74.61,3.76,40.98,55.2,0.72,0.0938,1,33.84,0.029,12.99,1,0,0.742391169856672,1.44,0.05039538260348712
S14,64.09,3.81,49.32,46.09,0.45,0.0583,2,33.8,0.0506,13.72,1,0,1.0700800455456614,1.35,0.05944764246409073
S14,71.52,3.19,39.19,54.29,1.22,0.0536,2,34.07,0.0478,12.97,1,0,0.7218639303989812,3.66,0.04460290204098126
S14,73.42,2.89,40.97,69.31,1.21,0.0549,3,33.77,0.0368,13.64,1,0,0.5911123083087132,4.84,0.039362566145114936
S14,74.85,0.66,58.54,71.59,0.58,0.0203,1,33.85,0.0744,16.95,1,0,0.8177118567241434,1.16,0.008817634092500456
S14,71.12,2.47,57.97,45.74,0.62,0.0828,0,33.65,0.0855,19.42,1,0,1.2673805711892059,0.62,0.03473002886248188
S14,69.54,4.03,49.95,48.84,1.13,0.0508,2,33.81,0.0715,15.39,1,0,1.0227270633236971,3.3899999999999997,0.05795224935975706
S14,77.25,3.45,51.28,37.8,0.97,0.043,2,33.38,0.042,16.57,1,0,1.3566133977213233,2.91,0.04466018839350312
S14,71.65,3.8,30.9,67.24,1.18,0.0555,1,33.71,0.0691,19.44,1,0,0.4595478198173974,2.36,0.05303558226998153
S14,72.27,3.92,52.47,57.35,0.93,0.0418,0,33.94,0.019,15.42,1,0,0.9149082973132872,0.93,0.05424103303707859
S14,75.73,3.95,59.6,60.77,1.29,0.0235,2,33.94,0.0197,16.35,1,0,0.9807469177642063,3.87,0.05215897898336472
S14,76.52,1.72,46.54,64.09,0.52,0.0478,0,33.35,0.032,14.38,1,0,0.7261662152962683,0.52,0.022477780648486587
S14,72.89,2.7,35.05,52.22,0.57,0.0536,2,33.78,0.002,16.56,1,0,0.6711986458830628,1.71,0.037042113178472606
S14,76.97,2.06,54.43,58.54,0.95,0.0634,3,33.59,0.0636,14.47,1,0,0.9297914366601577,3.8,0.02676367068160703
S14,77.05,3.74,55.56,57.07,1.2,0.0243,1,34.04,0.0362,14.68,1,0,0.9735410945258288,2.4,0.04853990285010995
S14,66.97,5.08,42.65,59.4,1.18,0.0341,3,33.52,0.0512,17.09,1,0,0.7180133471358001,4.72,0.0758548490585562
S14,70.9,3.27,39.91,53.55,0.6,0.0734,3,34.1,0.0479,20.41,1,0,0.7452846414034282,2.4,0.04612129109713806
S14,70.21,4.28,55.32,50.93,1.13,0.0545,0,33.8,0.0572,16.84,1,0,1.0861965273519483,1.13,0.060959968528704105
S14,78.3,2.11,39.64,58.08,1.3,0.0562,1,33.56,0.0447,14.68,1,0,0.6825067695408454,2.6,0.026947633850876902
S14,67.49,3.64,40.77,64.76,1.6,0.0543,2,33.74,0.0281,13.96,1,0,0.6295551838240914,4.800000000000001,0.05393390814433129
S14,70.33,1.78,57.81,53.09,0.29,0.0244,0,34.05,0.0683,17.3,1,0,1.0889054268401908,0.29,0.02530925276421829
S14,75.34,2.73,33.71,51.7,1.15,0.0699,1,33.88,0.037,14.63,1,0,0.6520308216574813,2.3,0.03623572654158129
S14,78.5,2.98,46.5,49.21,1.16,0.035,3,34.07,0.0723,16.72,1,0,0.9449297002784596,4.64,0.03796177860359508
S14,76.69,3.0,56.78,56.01,1.33,0.0293,1,33.66,0.0382,18.26,1,0,1.0137473640872408,2.66,0.03911852404244047
S14,74.33,2.63,50.04,64.9,1.08,0.041,1,33.72,0.0345,18.03,1,0,0.7710322386699169,2.16,0.03538274782957785
S14,70.99,4.02,58.39,61.08,1.31,0.0363,1,33.52,0.0511,12.79,1,0,0.9559592410020888,2.62,0.05662768606456035
S14,74.15,3.57,49.02,45.93,0.56,0.0535,0,33.6,0.0535,16.68,1,0,1.0672760576363907,0.56,0.04814564421501763
S14,69.65,5.67,43.78,51.35,1.0,0.0725,0,33.68,0.0037,13.88,1,0,0.8525801650282054,1.0,0.08140702348786452
S14,77.65,2.34,36.36,53.76,0.62,0.0296,2,33.84,0.0412,15.05,1,0,0.6763391599071503,1.8599999999999999,0.030135218269772272
S14,74.33,1.69,51.23,75.35,1.64,0.044,2,33.66,0.0526,15.66,1,0,0.6798937385675198,4.92,0.022736442521667895
S14,80.67,3.62,41.08,49.63,0.42,0.0762,1,33.96,0.0336,16.4,1,0,0.8277249994509369,0.84,0.04487417319025992
S14,74.32,3.34,55.11,58.07,0.89,0.0458,0,33.54,0.0372,17.12,1,0,0.949026872907375,0.89,0.044940790508505045
S14,67.4,2.77,64.36,50.22,0.77,0.0552,4,34.41,0.0532,16.91,1,0,1.2815608758341546,3.85,0.04109791675105092
S14,75.09,3.12,40.28,71.64,1.24,0.0545,1,33.86,0.0147,17.2,1,0,0.562255644576264,2.48,0.0415501342988235
S14,72.17,4.17,56.96,42.7,0.56,0.018,1,33.02,0.0466,18.67,1,0,1.3339575330310225,1.12,0.05778023309127988
S14,67.25,2.92,56.26,46.9,1.16,0.0528,3,33.62,0.0823,15.25,1,0,1.1995733049950308,4.64,0.043420067892926704
S14,74.6,3.57,33.11,43.57,1.15,0.0264,0,33.55,0.0628,16.66,1,0,0.7599263805539636,1.15,0.04785522146712849
S14,75.93,3.14,51.33,65.82,0.97,0.0565,1,34.28,0.1142,14.15,1,0,0.7798540291926422,1.94,0.04135387312605385
S14,67.85,3.54,28.85,47.9,0.99,0.0402,4,34.07,0.0404,16.18,1,0,0.602296325199097,4.95,0.05217390535388278
S14,69.13,3.56,41.3,61.21,1.3,0.0553,3,34.19,0.0295,17.84,1,0,0.6747262416719094,5.2,0.05149717177821904
S14,76.5,1.06,53.07,54.16,0.99,0.0761,1,33.75,0.0102,14.42,1,0,0.9798742651635404,1.98,0.013856207339057864
S14,67.24,3.43,48.14,52.81,0.8,0.0579,1,34.16,0.0476,17.49,1,0,0.9115696058379841,1.6,0.05101129520950399
S14,73.08,3.47,59.07,48.42,1.58,0.0279,1,33.6,0.0286,14.38,1,0,1.21995018175337,3.16,0.04748220477802343
S14,102.61,4.7,18.07,26.68,5.79,0.3882,6,33.13,0.0739,21.4,2,1,0.6772861029662283,40.53,0.04580449802119696
S14,87.25,6.89,28.56,30.57,4.47,0.149,7,32.65,0.1009,19.25,2,1,0.9342489583745638,35.76,0.07896847232453039
S14,81.75,6.66,26.89,42.75,3.89,0.1767,7,33.52,0.135,19.38,2,1,0.6290057008173799,31.12,0.08146787994276698
S14,84.93,7.44,17.68,34.41,4.47,0.2799,2,33.02,0.089,21.81,2,1,0.5138039773891376,13.41,0.08760154390656494
S14,91.9,9.33,27.84,25.28,5.74,0.1826,6,33.49,0.0874,19.68,2,1,1.1012653871576792,40.18,0.10152338394740108
S14,105.39,5.96,31.56,18.32,5.83,0.3286,8,32.54,0.0693,20.96,2,1,1.722706483238819,52.47,0.05655184964874754
S14,78.71,7.55,20.29,10.0,4.42,0.3204,7,33.08,0.1322,20.5,2,1,2.028997971002029,35.36,0.09592172583893713
S14,94.38,9.24,16.16,24.45,7.75,0.3757,5,32.45,0.0,24.98,2,1,0.6609404249732413,46.5,0.09790208752891635
S14,92.26,5.94,17.65,32.63,6.31,0.4539,3,33.0,0.0266,20.19,2,1,0.5409131042252208,25.24,0.06438325770829637
S14,70.28,7.52,25.25,29.41,3.47,0.2737,8,32.88,0.0299,16.35,2,1,0.8585512211658548,31.23,0.10700055392706972
S14,99.0,2.35,10.89,22.03,6.33,0.2271,8,33.12,0.1091,16.66,2,1,0.49432569481357475,56.97,0.02373737133965946
S14,79.04,7.37,23.72,45.09,4.12,0.2597,2,32.89,0.107,15.71,2,1,0.5260588764562261,12.36,0.093243915328452
S14,90.61,5.99,17.48,31.87,5.89,0.3136,2,32.62,0.1622,24.44,2,1,0.5484780205591401,17.669999999999998,0.06610748635829529
S14,85.62,10.59,17.74,28.51,4.65,0.2504,6,33.07,0.1079,24.85,2,1,0.6222375930418824,32.550000000000004,0.12368604021419757
S14,93.75,6.46,31.74,31.91,5.32,0.4485,4,32.88,0.083,25.4,2,1,0.9946722047407693,26.6,0.068906659316623
S14,90.3,6.19,21.45,20.06,7.67,0.3152,3,33.5,0.0109,17.76,2,1,1.0692915905824574,30.68,0.06854927258590558
S14,90.15,4.06,12.83,28.7,4.03,0.4146,7,33.84,0.1138,21.78,2,1,0.44703817176370325,32.24,0.045036046030388674
S14,85.17,9.64,28.44,24.33,7.29,0.2118,7,33.5,0.0919,23.21,2,1,1.1689267698615826,58.32,0.11318538062869782
S14,89.32,3.41,14.25,25.32,4.03,0.3036,7,32.9,0.1239,18.83,2,1,0.5627959862575094,32.24,0.038177335627257544
S14,86.82,4.36,22.98,32.06,2.87,0.4114,8,33.44,0.0644,21.8,2,1,0.716780811983527,25.830000000000002,0.05021883780017994
S14,89.4,7.64,22.71,32.45,4.52,0.1041,4,32.8,0.0824,24.72,2,1,0.6998457011261321,22.599999999999998,0.08545860341626359
S14,89.54,6.09,20.95,32.03,3.76,0.4173,4,32.99,0.1158,12.48,2,1,0.654074101132032,18.799999999999997,0.06801428769105565
S14,82.22,2.18,17.34,26.45,5.25,0.2381,7,33.54,0.0265,20.51,2,1,0.6555763116913755,42.0,0.026514226889536988
S14,87.86,8.29,16.73,24.89,6.28,0.209,6,32.82,0.1253,19.54,2,1,0.6721572229179498,43.96,0.09435464439396261
S14,99.09,11.27,22.65,32.76,4.33,0.2937,8,33.16,0.0384,21.41,2,1,0.6913917303444046,38.97,0.11373497691644192
S14,90.09,4.84,9.54,27.33,1.31,0.3761,4,33.59,0.0156,22.62,2,1,0.3490668316623375,6.550000000000001,0.053724047760678455
S14,90.54,4.1,15.5,34.41,2.64,0.3967,7,32.8,0.0662,26.49,2,1,0.45045031954364445,21.12,0.04528384743938066
S14,89.97,6.19,18.59,10.09,4.66,0.3583,6,33.34,0.0739,15.2,2,1,1.8424164098945393,32.620000000000005,0.06880070370115553
S14,88.64,6.03,20.26,35.14,1.94,0.4557,1,33.05,0.093,21.54,2,1,0.576550775028237,3.88,0.0680279706647145
S14,85.79,4.34,31.98,30.0,4.14,0.3732,8,32.91,0.0576,25.73,2,1,1.0659996446667852,37.26,0.050588640798619786
S14,87.7,8.96,25.92,18.29,6.37,0.0993,3,33.41,0.0835,20.17,2,1,1.4171670764532116,25.48,0.10216646497531756
S14,77.74,6.86,21.22,29.67,4.75,0.1597,4,32.79,0.1019,24.24,2,1,0.7152002982135833,23.75,0.08824284946708909
S14,90.72,3.15,29.89,22.2,3.69,0.3592,3,33.49,0.0299,24.04,2,1,1.3463957899118064,14.76,0.03472221839481719
S14,77.69,7.65,27.84,24.27,5.16,0.2207,3,33.05,0.104,24.12,2,1,1.1470947065946822,20.64,0.09846825866028336
S14,90.82,5.11,31.92,35.68,2.87,0.2078,6,32.46,0.0724,19.16,2,1,0.8946185833468095,20.09,0.05626513364180427
S14,94.95,5.52,25.46,26.06,6.78,0.1674,6,32.32,0.0514,19.74,2,1,0.9769758338542465,47.46,0.05813585485667668
S14,94.06,5.99,22.42,15.5,2.77,0.5168,5,33.57,0.0637,25.42,2,1,1.4464506797092391,16.62,0.06368274891741985
S14,87.02,7.52,6.0,30.08,3.9,0.2332,8,32.75,0.1178,22.94,2,1,0.19946801879387674,35.1,0.0864169057208796
S14,100.16,8.88,14.12,39.35,5.91,0.0197,3,33.04,0.157,25.08,2,1,0.35883091262238553,23.64,0.08865813811320507
S14,77.74,7.9,22.51,18.55,3.36,0.3776,5,33.42,0.0887,21.53,2,1,1.2134764347835931,20.16,0.10162077416763904
S14,91.14,5.1,18.88,32.9,3.85,0.3425,7,33.0,0.0162,26.1,2,1,0.5738600079452862,30.8,0.05595786087800517
S14,83.12,6.08,28.14,42.53,5.22,0.211,5,32.96,0.0809,20.02,2,1,0.6616504440041279,31.32,0.07314724817766503
S14,72.81,8.89,29.04,19.99,4.71,0.1393,6,32.6,0.1242,25.84,2,1,1.4527256364554095,32.97,0.12209859605842659
S14,91.59,9.06,16.64,36.6,6.21,0.3904,6,33.63,0.0741,18.84,2,1,0.4546446845233102,43.47,0.09891908517097006
S14,84.22,7.15,25.73,27.51,3.15,0.4035,9,32.8,0.083,20.33,2,1,0.9352959159229677,31.5,0.08489668904100106
S14,87.3,7.12,24.91,25.09,3.78,0.2958,6,32.83,0.0264,17.35,2,1,0.992825431317086,26.459999999999997,0.08155783716405073
S14,87.51,4.43,12.95,20.71,5.69,0.3737,7,32.98,0.0499,25.24,2,1,0.6253014846443821,45.52,0.05062278018251854
S14,81.84,5.96,24.61,29.54,7.25,0.2258,9,33.4,0.1056,24.16,2,1,0.8331073686163275,72.5,0.07282501553946535
S14,82.11,6.08,18.13,13.8,4.7,0.0511,4,33.07,0.1196,23.48,2,1,1.3137671639368376,23.5,0.07404700109036645
S14,94.54,5.62,20.8,32.98,4.54,0.5502,9,33.06,0.0613,19.5,2,1,0.630685072563653,45.4,0.059445730966180346
S14,87.97,8.67,14.17,24.48,3.77,0.199,5,33.14,0.1561,20.2,2,1,0.5788396328269474,22.62,0.09855631481683359
S14,92.48,7.74,29.54,40.96,5.46,0.3337,15,33.4,0.1534,18.89,2,1,0.7211912301779222,87.36,0.0836937625763665
S14,91.81,8.45,22.53,28.26,5.47,0.1425,3,33.25,0.1324,21.59,2,1,0.7972396329654519,21.88,0.09203789434289353
S14,111.14,4.98,21.77,27.53,2.63,0.167,4,33.55,0.0954,26.5,2,1,0.790773414176021,13.149999999999999,0.044808345797341574
S14,83.45,5.19,22.18,30.76,4.54,0.124,9,32.91,0.1473,25.64,2,1,0.721066085479166,45.4,0.06219292244542571
S14,79.86,10.85,15.4,25.69,4.12,0.3833,3,33.38,0.0176,26.06,2,1,0.5994548075302423,16.48,0.13586274281708705
S14,86.72,4.58,16.59,24.34,6.7,0.4314,9,33.26,0.0323,26.16,2,1,0.681593803782332,67.0,0.05281364704639679
S14,87.83,8.38,27.99,30.09,4.9,0.279,8,33.93,0.0539,22.04,2,1,0.9302090627420861,44.1,0.09541157970948655
S14,82.85,5.45,29.71,22.41,3.59,0.2974,13,33.11,0.0656,23.41,2,1,1.3257468425940016,50.26,0.06578152495093242
S14,79.93,9.32,12.9,32.57,5.18,0.265,5,33.75,0.1209,27.92,2,1,0.3960698814645743,31.08,0.1166020121854107
S14,73.43,8.0,21.0,32.88,4.14,0.245,8,33.67,0.0312,20.81,2,1,0.6386859371393134,37.26,0.10894728190830968
S14,88.92,5.42,23.89,43.13,3.19,0.1159,6,32.93,0.0613,20.51,2,1,0.553906664988021,22.33,0.06095365936193664
S14,86.43,6.15,19.14,26.63,4.34,0.0951,6,32.55,0.0889,20.07,2,1,0.7187379952166748,30.38,0.07115584043088737
S14,91.95,11.34,26.61,32.53,4.85,0.2488,2,33.25,0.0495,18.52,2,1,0.8180138893286536,14.549999999999999,0.1233278821829383
S14,81.54,9.6,26.12,18.41,5.39,0.2986,5,33.56,0.09,24.69,2,1,1.418793362958521,32.339999999999996,0.11773361322864688
S14,95.27,5.61,27.51,21.67,4.16,0.4086,7,33.24,0.0463,25.02,2,1,1.2694964146301733,33.28,0.05888526725251735
S14,96.58,7.5,21.4,15.54,4.15,0.2047,1,32.85,0.035,20.87,2,1,1.37709049093276,8.3,0.07765582132368799
S14,98.01,7.95,20.76,24.19,6.06,0.2435,5,32.48,0.085,23.27,2,1,0.8582055154173148,36.36,0.08111416374715194
S14,105.4,5.46,26.02,33.01,5.76,0.2351,7,32.91,0.061,16.1,2,1,0.7882457472748418,46.08,0.05180265163162698
S14,99.7,4.99,17.03,43.73,5.71,0.2373,5,32.93,0.0419,24.02,2,1,0.38943508130915133,34.26,0.050050145431279294
S14,89.39,8.61,23.74,28.46,4.47,0.3404,6,33.47,0.0991,23.87,2,1,0.8341529043735402,31.29,0.09631948805017472
S14,98.84,4.6,31.38,27.73,2.84,0.3115,6,33.7,0.0566,20.37,2,1,1.131625989316268,19.88,0.04653985769527946
S14,98.95,4.07,15.32,17.73,4.1,0.3168,11,33.16,0.1778,21.67,2,1,0.8640717066713443,49.199999999999996,0.0411318806334633
S14,94.87,5.96,26.3,19.35,5.41,0.191,2,33.43,0.1241,19.31,2,1,1.3591724242002976,16.23,0.06282280353928496
S14,77.21,4.34,25.23,31.24,5.34,0.0491,5,33.52,0.0866,26.23,2,1,0.8076181793795841,32.04,0.0562103281685885
S14,90.58,7.12,24.18,36.03,4.19,0.1904,7,33.65,0.1357,24.56,2,1,0.6711072242278033,33.52,0.07860453978753149
S14,90.63,3.88,24.85,20.3,5.68,0.0615,4,33.53,0.054,26.98,2,1,1.2241373280111685,28.4,0.04281142636969807
S14,88.21,4.77,20.65,30.46,4.14,0.3232,6,32.78,0.1273,20.26,2,1,0.6779380571444329,28.979999999999997,0.05407549551349104
S14,91.86,5.5,29.27,28.06,3.51,0.471,6,32.91,0.1241,21.45,2,1,1.0431215099353137,24.57,0.05987371436166837
S14,93.71,11.53,13.5,29.64,3.51,0.3354,7,32.75,0.1007,23.37,2,1,0.4554654333787337,28.08,0.12303915024659585
S14,73.64,5.0,43.29,44.66,0.99,0.0774,0,34.01,0.0826,19.23,3,0,0.9693235626234745,0.99,0.06789787236585111
S14,82.54,8.06,36.02,48.57,2.1,0.0641,4,34.47,0.0497,14.34,3,0,0.741609894665453,10.5,0.0976496125939408
S14,81.54,1.51,29.46,54.7,2.59,0.0854,0,33.78,0.0919,18.09,3,0,0.5385739417597912,2.59,0.01851851624742258
S14,79.1,1.08,30.82,25.17,1.49,0.0467,1,33.0,0.1163,20.04,3,0,1.224473093177158,2.98,0.013653601308015007
S14,72.46,4.79,46.47,31.48,1.08,0.082,3,34.02,0.0572,16.77,3,0,1.4761748805035322,4.32,0.06610542835972559
S14,74.74,6.62,50.63,49.22,2.87,0.204,1,34.23,0.0785,17.96,3,0,1.0286466825179434,5.74,0.08857371038617737
S14,77.76,6.15,31.06,51.26,1.83,0.035,1,34.29,0.0644,16.88,3,0,0.6059304319292953,3.66,0.07908949600186523
S14,86.7,6.45,44.08,51.09,2.5,0.1173,3,33.66,0.064,15.91,3,0,0.8627909839908036,10.0,0.07439445508714473
S14,78.58,5.5,40.27,58.82,2.32,0.1228,2,33.67,0.0692,17.09,3,0,0.6846309614704248,6.959999999999999,0.06999235556218432
S14,75.64,4.05,38.95,55.76,1.46,0.0611,1,33.98,0.049,20.16,3,0,0.6985292864904437,2.92,0.05354309181080224
S14,74.26,5.04,47.56,40.03,1.72,0.0631,4,33.95,0.0916,21.56,3,0,1.1881086215067145,8.6,0.06786963804610313
S14,74.72,0.39,43.81,57.08,1.56,0.1195,1,34.51,0.0638,16.01,3,0,0.7675191367345591,3.12,0.005219485382831185
S14,80.71,4.6,37.55,54.73,2.39,0.041,3,34.18,0.0916,14.47,3,0,0.6860952519467838,9.56,0.05699416962034821
S14,75.04,3.96,48.41,63.69,1.09,0.0882,5,33.93,0.0401,16.81,3,0,0.7600878065492531,6.540000000000001,0.05277184797816524
S14,68.73,1.71,42.97,42.5,1.66,0.1133,4,34.14,0.0538,20.93,3,0,1.0110585856332739,8.299999999999999,0.024879961460794197
S14,77.61,3.35,49.06,37.76,1.86,0.0477,2,34.04,0.0441,15.47,3,0,1.29925813049308,5.58,0.04316453509025447
S14,78.48,4.44,41.03,35.63,2.0,0.0165,4,34.27,0.0662,17.17,3,0,1.1515573529168248,10.0,0.05657491633856825
S14,75.19,2.7,40.39,55.55,1.22,0.1252,4,33.93,0.066,19.84,3,0,0.727092578381174,6.1,0.035909025680406215
S14,70.46,3.4,30.76,38.71,2.72,0.1411,2,33.33,0.0165,20.85,3,0,0.7946265061672678,8.16,0.04825432184866281
S14,91.87,3.87,28.17,46.8,2.97,0.024,2,33.72,0.0991,19.77,3,0,0.6019229483070624,8.91,0.042124736897274744
S14,70.82,3.62,26.77,39.09,1.49,0.0379,7,34.69,0.0469,16.74,3,0,0.6848297045715771,11.92,0.051115496877224394
S14,72.06,3.85,43.29,43.36,1.67,0.1663,1,34.28,0.07,14.5,3,0,0.998385378601158,3.34,0.05342769172527175
S14,81.22,2.72,33.5,46.87,2.7,0.144,4,34.18,0.0487,16.81,3,0,0.7147427534152435,13.5,0.033489284229342005
S14,73.98,3.16,39.33,36.74,2.32,0.0872,4,33.63,0.0012,21.9,3,0,1.070495081520119,11.6,0.042714241320053886
S14,72.43,6.02,45.66,54.23,1.85,0.1032,3,34.16,0.0518,16.41,3,0,0.8419692343777918,7.4,0.08311471998968381
S14,77.9,4.36,40.97,40.46,2.21,0.1354,7,34.56,0.0971,17.54,3,0,1.0126047917437488,17.68,0.05596918408611244
S14,77.06,2.52,28.06,34.25,3.07,0.1426,2,33.89,0.0712,21.23,3,0,0.8192698337898294,9.209999999999999,0.0327017865686755
S14,85.37,3.99,39.83,34.51,1.2,0.115,2,34.01,0.0747,20.35,3,0,1.1541578805685653,3.5999999999999996,0.0467377244069668
S14,67.65,3.59,47.68,57.2,1.78,0.1019,1,34.59,0.0551,21.24,3,0,0.8335662878380615,3.56,0.05306725010092385
S14,78.57,4.97,36.7,58.24,2.77,0.1802,1,34.11,0.0925,20.21,3,0,0.6301509907020963,5.54,0.06325568750723082
S14,81.21,1.08,36.73,44.34,0.83,0.1591,3,34.28,0.0483,16.49,3,0,0.8283714866099487,3.32,0.013298853183246747
S14,78.36,3.09,36.13,46.87,2.09,0.1752,3,33.82,0.0021,14.37,3,0,0.7708553934594852,8.36,0.03943337934745031
S14,74.18,5.54,19.26,35.98,2.21,0.1022,0,33.79,0.0351,13.8,3,0,0.5352972386611344,2.21,0.0746831929518478
S14,77.2,2.45,33.01,44.44,0.92,0.1193,3,34.47,0.0633,22.78,3,0,0.7427991127814777,3.68,0.031735747184488704
S14,70.97,1.96,34.98,44.36,1.73,0.058,1,33.79,0.0688,16.76,3,0,0.7885480638980918,3.46,0.0276172991944062
S14,74.73,2.89,42.45,47.14,2.71,0.0792,5,33.89,0.1218,18.7,3,0,0.900508930736332,16.259999999999998,0.03867254935467023
S14,75.91,3.09,50.88,37.73,2.34,0.0853,5,33.99,0.0953,21.56,3,0,1.3485286645829142,14.04,0.04070609396573653
S14,73.26,3.13,52.16,46.65,1.66,0.1234,3,33.58,0.0405,19.38,3,0,1.118113372322964,6.64,0.0427245368926376
S14,77.7,6.39,39.35,51.33,2.66,0.0767,1,34.01,0.0589,17.38,3,0,0.7666080719641395,5.32,0.08223937165516451
S14,73.38,3.84,39.08,42.51,2.67,0.1218,2,34.11,0.0542,18.57,3,0,0.919312886541311,8.01,0.05233032810979448
S15,77.34,3.54,50.47,42.99,1.09,0.064,1,33.01,0.0917,12.97,1,0,1.1739936789965852,2.18,0.045771910295848164
S15,81.17,3.61,55.63,68.51,1.93,0.0716,2,33.61,0.0802,15.77,1,0,0.8119981299083155,5.79,0.04447455408715608
S15,77.83,2.49,43.27,45.79,1.34,0.0285,2,33.75,0.0583,16.52,1,0,0.9449659434448693,4.0200000000000005,0.031992800720441895
S15,80.09,3.72,26.07,41.74,1.2,0.0479,0,33.69,0.0411,14.57,1,0,0.6245805882653118,1.2,0.046447740485985704
S15,78.22,5.1,43.31,58.13,0.2,0.057,1,32.95,0.0397,16.76,1,0,0.745054060716659,0.4,0.06520070759387527
S15,74.21,3.18,55.0,57.73,0.46,0.1004,0,33.6,0.0522,15.69,1,0,0.9527107305195339,0.46,0.042851361965858786
S15,78.0,3.52,44.94,38.8,0.35,0.0192,1,33.61,0.0394,14.51,1,0,1.1582471241631123,0.7,0.04512819934253855
S15,82.46,2.31,51.08,54.8,1.06,0.0343,0,33.71,0.0253,18.25,1,0,0.9321166182268944,1.06,0.028013578945721693
S15,71.92,3.03,41.95,52.18,1.07,0.0466,0,33.61,0.0646,12.01,1,0,0.8039477186761751,1.07,0.042130138747199834
S15,73.6,3.42,55.7,50.96,0.97,0.0242,2,33.35,0.0432,17.81,1,0,1.0930139142437374,2.91,0.04646738499084443
S15,76.6,3.86,42.46,70.67,1.35,0.0215,2,33.71,0.0449,13.53,1,0,0.6008206309861849,4.050000000000001,0.050391638330073325
S15,78.33,4.43,36.61,59.05,1.49,0.0555,2,33.43,0.0857,15.25,1,0,0.6199829602061032,4.47,0.05655559089038798
S15,78.91,2.8,41.9,68.62,1.39,0.0409,1,33.51,0.0588,12.49,1,0,0.6106090628666477,2.78,0.03548345767539505
S15,74.42,3.2,53.54,57.6,0.72,0.0411,1,33.55,0.0502,12.74,1,0,0.9295137275149777,1.44,0.04299918798720935
S15,84.69,2.96,48.72,54.76,1.51,0.0504,3,33.13,0.0507,12.44,1,0,0.8897003488494615,6.04,0.034950993629591025
S15,74.84,2.27,66.55,64.63,1.64,0.084,4,32.96,0.0412,18.79,1,0,1.0297074068223104,8.2,0.030331369544178307
S15,79.43,2.14,41.12,41.65,0.86,0.0484,0,33.47,0.0414,14.24,1,0,0.9872746729232477,0.86,0.026941958083600896
S15,76.12,1.88,39.87,56.41,0.72,0.0663,2,33.12,0.0677,16.41,1,0,0.7067894510211928,2.16,0.02469784226250101
S15,74.37,6.09,41.33,58.23,1.02,0.0307,2,33.16,0.0726,10.13,1,0,0.7097714735065304,3.06,0.08188784699639007
S15,74.69,3.04,29.56,59.11,1.05,0.0566,0,33.68,0.077,13.21,1,0,0.5000845034538143,1.05,0.04070156102536337
S15,70.94,4.17,60.83,51.99,0.22,0.0266,3,33.63,0.0484,15.78,1,0,1.17003247354636,0.88,0.05878206106821806
S15,84.02,3.41,46.02,55.2,0.73,0.0165,2,33.46,0.0397,12.28,1,0,0.8336955011421193,2.19,0.04058557003266246
S15,80.39,3.51,58.6,39.94,0.2,0.0167,0,33.67,0.0399,14.06,1,0,1.4672004338506675,0.2,0.04366214160192292
S15,81.55,5.51,46.2,61.69,0.6,0.0531,1,33.41,0.0852,15.11,1,0,0.7489056980214462,1.2,0.06756590219915362
S15,72.64,2.72,40.41,64.76,1.09,0.0622,0,33.59,0.0231,12.12,1,0,0.6239961976534592,1.09,0.0374449287658413
S15,76.68,2.83,53.83,45.23,0.72,0.0631,4,33.35,0.0315,14.11,1,0,1.1901390249526806,3.5999999999999996,0.03690662012172403
S15,81.72,3.14,39.91,61.65,1.13,0.0454,1,33.12,0.0122,18.08,1,0,0.6473640474673077,2.26,0.0384238817396131
S15,66.93,1.66,49.67,48.39,0.36,0.0417,0,33.44,0.026,15.3,1,0,1.0264515341079699,0.36,0.02480202826803701
S15,80.44,4.14,52.36,51.92,1.08,0.0792,3,33.51,0.0518,13.07,1,0,1.0084743820349802,4.32,0.051466925476513485
S15,79.37,4.17,41.21,54.13,0.26,0.0259,1,33.31,0.02,16.21,1,0,0.7613152112848307,0.52,0.05253873597848859
S15,74.34,4.01,29.5,61.15,0.88,0.0238,1,33.94,0.0426,17.36,1,0,0.4824201991136224,1.76,0.053941343295487845
S15,74.81,2.4,59.35,52.39,0.77,0.0526,2,33.36,0.032,14.6,1,0,1.1328495642585295,2.31,0.03208126826877847
S15,75.12,4.54,39.01,46.39,1.15,0.0359,0,33.53,0.0447,16.1,1,0,0.8409138088135785,1.15,0.060436626672440534
S15,73.04,2.81,45.19,65.36,0.63,0.0575,3,33.17,0.0478,14.31,1,0,0.6914013630046874,2.52,0.03847206483131642
S15,70.76,2.95,54.48,58.07,1.31,0.073,0,33.24,0.0498,15.36,1,0,0.9381778994010849,1.31,0.04169021457176165
S15,80.18,3.29,37.24,35.84,0.58,0.0564,1,33.74,0.0558,18.35,1,0,1.0390622100830886,1.16,0.04103267136035527
S15,78.23,4.37,34.59,52.65,0.58,0.0466,1,33.31,0.0396,10.36,1,0,0.6569799321975438,1.16,0.05586091577899581
S15,68.8,2.78,54.92,52.94,0.83,0.0421,5,33.0,0.0597,16.53,1,0,1.0374006351717728,4.9799999999999995,0.04040697087107981
S15,69.11,4.02,49.51,72.11,1.19,0.0385,0,33.51,0.0794,13.7,1,0,0.6865898368340262,1.19,0.058168129334665114
S15,77.05,4.39,61.68,52.2,1.75,0.0325,4,33.1,0.0496,13.89,1,0,1.1816089690404272,8.75,0.05697598222245526
S15,74.57,4.45,44.77,56.13,0.93,0.031,3,33.62,0.0398,15.02,1,0,0.7976125427378331,3.72,0.059675464707594925
S15,74.28,3.3,50.6,65.2,1.12,0.0758,2,33.74,0.0532,16.61,1,0,0.7760735006022238,3.3600000000000003,0.044426488364770006
S15,72.38,2.19,51.83,51.23,1.3,0.0576,2,33.35,0.0698,15.24,1,0,1.0117116900816532,3.9000000000000004,0.030256972885193027
S15,71.24,2.28,53.3,55.5,1.21,0.0935,3,33.34,0.0229,15.51,1,0,0.9603601873224886,4.84,0.032004487366018054
S15,73.96,2.84,70.89,59.19,0.73,0.0713,3,33.68,0.0562,15.04,1,0,1.1976683227456795,2.92,0.0383991294755098
S15,83.14,3.35,43.16,47.1,0.48,0.0482,0,33.59,0.0183,16.4,1,0,0.9163480007753713,0.48,0.04029347602917055
S15,80.62,2.61,48.57,53.4,1.24,0.0235,2,33.46,0.0409,13.97,1,0,0.9095503914699641,3.7199999999999998,0.032374096703783585
S15,78.79,3.56,50.68,56.21,1.0,0.0398,2,33.41,0.0619,14.42,1,0,0.9016187686143446,3.0,0.04518339317383003
S15,80.79,3.58,64.66,41.11,0.47,0.0698,3,32.97,0.0415,16.6,1,0,1.5728529377638194,1.88,0.0443124094179466
S15,83.15,3.46,40.72,51.41,0.82,0.0262,0,33.55,0.0707,11.18,1,0,0.7920636467489502,0.82,0.041611540395485216
S15,79.65,5.17,50.87,31.19,0.62,0.0571,2,33.47,0.0445,14.74,1,0,1.6309709422985115,1.8599999999999999,0.06490896862410939
S15,77.31,4.2,52.31,54.1,1.31,0.0652,1,33.45,0.0578,18.42,1,0,0.966912945117755,2.62,0.05432672948819952
S15,78.01,1.87,46.02,50.77,1.17,0.0228,2,33.48,0.0616,12.68,1,0,0.9064406329642243,3.51,0.023971282659750973
S15,77.63,2.67,37.41,44.1,0.59,0.1035,2,33.39,0.0383,15.61,1,0,0.8482991273698122,1.77,0.034393915445843685
S15,73.1,4.3,50.34,63.23,0.89,0.0492,1,33.6,0.0491,15.21,1,0,0.7961409463639181,1.78,0.058823521364771356
S15,78.65,3.81,32.45,67.25,0.5,0.0342,2,33.47,0.0585,15.91,1,0,0.4825278092895451,1.5,0.048442460465039985
S15,76.6,3.86,47.2,58.59,1.44,0.0722,1,33.3,0.0565,12.64,1,0,0.8055980874555235,2.88,0.050391638330073325
S15,80.65,3.76,46.62,48.08,1.35,0.0816,1,33.08,0.0272,13.83,1,0,0.9696337417567092,2.7,0.04662119694715474
S15,75.45,3.97,34.59,57.89,0.28,0.0469,3,33.69,0.0654,15.72,1,0,0.5975124205368076,1.12,0.05261762059408607
S15,79.03,1.85,60.02,68.68,0.82,0.0355,1,33.56,0.0293,14.06,1,0,0.873907851789771,1.64,0.023408829127061985
S15,77.12,1.86,60.42,46.14,0.8,0.0509,6,33.32,0.0848,14.75,1,0,1.3094925640458248,5.6000000000000005,0.02411825413404381
S15,71.97,1.51,54.84,51.47,1.14,0.0382,0,33.8,0.0376,15.55,1,0,1.0654748269914849,1.14,0.020980961375439575
S15,69.49,3.43,27.87,34.47,0.97,0.0444,0,33.23,0.046,11.61,1,0,0.808528921227467,0.97,0.049359612986096854
S15,82.47,2.31,49.49,28.21,0.33,0.0486,3,33.68,0.054,10.84,1,0,1.754341809875289,1.32,0.028010182125599355
S15,77.76,1.94,33.08,76.65,0.91,0.0548,0,33.7,0.0514,17.57,1,0,0.43157202458290606,0.91,0.024948556462376995
S15,77.31,3.51,46.41,33.59,0.73,0.0425,1,33.41,0.0785,14.67,1,0,1.3816607973620725,1.46,0.04540162392942388
S15,71.38,3.25,42.91,51.83,0.51,0.0406,0,33.41,0.0667,19.17,1,0,0.8278987405173179,0.51,0.04553095467484524
S15,79.97,3.19,48.17,52.54,0.74,0.044,5,33.55,0.0413,15.62,1,0,0.9168251014798056,4.4399999999999995,0.03988995374641068
S15,73.77,3.91,52.58,54.6,0.96,0.0124,1,33.73,0.0545,13.3,1,0,0.9630034866293979,1.92,0.05300256838788554
S15,81.82,3.98,51.65,34.41,1.4,0.0369,1,33.86,0.0393,15.68,1,0,1.5010167099631764,2.8,0.0486433575356444
S15,73.87,4.24,40.82,39.81,1.19,0.0446,0,33.41,0.0503,12.98,1,0,1.0253702523561283,1.19,0.057398124083102194
S15,81.53,4.25,40.37,41.08,0.71,0.0566,0,33.29,0.0498,15.44,1,0,0.9827164112180108,0.71,0.052128044630437305
S15,75.14,3.98,41.83,45.85,0.65,0.0358,2,33.18,0.0809,13.67,1,0,0.9123225927322588,1.9500000000000002,0.052967786403009524
S15,75.3,3.8,53.04,57.79,0.52,0.0546,0,33.43,0.0814,14.32,1,0,0.9178056899453728,0.52,0.05046480073508622
S15,82.18,2.07,53.0,55.01,1.01,0.0714,4,33.28,0.0534,18.4,1,0,0.9634610137318644,5.05,0.02518860730243279
S15,79.94,3.3,51.54,60.74,1.29,0.0364,1,33.12,0.0618,11.98,1,0,0.848534598529042,2.58,0.04128095555654796
S15,71.35,3.22,30.44,45.15,0.22,0.064,0,33.96,0.076,12.15,1,0,0.6741969713849454,0.22,0.04512963628176086
S15,84.24,2.96,50.11,48.54,1.19,0.0536,2,33.94,0.0709,18.72,1,0,1.0323442454997434,3.57,0.03513769763322678
S15,80.34,1.22,47.0,71.91,0.86,0.0288,3,33.43,0.067,17.49,1,0,0.6535946803511778,3.44,0.01518545989725418
S15,80.34,4.37,50.23,46.05,0.88,0.0816,2,33.24,0.0419,14.43,1,0,1.0907706643277602,2.64,0.05439381946803342
S15,79.66,1.42,31.01,46.37,1.12,0.0674,2,33.08,0.0557,18.03,1,0,0.6687512036335554,3.3600000000000003,0.01782575724005056
S15,68.72,1.73,42.35,49.79,1.08,0.0576,2,33.18,0.0578,13.96,1,0,0.8505722332652674,3.24,0.025174617989723806
S15,80.27,2.65,43.89,44.46,0.57,0.0056,1,33.42,0.0394,15.73,1,0,0.9871792651418656,1.14,0.03301357505748411
S15,78.75,3.38,31.04,76.97,1.32,0.0593,0,33.14,0.0526,14.85,1,0,0.403273950464603,1.32,0.04292062947039625
S15,78.3,2.92,49.96,40.42,0.2,0.0346,1,33.64,0.0478,12.5,1,0,1.2360214656057729,0.4,0.03729246011590548
S15,77.48,4.22,34.5,48.31,0.76,0.0285,0,33.24,0.0339,15.36,1,0,0.7141377118323924,0.76,0.054465661529986886
S15,77.64,2.95,32.54,37.1,0.85,0.0673,0,33.16,0.0874,16.01,1,0,0.87708871237501,0.85,0.037995873519336226
S15,81.07,3.57,41.94,55.32,0.2,0.0503,1,33.4,0.0465,17.49,1,0,0.7581343531933562,0.4,0.0440360128239777
S15,81.99,2.86,49.93,60.55,0.67,0.0696,2,33.66,0.0624,16.51,1,0,0.824607625993786,2.0100000000000002,0.03488229846538621
S15,74.72,3.85,59.01,48.37,0.85,0.0792,1,33.24,0.058,13.61,1,0,1.219970804223526,1.7,0.05152568903564119
S15,80.21,4.49,53.68,61.45,1.22,0.036,4,33.16,0.0425,13.18,1,0,0.8735555942138983,6.1,0.05597805061986653
S15,80.17,2.85,43.25,50.09,0.66,0.0201,1,33.16,0.0183,12.55,1,0,0.8634456251855409,1.32,0.03554945296875976
S15,74.38,4.42,39.46,50.17,1.4,0.0814,1,33.4,0.0376,14.72,1,0,0.7865256554662835,2.8,0.059424568509738034
S15,69.64,3.26,46.67,50.99,0.82,0.0502,1,33.86,0.0378,13.78,1,0,0.9152773258918756,1.64,0.046812170187798645
S15,69.54,4.79,54.65,53.46,0.82,0.0363,1,33.72,0.012,15.41,1,0,1.0222594421512452,1.64,0.0688812095367832
S15,71.93,3.48,40.63,61.26,0.76,0.0362,2,33.31,0.0106,14.31,1,0,0.6632385466473153,2.2800000000000002,0.04838036307794201
S15,68.98,2.38,48.24,60.62,0.82,0.0593,0,33.56,0.0479,14.67,1,0,0.795776840023616,0.82,0.034502749419723186
S15,76.73,3.57,44.97,67.44,1.05,0.0433,0,33.73,0.0295,14.04,1,0,0.6668148477439431,1.05,0.046526776159679886
S15,75.99,2.67,51.34,49.62,1.09,0.0884,1,33.22,0.0455,15.45,1,0,1.0346632336430404,2.18,0.03513619750806718
S15,85.88,1.73,41.16,62.55,0.42,0.0359,1,33.16,0.0601,13.67,1,0,0.6580334679402928,0.84,0.020144385171822873
S15,101.16,6.93,9.68,36.07,2.61,0.2522,7,32.1,0.1754,19.36,2,1,0.2683669896404242,20.88,0.06850533130631363
S15,109.32,9.33,35.79,30.77,5.56,0.1668,8,32.46,0.1216,22.9,2,1,1.163145543339115,50.04,0.08534576606789554
S15,88.32,6.19,31.44,30.89,4.25,0.107,8,32.35,0.0487,25.68,2,1,1.0178047854306296,38.25,0.07008604278917088
S15,97.73,1.89,6.0,30.58,6.03,0.0941,7,32.97,0.1297,17.94,2,1,0.196206606865073,48.24,0.01933899321201338
S15,108.63,4.96,18.12,21.15,3.84,0.1932,8,32.2,0.0903,19.77,2,1,0.8567371835757999,34.56,0.04565957418212518
S15,86.99,9.18,26.82,34.81,4.11,0.3181,6,32.7,0.0529,24.49,2,1,0.7704680349129459,28.770000000000003,0.10552935906088527
S15,91.15,2.66,6.0,34.09,5.04,0.0665,8,32.91,0.1083,15.18,2,1,0.17600464182908715,45.36,0.029182662733662892
S15,91.68,10.42,33.38,20.62,5.96,0.0803,7,32.58,0.0612,16.85,2,1,1.6188158977614464,47.68,0.11365618306542505
S15,93.04,3.9,28.61,43.39,3.75,0.3046,4,33.36,0.0536,21.3,2,1,0.6593683661285166,18.75,0.041917450352810574
S15,90.42,4.84,26.59,30.46,4.58,0.3259,4,32.36,0.08,19.15,2,1,0.8729478421051077,22.9,0.05352797461535339
S15,89.04,8.1,20.37,39.56,5.39,0.2252,7,32.51,0.1284,20.35,2,1,0.5149139244403629,43.12,0.09097034018751793
S15,86.56,8.56,18.65,35.04,4.02,0.4765,5,32.16,0.0173,22.8,2,1,0.5322487065500265,24.119999999999997,0.09889093127415303
S15,92.14,8.89,25.66,38.15,4.13,0.4253,4,32.45,0.058,23.63,2,1,0.6726079495129883,20.65,0.09648360142352926
S15,98.55,4.07,24.7,10.43,6.14,0.2142,6,32.11,0.113,25.13,2,1,2.3681664734741386,42.98,0.041298828889007724
S15,93.58,7.17,32.35,10.0,3.97,0.1098,5,32.85,0.0511,15.95,2,1,3.234996765003235,23.82,0.07661892748248264
S15,82.87,7.31,17.81,23.45,4.78,0.1805,4,32.15,0.0724,20.8,2,1,0.7594879490456508,23.900000000000002,0.08821043945813448
S15,99.6,8.02,25.0,33.22,4.77,0.2408,5,32.1,0.0175,19.22,2,1,0.7525584730407967,28.619999999999997,0.08052208026886744
S15,94.26,9.4,30.4,18.85,5.27,0.4092,4,32.52,0.0517,19.89,2,1,1.6127312399303766,26.349999999999998,0.0997241566174245
S15,86.51,3.53,25.88,27.17,3.48,0.5587,4,32.54,0.0306,25.59,2,1,0.9525208124693365,17.4,0.04080452655132047
S15,84.0,7.12,24.34,29.22,5.98,0.2626,6,32.71,0.069,21.06,2,1,0.8329908169093714,41.86,0.08476189467120301
S15,94.71,6.54,23.32,22.39,5.3,0.3312,3,33.23,0.0652,23.23,2,1,1.0415359349995823,21.2,0.06905289103020895
S15,105.42,4.85,13.87,37.55,2.92,0.23,4,32.45,0.1339,22.03,2,1,0.3693740694077045,14.6,0.04600644602481065
S15,90.19,2.7,6.0,22.79,5.84,0.3632,5,32.82,0.0575,19.73,2,1,0.2632732499897982,35.04,0.029936796769398297
S15,90.68,5.14,17.48,11.46,3.14,0.2992,2,32.09,0.0406,23.74,2,1,1.5253040791412922,9.42,0.05668283450784797
S15,97.28,4.15,18.46,25.12,5.71,0.1845,6,32.8,0.0031,17.86,2,1,0.7348723189202552,39.97,0.042660357456788915
S15,104.93,6.23,22.85,30.15,5.24,0.2198,8,32.6,0.0942,21.87,2,1,0.7578770288965079,47.160000000000004,0.05937290961851619
S15,95.76,3.87,21.05,22.11,3.51,0.3634,4,32.81,0.0564,19.77,2,1,0.9520574617560101,17.549999999999997,0.040413529614293064
S15,107.03,4.22,26.58,35.22,4.47,0.3778,5,32.72,0.1004,18.01,2,1,0.7546846238828437,26.82,0.0394281940177339
S15,79.87,10.77,20.28,23.83,3.46,0.4347,8,32.09,0.1515,25.48,2,1,0.851027758695863,31.14,0.13484410481481096
S15,92.75,10.1,28.92,32.99,3.89,0.3521,3,33.19,0.0562,24.65,2,1,0.8766290158748057,15.56,0.10889486696551298
S15,98.78,4.08,10.96,20.2,5.09,0.4094,3,32.43,0.0663,21.16,2,1,0.542573988824758,20.36,0.04130390349221467
S15,103.99,6.48,28.23,24.49,5.81,0.1878,6,32.78,0.0442,22.88,2,1,1.1527149233503784,40.669999999999995,0.06231367801580172
S15,81.28,6.18,23.53,39.05,6.57,0.2834,8,32.52,0.0661,18.93,2,1,0.6025606651573201,59.13,0.07603345521241939
S15,97.63,5.54,7.91,19.39,5.34,0.3425,6,32.78,0.1238,21.62,2,1,0.40794202787930484,37.379999999999995,0.056744847204256155
S15,92.35,6.53,26.92,27.46,6.43,0.3072,5,32.67,0.0751,17.86,2,1,0.9803346757703293,38.58,0.07070925059997286
S15,92.69,8.35,21.87,20.91,4.6,0.0642,8,32.21,0.0732,17.01,2,1,1.0459105471494274,41.4,0.09008522061870529
S15,101.13,8.0,26.95,40.39,4.24,0.3574,6,32.1,0.0782,22.52,2,1,0.6672442022173304,29.68,0.07910609323582585
S15,97.68,3.93,29.84,43.49,4.38,0.3546,2,32.52,0.0973,19.48,2,1,0.6861345858508654,13.14,0.04023341111451565
S15,76.79,4.52,24.84,30.53,5.48,0.3045,4,32.63,0.127,25.99,2,1,0.8136256751963068,27.400000000000002,0.05886182330227589
S15,88.92,4.17,12.22,34.83,4.61,0.2568,7,32.84,0.0899,23.18,2,1,0.3508468702707809,36.88,0.04689608109580734
S15,95.77,7.05,28.32,20.47,7.49,0.0591,6,33.07,0.1424,21.84,2,1,1.3834873554043208,52.43,0.07361385886876277
S15,79.79,10.47,17.06,27.54,4.57,0.1513,5,33.12,0.0406,19.69,2,1,0.6194623749228849,27.42,0.1312194346134309
S15,101.79,7.46,21.02,26.92,4.07,0.2764,6,32.83,0.1346,26.01,2,1,0.7808318050401912,28.490000000000002,0.0732881350537248
S15,96.8,9.21,18.68,36.43,6.32,0.2488,9,32.55,0.1471,17.74,2,1,0.5127640645720383,63.2,0.09514461827018407
S15,95.08,4.04,21.2,23.03,3.95,0.1896,7,32.68,0.0956,15.71,2,1,0.920538028424651,31.6,0.042490529817992236
S15,99.02,8.27,10.13,31.48,2.57,0.3374,6,32.52,0.1054,20.78,2,1,0.3217915115020612,17.99,0.08351847268042085
S15,88.08,3.73,26.8,30.17,5.12,0.1488,5,33.04,0.1151,19.39,2,1,0.8882993409680673,30.72,0.04234786076886231
S15,93.45,5.1,20.2,35.54,3.64,0.2924,6,33.57,0.1513,21.36,2,1,0.5683735035527564,25.48,0.054574633004319625
S15,92.81,3.57,32.87,46.01,5.74,0.3823,4,32.56,0.0974,21.98,2,1,0.7144097556162234,28.700000000000003,0.03846567843274663
S15,99.06,6.07,18.74,29.57,3.07,0.0521,13,32.54,0.0964,21.34,2,1,0.6337502084037171,42.98,0.06127598816111567
S15,101.95,5.38,16.16,27.24,4.05,0.3135,3,32.43,0.0573,17.8,2,1,0.5932450098219495,16.2,0.05277096098372133
S15,105.17,7.45,14.8,31.24,6.09,0.378,10,31.68,0.1438,21.03,2,1,0.4737514488631726,66.99,0.07083768462130982
S15,89.09,8.55,21.46,32.63,7.35,0.345,7,32.79,0.0538,22.84,2,1,0.6576767828143478,58.8,0.09597035627226891
S15,94.63,3.06,10.16,27.29,4.84,0.4298,3,32.31,0.1008,20.59,2,1,0.37229740846558873,19.36,0.03233646493327011
S15,93.69,5.19,23.48,29.17,2.67,0.1408,2,33.09,0.0332,25.24,2,1,0.8049363027300984,8.01,0.055395447177345805
S15,104.25,8.79,28.46,31.32,5.58,0.3169,7,32.7,0.083,17.93,2,1,0.9086842564865082,44.64,0.08431653867467254
S15,100.43,6.09,10.69,33.7,2.89,0.1262,5,32.71,0.1046,23.24,2,1,0.3172105883648105,17.34,0.06063924518179376
S15,87.66,9.81,24.58,27.47,4.6,0.1086,6,31.94,0.1186,22.2,2,1,0.8947939953425572,32.199999999999996,0.11190963815769586
S15,101.13,6.71,27.77,34.54,3.16,0.3095,8,32.16,0.1303,19.67,2,1,0.8039951349174479,28.44,0.06635023570154892
S15,89.62,7.36,21.41,23.03,4.2,0.3373,4,32.76,0.0742,20.9,2,1,0.9296565654986689,21.0,0.08212451661185934
S15,84.14,6.72,24.2,28.26,6.71,0.4081,5,32.84,0.1588,26.16,2,1,0.8563337380276935,40.26,0.07986687902699321
S15,85.96,4.59,23.95,27.61,5.11,0.341,7,34.09,0.1149,19.92,2,1,0.8674390193991237,40.88,0.05339692259226122
S15,95.02,2.34,30.07,34.86,4.01,0.3998,6,32.45,0.0642,19.91,2,1,0.862592982618192,28.07,0.024626391851568948
S15,92.79,4.84,19.8,10.0,3.57,0.1486,3,32.64,0.1322,22.13,2,1,1.9799980200019802,14.28,0.05216078756754094
S15,97.97,7.71,16.95,28.86,3.97,0.2931,3,33.89,0.0317,20.01,2,1,0.587317883812237,15.88,0.07869755244487574
S15,83.26,5.98,16.04,33.32,5.03,0.4073,9,31.98,0.1161,22.71,2,1,0.4813924125472951,50.300000000000004,0.0718231957935148
S15,95.67,5.04,19.97,35.83,4.93,0.336,5,32.33,0.1005,14.95,2,1,0.5573540169260348,29.58,0.05268108574463408
S15,84.81,8.01,19.89,37.07,6.59,0.1447,5,33.08,0.0345,20.28,2,1,0.5365523235629016,39.54,0.09444639848527313
S15,88.85,1.27,10.32,35.94,6.51,0.3548,5,32.71,0.1019,22.14,2,1,0.2871451621744123,39.06,0.014293751908412842
S15,91.97,5.28,26.92,23.56,4.02,0.3334,8,32.52,0.1011,23.52,2,1,1.1426141160381513,36.17999999999999,0.057410018765899885
S15,89.17,9.17,19.32,13.35,3.7,0.4741,5,32.18,0.0166,23.35,2,1,1.4471899271985564,22.200000000000003,0.10283726557841588
S15,98.38,6.92,32.3,39.72,3.9,0.1389,9,32.73,0.1297,21.31,2,1,0.8131921416938213,39.0,0.07033949274857769
S15,97.29,6.49,17.43,22.34,4.14,0.4059,5,32.73,0.1793,19.52,2,1,0.780214511989923,24.839999999999996,0.06670777400475136
S15,92.72,5.48,26.85,30.36,4.55,0.2853,8,32.26,0.1256,23.68,2,1,0.8843870604785704,40.949999999999996,0.059102668345268734
S15,92.61,5.58,35.22,25.02,4.75,0.3776,7,32.11,0.1933,17.57,2,1,1.407673298292047,38.0,0.060252665991505666
S15,88.04,8.18,12.91,20.19,3.05,0.2635,4,32.13,0.0197,24.61,2,1,0.639425141443714,15.25,0.09291230203176941
S15,101.25,2.53,23.02,45.39,3.9,0.4698,8,33.16,0.1333,18.29,2,1,0.5071600557038872,35.1,0.02498765185307142
S15,85.68,4.99,21.29,35.3,4.19,0.1773,7,32.72,0.0984,18.84,2,1,0.6031159764543976,33.52,0.05823995585434689
S15,101.01,7.1,25.62,22.96,3.42,0.2942,3,32.42,0.1411,18.78,2,1,1.115853172537817,13.68,0.07029006333134705
S15,110.06,7.45,31.28,25.15,6.14,0.2612,6,32.36,0.0357,15.94,2,1,1.243737080025018,42.98,0.06769034456747733
S15,80.98,4.76,41.4,55.72,1.47,0.0694,3,33.44,0.0607,19.67,3,0,0.7430005845296869,5.88,0.05877993840702168
S15,77.41,4.3,43.88,44.93,1.72,0.0629,0,33.3,0.0741,20.27,3,0,0.9766300964544633,1.72,0.05554837158656871
S15,78.79,4.69,48.13,41.7,2.57,0.1555,4,33.77,0.0873,20.13,3,0,1.154196365900152,12.85,0.05952531291720867
S15,84.73,3.14,36.58,42.26,2.71,0.1323,2,33.68,0.0427,16.93,3,0,0.8655937374364084,8.129999999999999,0.03705888858032709
S15,79.93,4.5,31.82,49.13,1.75,0.1052,1,33.29,0.0604,16.73,3,0,0.6476693165745335,3.5,0.056299254810552375
S15,76.12,3.9,51.6,37.29,3.07,0.0777,3,33.78,0.0228,19.75,3,0,1.3837486232907956,12.28,0.051234885544549975
S15,76.9,3.43,44.7,34.59,2.2,0.1409,4,33.59,0.037,19.11,3,0,1.2922806324716296,11.0,0.044603375214125454
S15,84.18,2.77,30.14,44.86,2.02,0.0803,2,33.57,0.064,17.28,3,0,0.671867884113267,6.0600000000000005,0.03290567439942095
S15,77.95,5.08,36.3,52.35,2.39,0.0938,2,33.39,0.061,19.13,3,0,0.6934096096638758,7.17,0.0651699723964115
S15,73.0,4.41,53.23,49.49,1.97,0.0446,4,33.76,0.065,16.07,3,0,1.075570605057465,9.85,0.0604109506286369
S15,89.98,4.78,39.66,43.03,1.62,0.1303,3,32.82,0.0631,17.73,3,0,0.9216823328649004,6.48,0.05312291029974324
S15,68.21,6.04,42.66,54.92,1.77,0.0863,1,33.58,0.039,18.0,3,0,0.7767660639537391,3.54,0.08855005299075605
S15,75.58,4.64,41.75,43.67,2.77,0.026,3,33.35,0.0612,13.61,3,0,0.9560336716204094,11.08,0.06139189449697082
S15,84.56,4.16,38.26,70.61,2.61,0.1088,0,33.09,0.0557,16.6,3,0,0.5418495196360968,2.61,0.04919583145744661
S15,79.54,3.99,33.03,49.19,2.03,0.0648,4,33.6,0.0639,18.45,3,0,0.6714778061643004,10.149999999999999,0.050163433472035016
S15,82.42,3.74,32.16,55.6,1.91,0.0824,2,33.84,0.087,16.72,3,0,0.5784171621551866,5.7299999999999995,0.04537733009253457
S15,75.72,3.3,23.16,38.51,2.46,0.0794,1,33.47,0.0779,14.38,3,0,0.6014020770184167,4.92,0.04358161072614755
S15,88.48,3.38,28.26,41.76,1.64,0.125,1,33.54,0.0332,17.53,3,0,0.676723975880274,3.28,0.038200719009864485
S15,80.22,3.32,36.38,50.59,2.41,0.054,0,33.67,0.0613,17.29,3,0,0.7191143073504037,2.41,0.041386182823961254
S15,81.74,6.63,54.98,26.85,2.27,0.1171,3,33.93,0.0375,17.42,3,0,2.047671490625143,9.08,0.08111082932336319
S15,77.4,7.56,27.23,55.01,1.72,0.0895,1,34.24,0.0459,14.76,3,0,0.49500081894186165,3.44,0.09767440598521884
S15,74.5,3.58,47.32,52.57,1.97,0.0739,2,33.6,0.069,16.08,3,0,0.9001329845666759,5.91,0.04805368482500875
S15,81.65,4.32,33.7,68.65,2.1,0.0571,3,33.23,0.0158,16.56,3,0,0.4908957769998868,8.4,0.05290875040921612
S15,85.95,3.57,53.95,26.2,2.5,0.1,1,33.54,0.0791,17.59,3,0,2.059159519404764,5.0,0.041535771781760114
S15,77.33,4.17,25.67,45.1,1.03,0.1356,3,33.74,0.0676,15.26,3,0,0.5691794746830433,4.12,0.05392473116193829
S15,82.11,5.51,32.24,31.79,0.63,0.1356,0,33.55,0.0702,14.39,3,0,1.0141550757612219,0.63,0.06710509473814459
S15,79.74,5.13,33.61,43.78,2.61,0.1592,0,33.41,0.0263,16.13,3,0,0.7677019717446386,2.61,0.0643340777108004
S15,79.21,1.29,26.12,56.72,2.13,0.0556,1,33.39,0.0663,13.7,3,0,0.46050767621514876,4.26,0.01628582044112859
S15,71.93,3.96,29.46,53.84,2.57,0.1255,5,33.58,0.0664,15.76,3,0,0.5471767185778754,15.419999999999998,0.05505351660593401
S15,71.94,6.53,45.39,43.82,2.48,0.0219,1,32.99,0.0636,18.29,3,0,1.035828152481024,4.96,0.090770073565461
S15,81.03,2.71,25.4,43.29,1.84,0.0997,1,33.38,0.0544,17.69,3,0,0.5867404512034069,3.68,0.0334443991800075
S15,78.83,5.97,45.9,54.68,2.12,0.0753,3,33.49,0.0837,19.8,3,0,0.839429253944906,8.48,0.07573257950874292
S15,82.15,5.03,49.17,42.24,1.7,0.1459,2,33.37,0.0496,18.05,3,0,1.1640622244170868,5.1,0.061229450854601235
S15,86.6,3.59,33.43,34.67,2.06,0.1827,1,33.79,0.0732,14.89,3,0,0.9642339301315458,4.12,0.041454960571020716
S15,78.44,2.12,30.27,35.21,2.15,0.1015,2,34.01,0.057,16.24,3,0,0.8596987049989476,6.449999999999999,0.027027023581460533
S15,87.22,4.24,39.91,45.28,1.91,0.0797,4,33.48,0.0607,15.32,3,0,0.8814043989831273,9.549999999999999,0.048612697934797305
S15,85.88,4.76,40.75,45.99,1.51,0.0982,1,33.48,0.0665,18.95,3,0,0.8860619947679941,3.02,0.055426169605709175
S15,79.18,6.6,34.89,62.56,1.81,0.2063,0,33.21,0.0363,14.98,3,0,0.5577045144334216,1.81,0.08335437189260268
S15,89.0,6.26,47.07,44.05,2.18,0.1112,4,33.7,0.0465,18.46,3,0,1.0685582137211773,10.9,0.07033707074864373
S15,90.52,1.11,32.56,36.48,1.17,0.0977,3,33.7,0.0994,18.83,3,0,0.8925436149825617,4.68,0.012262482074405428
S16,73.77,2.98,54.3,58.63,0.61,0.0385,3,32.87,0.0695,16.24,1,0,0.9261468657433283,2.44,0.040395819385140384
S16,67.36,2.87,35.8,63.79,0.79,0.0094,2,32.86,0.0515,15.61,1,0,0.5612164036343621,2.37,0.04260688203579542
S16,74.37,3.51,43.14,47.22,0.68,0.0627,2,33.07,0.0478,16.88,1,0,0.9135957404498644,2.04,0.04719644383535782
S16,62.38,3.06,35.97,59.83,0.68,0.0763,2,32.88,0.0185,14.81,1,0,0.6012033091754455,2.04,0.0490541761695774
S16,64.21,1.41,54.61,29.07,1.42,0.0446,2,33.41,0.0446,13.45,1,0,1.8785683252258942,4.26,0.021959192966953284
S16,67.61,3.97,49.12,76.67,1.3,0.0615,2,33.01,0.0631,19.46,1,0,0.6406677134905812,3.9000000000000004,0.0587191157049082
S16,64.67,4.25,40.94,56.12,1.22,0.0986,1,33.47,0.0683,14.18,1,0,0.7295080667305653,2.44,0.06571825178316812
S16,70.66,2.04,49.51,58.42,1.63,0.0521,3,32.97,0.0713,14.68,1,0,0.8474835933783647,6.52,0.02887064408850211
S16,68.44,3.45,31.64,63.2,1.1,0.0575,2,33.04,0.0291,18.58,1,0,0.5006328321783493,3.3000000000000003,0.05040911010971506
S16,61.63,2.23,48.52,54.25,1.01,0.0476,0,32.9,0.0433,14.4,1,0,0.8943777153220801,1.01,0.03618367090967533
S16,71.1,4.51,41.39,40.29,1.24,0.0531,2,33.06,0.0607,18.26,1,0,1.0273018050876632,3.7199999999999998,0.06343177729510868
S16,73.57,3.5,64.71,55.57,0.92,0.0331,2,32.77,0.0616,19.4,1,0,1.1644770263672797,2.7600000000000002,0.04757373282945048
S16,70.51,3.0,46.41,51.01,0.95,0.044,0,33.32,0.0637,17.34,1,0,0.9098214252457507,0.95,0.04254715039751093
S16,70.37,3.52,41.99,50.73,0.31,0.0719,0,32.91,0.045,17.95,1,0,0.8277151926443539,0.31,0.050021308793333975
S16,64.19,3.11,53.66,68.06,0.91,0.0291,2,33.09,0.0493,15.1,1,0,0.7884218647631699,2.73,0.04844990676898165
S16,61.51,4.78,45.55,58.83,1.21,0.0605,0,32.89,0.0502,15.0,1,0,0.7742646992580827,1.21,0.07771092867648696
S16,68.2,4.08,53.06,49.48,0.97,0.0337,2,32.79,0.039,15.89,1,0,1.0723522489183006,2.91,0.05982403814896801
S16,62.39,5.35,46.24,42.74,1.39,0.0667,1,32.76,0.052,14.43,1,0,1.081890247568964,2.78,0.08575090787771951
S16,73.56,2.01,34.75,42.93,0.91,0.0701,2,32.87,0.0779,15.11,1,0,0.8094570674453604,2.73,0.027324629238087376
S16,71.44,4.25,31.19,56.23,1.59,0.0696,3,32.81,0.0631,15.31,1,0,0.5546860119711876,6.36,0.05949047319562245
S16,63.3,2.7,41.72,53.65,0.61,0.078,1,33.16,0.0295,17.21,1,0,0.7776326602735022,1.22,0.04265402169762691
S16,64.4,4.47,53.48,45.99,0.42,0.0511,5,33.33,0.0637,19.44,1,0,1.1628612387777257,2.52,0.06940992711025976
S16,68.33,3.31,59.17,63.87,1.2,0.0554,3,33.29,0.0181,14.87,1,0,0.9264128814133582,4.8,0.04844138029542217
S16,69.6,2.17,41.74,56.53,1.57,0.0178,1,32.89,0.0562,13.91,1,0,0.7383688769911769,3.14,0.03117815643992005
S16,69.95,2.5,60.52,67.74,0.93,0.0548,0,33.04,0.0455,20.17,1,0,0.8934158704730041,0.93,0.03573980904362987
S16,72.38,3.65,42.25,44.75,1.04,0.1099,2,33.45,0.049,13.43,1,0,0.9441338672326554,3.12,0.050428288141988374
S16,65.26,3.52,51.64,66.78,1.03,0.0733,2,33.09,0.0673,17.2,1,0,0.773285298998907,3.09,0.053938085513624646
S16,66.02,3.27,53.36,48.63,0.87,0.0442,1,33.23,0.0261,17.93,1,0,1.0972648370831097,1.74,0.04953043781726177
S16,61.36,1.36,48.29,54.86,0.92,0.0516,1,32.76,0.0307,15.8,1,0,0.8802404520159584,1.84,0.022164272789394916
S16,68.83,3.3,30.27,48.13,1.06,0.0262,1,32.86,0.0231,17.2,1,0,0.6289215398043756,2.12,0.0479442034077868
S16,65.43,2.96,51.3,64.23,0.68,0.0553,1,33.09,0.027,14.46,1,0,0.7986920755578272,1.36,0.04523918000318202
S16,65.44,2.89,44.03,74.15,1.54,0.0903,3,32.69,0.0357,16.14,1,0,0.5937962786518841,6.16,0.0441625849384803
S16,65.88,2.34,52.84,65.86,0.53,0.019,2,32.93,0.0113,14.27,1,0,0.8023078040832365,1.59,0.03551912029157251
S16,71.03,4.14,38.15,27.61,0.85,0.0279,2,33.11,0.0929,15.86,1,0,1.3817452438445332,2.55,0.058285223386565756
S16,68.28,4.02,39.25,57.1,0.54,0.056,3,33.45,0.0388,15.76,1,0,0.6873904225235686,2.16,0.058875211061041134
S16,69.23,4.92,40.95,64.92,1.9,0.0415,1,32.97,0.017,15.6,1,0,0.6307762429488227,3.8,0.07106744603965823
S16,66.52,3.35,28.96,46.44,0.77,0.0407,0,33.06,0.0724,15.46,1,0,0.6236002102497394,0.77,0.0503607861754681
S16,67.94,1.96,57.55,65.9,1.35,0.0169,1,33.36,0.0517,17.52,1,0,0.8732927354639246,2.7,0.028848980151754466
S16,68.05,3.01,36.99,58.8,0.6,0.0528,2,33.27,0.0226,16.41,1,0,0.6290815256664072,1.7999999999999998,0.0442321757190043
S16,72.5,4.13,62.0,63.67,0.33,0.0564,3,32.86,0.0647,14.95,1,0,0.9737708538132788,1.32,0.056965509384067664
S16,70.95,2.01,60.79,62.54,1.36,0.0398,0,33.12,0.0533,17.56,1,0,0.9720177531151657,1.36,0.028329805732233156
S16,65.54,3.73,63.62,59.47,1.05,0.0575,4,33.01,0.0505,18.44,1,0,1.0697829040217077,5.25,0.05691180089841304
S16,68.69,3.41,41.86,44.96,1.15,0.0541,3,33.32,0.0687,16.92,1,0,0.9310496149800678,4.6,0.04964331785655585
S16,75.78,4.18,32.77,44.28,1.53,0.0363,0,32.75,0.0475,15.34,1,0,0.7400630668330924,1.53,0.0551596654579486
S16,63.18,2.21,49.07,65.36,1.24,0.0198,2,33.37,0.0488,14.99,1,0,0.7507648790139414,3.7199999999999998,0.034979418331842614
S16,71.06,1.85,51.37,57.4,0.67,0.0753,2,32.8,0.0562,18.24,1,0,0.8949475792774252,2.0100000000000002,0.02603433351613657
S16,68.03,3.18,43.18,65.23,1.51,0.0442,2,33.78,0.0455,12.72,1,0,0.6619652518832972,4.53,0.04674407662147925
S16,70.08,4.28,46.61,46.91,0.38,0.0869,0,32.82,0.0382,18.01,1,0,0.9936045632904363,0.38,0.0610730506459688
S16,62.94,4.57,49.78,60.8,0.87,0.0571,4,33.04,0.0283,18.84,1,0,0.8187498653371932,4.35,0.07260882227378102
S16,71.68,2.59,52.83,48.35,1.15,0.0463,2,33.15,0.0396,16.75,1,0,1.0926574782507799,3.4499999999999997,0.03613280745915074
S16,69.54,2.91,46.07,63.84,0.67,0.0322,0,33.0,0.1046,15.43,1,0,0.7216477566341233,0.67,0.04184641330940274
S16,61.96,3.2,44.29,44.36,0.97,0.0352,1,33.11,0.0628,16.35,1,0,0.9984217767308888,1.94,0.05164621503450371
S16,75.03,2.75,54.06,62.61,1.09,0.0366,2,33.24,0.0235,12.27,1,0,0.8634402070850971,3.2700000000000005,0.036652000979341466
S16,66.13,3.78,47.69,69.13,1.41,0.0602,2,32.76,0.0656,12.41,1,0,0.689859584860468,4.2299999999999995,0.05716013047631476
S16,64.4,1.62,38.85,53.2,0.31,0.0492,2,32.93,0.0453,12.1,1,0,0.7302630206272517,0.9299999999999999,0.025155275597006893
S16,65.22,4.46,47.2,56.71,0.77,0.0403,1,32.75,0.0556,15.17,1,0,0.8323045613993014,1.54,0.06838392082429917
S16,73.34,1.04,57.35,54.43,1.0,0.0136,1,32.99,0.0278,15.75,1,0,1.0536466923302052,2.0,0.014180527109281822
S16,68.95,5.06,39.61,63.07,0.91,0.0324,0,33.18,0.0301,15.62,1,0,0.6280322454364602,0.91,0.07338650132175469
S16,71.58,2.16,49.35,54.75,0.81,0.1146,0,33.27,0.0683,18.5,1,0,0.9013696983799637,0.81,0.030176022607429086
S16,66.79,4.18,48.39,45.41,0.92,0.0397,1,33.06,0.0434,17.94,1,0,1.0656240771583183,1.84,0.06258420982419376
S16,64.67,2.57,56.87,55.46,0.65,0.0333,4,32.92,0.0406,20.12,1,0,1.0254235439193031,3.25,0.03974021343123342
S16,65.79,2.63,53.39,49.28,0.47,0.0453,1,33.42,0.0277,15.8,1,0,1.0834007541800417,0.94,0.03997567411830458
S16,66.12,1.44,48.3,63.82,1.26,0.087,1,33.38,0.0411,15.44,1,0,0.7568159265409077,2.52,0.02177858109821822
S16,57.76,4.56,48.79,37.22,1.4,0.0617,1,32.76,0.0732,16.69,1,0,1.3108540271751672,2.8,0.07894735475288178
S16,64.19,1.86,52.57,64.43,1.08,0.039,4,32.91,0.0701,15.12,1,0,0.8159241322483108,5.4,0.02897647157244562
S16,66.55,2.05,40.15,66.61,1.78,0.0933,1,32.83,0.0195,15.43,1,0,0.6027622575045402,3.56,0.030803902208279155
S16,68.89,2.07,49.23,54.08,1.12,0.0688,1,33.3,0.0413,16.24,1,0,0.9103178790092679,2.24,0.030047898091464926
S16,73.65,2.93,54.62,59.9,0.75,0.0586,2,33.27,0.0429,17.04,1,0,0.9118529362515966,2.25,0.03978275087810578
S16,76.35,2.3,52.64,41.04,0.93,0.0336,3,33.07,0.0703,17.82,1,0,1.2826507595880214,3.72,0.030124423035439024
S16,67.64,2.25,51.84,27.13,1.27,0.0283,1,33.21,0.0244,16.2,1,0,1.9107991482494848,2.54,0.03326433570899827
S16,63.83,3.18,32.44,53.36,1.69,0.0308,1,33.05,0.0399,17.04,1,0,0.6079459130536145,3.38,0.04981982612880681
S16,72.0,1.27,48.91,64.5,1.44,0.0489,0,32.83,0.0389,17.65,1,0,0.7582944560783789,1.44,0.01763888643904355
S16,66.81,3.65,46.71,58.87,1.44,0.0716,1,33.04,0.05,16.94,1,0,0.7934430451090462,2.88,0.054632531861617734
S16,69.54,2.75,52.54,70.56,1.39,0.0305,0,32.78,0.057,15.18,1,0,0.7446144069424026,1.39,0.039545579587923554
S16,69.86,2.41,64.91,55.08,1.93,0.0186,0,33.17,0.0469,13.12,1,0,1.1784674694140396,1.93,0.03449756162359553
S16,67.61,3.48,54.14,61.82,1.48,0.0835,0,32.99,0.0542,13.34,1,0,0.8757682180899032,1.48,0.051471668174579474
S16,68.67,1.34,43.27,40.97,0.83,0.0635,1,33.39,0.0753,16.72,1,0,1.0561383802444764,1.66,0.019513613002240717
S16,60.7,4.18,41.2,70.36,1.71,0.0614,2,32.93,0.0615,17.03,1,0,0.5855598940363994,5.13,0.06886325059913498
S16,63.89,4.15,49.34,45.75,1.09,0.0517,2,32.97,0.0491,15.79,1,0,1.0784697096241072,3.2700000000000005,0.06495538191338521
S16,72.55,4.61,42.97,53.52,0.64,0.0286,1,33.21,0.0573,19.33,1,0,0.8028772789840658,1.28,0.06354237580394545
S16,65.34,3.89,50.25,57.45,1.12,0.0503,3,33.26,0.0565,15.39,1,0,0.8746734769933024,4.48,0.0595347322413939
S16,66.91,3.48,49.54,63.47,1.65,0.0492,2,32.79,0.0689,16.67,1,0,0.7805261098903246,4.949999999999999,0.05201015513224404
S16,68.79,4.45,52.12,51.84,0.71,0.053,0,32.91,0.0571,15.62,1,0,1.005401040624799,0.71,0.0646896257174552
S16,66.65,3.32,36.48,46.2,1.02,0.0472,0,32.68,0.0524,16.46,1,0,0.7896102186990867,1.02,0.04981244563954303
S16,67.74,2.04,41.46,51.31,1.16,0.0443,2,32.9,0.0646,17.62,1,0,0.8080294663750796,3.4799999999999995,0.030115141701337216
S16,71.37,1.34,48.73,46.87,1.19,0.0488,0,33.22,0.0428,15.57,1,0,1.0396840111619348,1.19,0.01877539319386392
S16,74.38,3.63,46.57,44.84,1.08,0.0714,0,33.01,0.078,14.57,1,0,1.0385813919310007,1.08,0.04880343522406087
S16,67.34,0.69,40.79,58.98,0.4,0.0217,2,33.45,0.0213,13.19,1,0,0.6915902523583838,1.2000000000000002,0.010246508724902178
S16,72.14,2.61,37.72,52.16,1.38,0.0427,0,33.23,0.032,17.33,1,0,0.7231593705599366,1.38,0.03617964566403581
S16,64.48,2.98,48.41,48.88,1.71,0.0643,0,32.75,0.0174,15.49,1,0,0.9903844127691461,1.71,0.04621587372582603
S16,73.75,2.49,41.42,60.8,1.47,0.0354,3,32.93,0.0881,13.18,1,0,0.6812498879523211,5.88,0.03376270728641257
S16,66.41,2.68,37.03,35.32,0.53,0.0437,2,33.24,0.0486,13.39,1,0,1.0484141992032279,1.59,0.040355362090745056
S16,68.64,3.01,62.11,45.75,0.94,0.0382,2,33.14,0.0563,17.85,1,0,1.3575953316731515,2.82,0.04385197496329035
S16,72.94,1.95,41.62,41.02,1.14,0.0356,3,33.43,0.0672,14.8,1,0,1.0146267638647575,4.56,0.02673429850091877
S16,70.64,3.01,44.17,49.62,1.36,0.0297,1,32.55,0.0464,19.35,1,0,0.8901650765487552,2.72,0.04261041299399589
S16,68.56,2.02,35.06,59.56,1.3,0.0267,0,33.2,0.0602,18.38,1,0,0.588650001905641,1.3,0.029463239576540318
S16,77.68,2.1,55.1,68.34,0.51,0.0853,2,33.07,0.034,15.6,1,0,0.806262685650763,1.53,0.02703398210170158
S16,65.72,4.15,55.1,53.62,0.52,0.0671,1,33.21,0.0611,17.31,1,0,1.0276014495334858,1.04,0.06314667328869852
S16,74.6,2.73,43.3,47.01,0.59,0.0048,6,33.28,0.049,14.57,1,0,0.9210804252115665,4.13,0.036595169357215906
S16,67.53,2.88,30.26,47.29,0.95,0.0709,0,32.72,0.0341,12.54,1,0,0.639881446419656,0.95,0.042647705812571324
S16,87.3,8.84,12.3,21.82,4.74,0.3166,3,31.87,0.1533,18.83,2,1,0.5637027664056983,18.96,0.10126001131042253
S16,67.54,8.2,22.17,22.47,3.36,0.1576,7,32.48,0.1482,22.11,2,1,0.9866484260576655,26.88,0.1214095171143741
S16,71.74,8.91,22.58,28.06,1.71,0.3517,7,31.8,0.1183,24.5,2,1,0.8047039184946834,13.68,0.1241984772513971
S16,95.81,6.31,19.28,34.64,3.36,0.4095,6,32.66,0.1293,21.68,2,1,0.5565818254671404,23.52,0.06585950674673763
S16,98.07,5.29,11.35,16.47,7.22,0.1396,5,32.03,0.086,27.36,2,1,0.6891313362894134,43.32,0.05394105700611227
S16,89.3,6.87,22.13,22.62,7.2,0.3532,5,31.49,0.1384,22.85,2,1,0.978337321689955,43.2,0.07693168231448126
S16,83.72,9.32,16.67,28.68,6.52,0.1859,7,32.76,0.1446,22.99,2,1,0.5812410804598744,52.16,0.11132344585243122
S16,85.7,4.97,15.58,32.1,6.88,0.3925,11,31.83,0.04,24.17,2,1,0.4853581042498117,82.56,0.057992992066161944
S16,99.32,10.06,6.46,27.2,6.58,0.2487,3,32.47,0.1674,21.65,2,1,0.23749991268385565,26.32,0.10128875339420526
S16,78.83,6.54,21.04,21.77,4.47,0.1897,3,31.75,0.0849,22.95,2,1,0.9664671720408029,17.88,0.08296332830606008
S16,81.99,5.76,21.55,24.49,3.54,0.4278,4,32.63,0.0719,21.72,2,1,0.8799506410981458,17.7,0.07025246124497363
S16,84.45,9.31,6.95,26.53,5.07,0.3748,4,32.39,0.1267,20.17,2,1,0.26196748512345075,25.35,0.11024273413348323
S16,89.19,8.14,24.44,36.68,4.16,0.4024,4,32.31,0.0559,17.06,2,1,0.6663029808334294,20.8,0.09126582674449751
S16,92.78,4.27,26.96,28.08,5.84,0.2416,3,32.35,0.0273,21.33,2,1,0.960113618193156,23.36,0.04602284479167441
S16,70.89,10.65,26.68,33.45,4.56,0.1501,4,31.95,0.1001,20.95,2,1,0.7976081322546689,22.799999999999997,0.15023273378011937
S16,98.12,6.83,23.6,25.61,5.58,0.2098,10,32.51,0.1359,24.03,2,1,0.921514673364048,61.38,0.06960863538436247
S16,80.14,6.97,7.89,28.38,3.33,0.1885,7,32.7,0.0881,25.2,2,1,0.27801258702868675,26.64,0.08697278675158637
S16,85.8,5.48,28.88,20.6,4.07,0.1315,5,32.28,0.1149,18.75,2,1,1.4019410670188994,24.42,0.06386945642547129
S16,81.31,5.99,6.0,22.62,5.81,0.1809,4,31.96,0.1117,23.54,2,1,0.26525187212560913,29.049999999999997,0.07366866637945316
S16,83.2,5.17,31.83,21.31,5.29,0.3079,5,32.55,0.0471,22.04,2,1,1.4936642451129774,31.740000000000002,0.06213941560824331
S16,95.3,7.66,20.82,26.66,6.18,0.2493,5,32.24,0.067,13.19,2,1,0.7809449433814917,37.08,0.08037774602542015
S16,96.23,8.92,23.38,36.71,4.53,0.2042,9,32.22,0.0949,22.76,2,1,0.6368835094297167,45.300000000000004,0.09269457625536981
S16,78.61,6.91,30.46,21.86,4.57,0.1136,5,32.05,0.0349,28.92,2,1,1.3934119883751197,27.42,0.08790229132396751
S16,72.37,6.94,22.0,42.11,5.2,0.2093,7,32.93,0.115,27.24,2,1,0.5224411012963426,41.6,0.09589607628905951
S16,90.52,11.64,15.81,40.17,5.09,0.2134,8,31.9,0.062,25.64,2,1,0.3935771985120242,45.81,0.1285903525640353
S16,82.84,6.35,17.99,27.57,4.67,0.1218,3,32.5,0.0514,19.87,2,1,0.652520619325129,18.68,0.07665378118616836
S16,92.14,8.55,23.73,36.51,4.61,0.2557,2,32.36,0.0389,22.56,2,1,0.6499587373435395,13.830000000000002,0.09279356492364176
S16,83.82,10.61,25.72,29.49,5.53,0.243,7,32.95,0.1022,16.56,2,1,0.8721597585080507,44.24,0.12658075321155413
S16,91.44,4.62,24.17,41.79,5.75,0.2582,7,32.78,0.1153,22.69,2,1,0.578367892230703,46.0,0.05052492885772869
S16,87.09,11.13,19.9,29.4,5.13,0.1957,8,32.76,0.0184,24.93,2,1,0.6768705180712523,46.17,0.12779881412345687
S16,100.55,9.56,22.18,27.35,5.06,0.2097,8,32.48,0.1138,21.91,2,1,0.8109686248743602,45.54,0.09507706662585116
S16,84.61,3.35,18.78,32.77,4.07,0.2751,5,32.63,0.1122,20.89,2,1,0.5730849639655282,24.42,0.0395934239932131
S16,87.45,8.27,20.07,16.57,1.46,0.3737,3,32.71,0.0865,24.66,2,1,1.2112243746382771,5.84,0.09456831394301726
S16,88.44,12.27,24.23,31.96,2.44,0.3384,7,32.71,0.0932,22.11,2,1,0.7581349317475182,19.52,0.13873811185683946
S16,73.94,6.28,18.1,15.41,6.79,0.3018,13,32.25,0.1809,19.27,2,1,1.1745612105378258,95.06,0.08493371856454983
S16,88.21,7.53,22.73,25.25,4.39,0.2682,9,32.74,0.1469,24.17,2,1,0.9001976632880542,43.9,0.08536446147098273
S16,84.52,6.9,36.1,29.2,4.76,0.196,8,32.36,0.0681,19.45,2,1,1.2363009464722787,42.839999999999996,0.08163747259376804
S16,73.25,3.77,11.43,28.93,2.63,0.4116,6,31.69,0.1194,27.12,2,1,0.3950914638467114,18.41,0.051467569765519486
S16,94.67,7.09,13.38,17.29,4.64,0.1194,7,32.52,0.1132,29.24,2,1,0.7738572736510854,37.12,0.07489172125364726
S16,79.86,4.32,20.49,23.97,4.66,0.2828,4,33.16,0.0662,22.04,2,1,0.8548181665339314,23.3,0.05409465889122729
S16,76.89,7.76,14.01,18.05,4.6,0.1278,9,32.26,0.0739,25.03,2,1,0.7761768553036813,46.0,0.10092338393505215
S16,89.77,5.46,26.67,16.02,6.28,0.2492,5,32.29,0.0813,21.6,2,1,1.6647929682940275,37.68,0.06082209414925987
S16,94.62,5.57,13.63,35.31,7.22,0.3028,6,33.04,0.0266,21.49,2,1,0.3860095196801133,50.54,0.05886704091449578
S16,91.55,9.82,25.92,10.0,4.87,0.3047,7,32.69,0.0614,22.06,2,1,2.5919974080025923,38.96,0.10726377856212141
S16,65.44,7.35,29.7,43.13,4.14,0.2229,1,31.47,0.0276,19.24,2,1,0.688615652998921,8.28,0.11231660875357445
S16,86.43,6.25,14.16,31.89,4.68,0.1533,4,32.72,0.1062,21.41,2,1,0.44402620130881115,23.4,0.07231284596634895
S16,78.17,4.49,9.92,25.45,5.1,0.3014,8,32.35,0.1457,23.58,2,1,0.38978373682367906,45.9,0.05743890783690574
S16,91.8,8.81,27.75,34.92,5.47,0.3282,6,32.52,0.0882,25.9,2,1,0.7946733119492233,38.29,0.09596948845648275
S16,100.32,8.25,23.05,39.52,2.8,0.3431,4,32.78,0.0968,20.85,2,1,0.5832488402710424,14.0,0.08223683390781161
S16,86.35,4.87,16.97,30.93,4.26,0.3349,6,32.86,0.059,23.19,2,1,0.5486580832013956,29.82,0.05639837216000323
S16,94.47,7.81,33.48,22.92,4.9,0.2823,9,32.54,0.1028,24.36,2,1,1.4607323469754157,49.0,0.08267173889364465
S16,78.06,9.85,18.32,33.53,5.46,0.3061,11,33.4,0.0951,20.92,2,1,0.5463762164103142,65.52,0.12618496974315016
S16,93.29,6.41,29.23,20.57,4.58,0.3182,3,31.96,0.0853,16.25,2,1,1.4210007676223784,18.32,0.06871046535422173
S16,86.13,6.92,31.47,33.42,4.16,0.278,3,32.21,0.135,20.39,2,1,0.9416514238026857,16.64,0.08034365722237813
S16,86.46,6.01,11.72,29.04,5.62,0.2862,11,31.66,0.103,17.7,2,1,0.4035811282434132,67.44,0.06951190498358721
S16,97.56,6.78,9.79,33.2,5.11,0.469,3,32.15,0.0465,35.46,2,1,0.2948794292531839,20.44,0.06949568783357034
S16,75.05,8.33,30.39,23.73,5.54,0.1632,6,31.78,0.1297,25.65,2,1,1.280656856023238,38.78,0.11099265676313701
S16,88.11,4.67,27.88,15.12,5.02,0.4254,6,32.68,0.1153,24.38,2,1,1.8439141243954205,35.14,0.05300192339099723
S16,85.91,10.99,21.32,31.38,8.53,0.1865,4,32.2,0.0039,27.56,2,1,0.6794134227490687,42.65,0.12792455733621727
S16,75.69,5.52,28.42,20.91,4.46,0.1157,7,32.26,0.0746,26.47,2,1,1.3591576474616704,35.68,0.07292904307979348
S16,91.56,8.6,13.87,30.28,5.24,0.2374,8,32.5,0.1049,18.48,2,1,0.4580579729002731,47.160000000000004,0.09392746899000994
S16,81.71,6.99,20.08,23.13,4.87,0.3819,5,32.57,0.0652,18.17,2,1,0.8681362437802664,29.22,0.0855464342740871
S16,94.13,9.81,17.71,31.46,7.22,0.254,7,32.59,0.136,19.16,2,1,0.562936883999719,57.76,0.10421756037208538
S16,89.9,6.11,31.76,31.14,6.22,0.1579,6,32.49,0.0802,24.88,2,1,1.0199097559698922,43.54,0.06796439733432733
S16,79.36,10.16,26.4,25.77,2.52,0.531,9,31.63,0.0593,26.38,2,1,1.0244466338973093,25.2,0.12802417741630828
S16,91.72,9.32,32.22,16.84,4.84,0.374,2,32.91,0.0219,25.23,2,1,1.9133005265436303,14.52,0.10161359555019674
S16,79.98,1.71,29.64,30.76,6.01,0.3387,6,32.39,0.0487,25.24,2,1,0.9635887634626906,42.07,0.02138034241306046
S16,84.24,8.7,12.09,22.08,4.61,0.4646,5,32.86,0.0787,22.22,2,1,0.5475540998396288,27.660000000000004,0.10327634101657869
S16,80.65,4.83,34.56,25.19,5.36,0.1719,6,32.58,0.1466,27.03,2,1,1.3719724605111312,37.52,0.05988839926988229
S16,76.52,7.72,18.92,25.41,6.06,0.3,9,32.75,0.104,21.21,2,1,0.7445884515590511,60.599999999999994,0.10088864337576536
S16,92.41,6.7,17.05,24.64,3.76,0.1396,8,31.72,0.1408,20.63,2,1,0.6919640048847383,33.839999999999996,0.07250296802262006
S16,89.1,6.04,17.45,38.87,5.41,0.3413,4,32.84,0.071,17.57,2,1,0.4489322230686331,27.05,0.06778899351414215
S16,93.95,5.56,39.35,24.02,5.15,0.0496,7,32.09,0.0898,24.77,2,1,1.6382174695181226,41.2,0.05918040881528378
S16,94.41,4.94,30.36,36.98,5.88,0.1389,5,31.53,0.087,23.05,2,1,0.8209840938388064,35.28,0.052324960033369346
S16,95.91,5.27,32.27,18.41,6.29,0.317,7,32.98,0.0884,21.06,2,1,1.75285075890779,50.32,0.054947340741597246
S16,94.87,10.75,30.5,36.6,4.77,0.2718,4,32.55,0.0804,24.91,2,1,0.8333331056466924,23.849999999999998,0.11331294262538814
S16,83.5,4.55,8.43,21.25,4.32,0.2228,8,32.92,0.0639,22.79,2,1,0.3967056956679079,38.88,0.054491011438202216
S16,82.96,9.68,19.52,17.26,5.83,0.5956,7,32.45,0.0881,21.9,2,1,1.1309379310904222,46.64,0.11668272460430032
S16,83.75,5.14,23.71,22.08,6.37,0.1071,6,32.46,0.1132,18.19,2,1,1.0738219774356987,44.59,0.06137312700022363
S16,88.83,7.31,26.19,35.77,1.45,0.3713,3,33.19,0.1523,20.37,2,1,0.73217759793749,5.8,0.0822920091982428
S16,76.06,4.13,32.25,64.27,2.04,0.1112,2,33.06,0.0744,15.55,3,0,0.5017892482045669,6.12,0.05429923030512354
S16,77.95,0.4,43.04,31.11,2.41,0.0774,2,33.2,0.0828,18.2,3,0,1.3834775366513865,7.23,0.00513149388948122
S16,76.79,5.46,42.91,47.07,2.09,0.1147,0,32.86,0.0658,21.28,3,0,0.9116207963414495,2.09,0.07110299894478461
S16,78.0,6.29,42.23,50.36,2.59,0.1464,1,33.39,0.046,18.14,3,0,0.8385621845587401,5.18,0.08064101530243394
S16,77.95,5.4,26.13,48.49,2.49,0.0882,3,33.55,0.0568,20.75,3,0,0.5388738835071388,9.96,0.06927516750799648
S16,72.64,8.08,34.88,48.0,1.41,0.1108,2,33.39,0.0542,21.43,3,0,0.7266665152778093,4.2299999999999995,0.11123346486323446
S16,77.12,4.61,49.37,36.4,2.0,0.1306,1,32.84,0.0294,21.24,3,0,1.3563183087037611,4.0,0.0597769632031946
S16,75.66,6.11,35.34,38.21,1.96,0.085,3,33.54,0.0431,20.28,3,0,0.9248885305185736,7.84,0.08075600307216454
S16,69.68,4.37,27.0,55.12,1.89,0.072,1,33.06,0.0813,19.74,3,0,0.48984025946294274,3.78,0.06271526080435406
S16,74.88,4.32,34.95,33.39,2.48,0.1369,2,33.14,0.0579,21.11,3,0,1.0467202615393048,7.4399999999999995,0.05769229998767362
S16,76.58,4.42,34.59,55.61,2.17,0.0899,3,33.06,0.0621,13.42,3,0,0.6220103179265748,8.68,0.05771741215494748
S16,75.64,3.11,42.45,62.07,2.32,0.1407,2,33.21,0.0356,21.98,3,0,0.6839051580626457,6.959999999999999,0.04111580630409752
S16,80.55,4.55,41.33,29.42,2.51,0.194,2,33.0,0.0299,22.21,3,0,1.4048261710312129,7.529999999999999,0.05648664723939823
S16,71.01,4.75,26.82,43.18,2.45,0.1112,2,32.97,0.0525,23.24,3,0,0.6211207454560571,7.3500000000000005,0.06689197762399976
S16,74.17,4.84,40.92,52.07,1.82,0.0642,0,33.18,0.0655,21.41,3,0,0.785865030561738,1.82,0.06525548533699806
S16,76.06,3.83,44.77,40.54,2.03,0.0706,0,32.86,0.053,16.23,3,0,1.1043411188107748,2.03,0.05035497628780222
S16,70.56,4.16,27.71,47.28,2.33,0.0665,1,32.78,0.0672,19.75,3,0,0.5860827863615088,4.66,0.05895690774420242
S16,76.79,1.21,45.28,44.78,2.96,0.147,1,33.12,0.0457,20.77,3,0,1.0111654731653699,5.92,0.01575725800791014
S16,70.69,3.87,42.82,21.52,1.63,0.1588,1,33.36,0.0626,18.09,3,0,1.9897760270557496,3.26,0.054746066664865374
S16,73.66,4.62,39.46,48.9,2.18,0.0632,6,32.86,0.0413,18.67,3,0,0.8069528002141513,15.260000000000002,0.06272059968495795
S16,67.24,3.53,37.72,33.0,2.48,0.0718,0,33.12,0.0328,16.94,3,0,1.1430299566575888,2.48,0.05249850498237582
S16,82.84,4.0,31.39,42.45,1.81,0.1565,1,33.62,0.0442,16.84,3,0,0.7394580119062397,3.62,0.048285846416484014
S16,71.44,4.04,36.26,58.67,2.14,0.0893,0,32.93,0.0793,14.09,3,0,0.6180329609625087,2.14,0.05655094393183876
S16,69.19,3.84,33.27,53.89,3.03,0.0588,5,33.07,0.0279,20.44,3,0,0.6173685994862499,18.18,0.05549934159570146
S16,78.26,4.2,40.61,47.38,2.44,0.1111,5,32.84,0.0558,17.01,3,0,0.8571125248812737,14.64,0.053667256112029625
S16,78.19,6.27,33.82,41.51,2.28,0.0705,2,32.69,0.0565,20.25,3,0,0.8147432390404146,6.84,0.08018927226125178
S16,72.71,4.35,34.59,38.81,1.45,0.0511,1,33.0,0.0734,16.44,3,0,0.8912649082028063,2.9,0.05982670061522478
S16,73.75,6.65,41.33,38.23,2.02,0.0899,2,32.77,0.0671,21.87,3,0,1.0810878678818028,6.0600000000000005,0.09016947929905365
S16,69.61,5.71,46.07,39.75,2.64,0.0784,1,33.03,0.0276,15.66,3,0,1.1589934191211524,5.28,0.08202843240505209
S16,78.84,4.81,35.52,39.61,2.43,0.129,1,33.25,0.0627,21.28,3,0,0.8967430202617975,4.86,0.061009632038352093
S16,75.92,4.5,38.34,38.49,2.3,0.1428,1,33.44,0.0324,24.64,3,0,0.9961026250707651,4.6,0.05927291105467451
S16,79.87,3.42,43.9,52.9,1.43,0.1856,5,33.4,0.0834,18.59,3,0,0.8298675179834559,8.58,0.0428195764592993
S16,71.8,4.4,41.83,31.64,1.69,0.1358,5,32.96,0.0348,12.12,3,0,1.3220602648355673,10.14,0.0612813285123498
S16,67.59,2.72,40.38,43.11,2.25,0.0771,2,32.59,0.0691,17.62,3,0,0.9366734083337025,6.75,0.04024263348977164
S16,70.95,4.08,30.93,36.9,1.95,0.0523,4,33.2,0.0293,22.87,3,0,0.8382111549563265,9.75,0.05750527730721954
S16,67.56,2.93,38.56,55.41,2.16,0.1794,3,33.01,0.0516,19.76,3,0,0.6959031409667676,8.64,0.04336885089271005
S16,71.53,4.45,42.05,50.47,2.28,0.1529,0,33.31,0.0875,22.55,3,0,0.8331680536619667,2.28,0.06221165074630913
S16,73.38,5.13,33.04,55.1,1.22,0.0876,3,33.41,0.0764,17.22,3,0,0.5996369147664401,4.88,0.06991004770917857
S16,68.61,4.36,37.18,55.91,1.79,0.1174,4,33.11,0.0919,19.99,3,0,0.6649971981761406,8.95,0.06354757855304205
S16,71.81,1.68,38.74,36.4,2.51,0.0751,4,33.54,0.0286,17.36,3,0,1.0642854218996094,12.549999999999999,0.023395067066555204
S17,73.77,2.78,51.83,71.33,1.59,0.0356,1,33.64,0.0236,14.63,1,0,0.7266226375125981,3.18,0.037684690567345726
S17,67.24,2.55,42.22,45.91,1.18,0.031,0,33.84,0.0532,17.1,1,0,0.9196251536429637,1.18,0.03792384920823182
S17,76.48,3.31,51.83,63.47,1.51,0.0151,2,33.51,0.0283,16.92,1,0,0.8166061420188842,4.53,0.0432792830440268
S17,63.39,2.98,57.09,42.41,1.58,0.0386,0,33.84,0.0358,16.68,1,0,1.346144459763155,1.58,0.04701056207437102
S17,66.93,3.4,36.99,59.39,1.48,0.0577,1,34.13,0.0739,17.37,1,0,0.6228320217491123,2.96,0.05079933500682279
S17,71.31,4.73,39.99,39.81,1.4,0.0293,2,33.62,0.0066,17.14,1,0,1.0045212246869568,4.199999999999999,0.06633009867759099
S17,72.52,3.71,47.89,54.17,1.46,0.0753,2,33.51,0.0499,13.2,1,0,0.88406850949446,4.38,0.05115829410393077
S17,78.12,4.17,54.41,65.7,1.52,0.0319,2,33.55,0.0774,17.05,1,0,0.8281581692301111,4.5600000000000005,0.05337940944964036
S17,73.38,4.05,42.22,82.12,1.2,0.0519,5,33.86,0.0538,16.6,1,0,0.5141256071449577,7.199999999999999,0.05519214292829886
S17,68.66,3.35,56.77,54.28,1.66,0.0729,1,33.39,0.0675,13.39,1,0,1.0458730571346615,3.32,0.04879113766514162
S17,79.55,3.23,35.77,45.86,1.41,0.0296,2,33.84,0.0521,15.84,1,0,0.7799823855249923,4.2299999999999995,0.04060338898763181
S17,74.19,3.39,39.16,63.0,1.38,0.0614,1,33.49,0.0271,15.03,1,0,0.6215872029226661,2.76,0.04569348352965581
S17,69.11,3.21,31.61,39.34,1.14,0.0613,2,33.27,0.0646,19.2,1,0,0.803507675773341,3.42,0.046447685364247523
S17,64.08,4.58,53.56,47.24,0.91,0.0397,1,33.79,0.0578,16.82,1,0,1.1337846880218696,1.82,0.07147314739807313
S17,65.46,4.95,55.3,37.69,1.82,0.0419,3,34.5,0.0573,17.14,1,0,1.4672322984260284,7.28,0.07561868688990424
S17,63.1,2.86,38.56,54.1,0.94,0.0271,1,33.77,0.0481,16.94,1,0,0.7127540272173701,1.88,0.04532487395802314
S17,72.81,3.3,43.8,47.43,1.67,0.0433,2,33.51,0.0587,14.03,1,0,0.9234659659569963,5.01,0.04532343835689625
S17,70.54,3.01,40.75,44.12,0.92,0.0438,6,33.98,0.0516,13.41,1,0,0.9236171977295563,6.44,0.04267081901462729
S17,69.97,3.35,49.18,67.52,0.97,0.0601,0,34.08,0.0178,16.93,1,0,0.7283766693754933,0.97,0.04787765501248321
S17,72.14,5.69,34.51,62.97,1.04,0.0693,1,33.41,0.0761,15.41,1,0,0.5480386615787419,2.08,0.07887439993423899
S17,62.23,2.68,66.46,59.84,1.28,0.0794,0,33.76,0.0695,17.54,1,0,1.110628156646364,1.28,0.04306603839530156
S17,71.27,3.86,57.22,59.24,1.58,0.0545,2,33.27,0.0796,14.16,1,0,0.9659012549120095,4.74,0.05416022812400335
S17,69.24,4.23,38.82,71.38,1.27,0.0376,1,33.86,0.034,16.7,1,0,0.5438497416853822,2.54,0.06109184559620948
S17,68.21,3.43,47.98,55.14,1.29,0.0457,2,33.42,0.0501,14.07,1,0,0.8701485545613792,3.87,0.050285874463293585
S17,67.15,3.33,67.43,39.11,0.53,0.0578,1,33.66,0.0646,15.03,1,0,1.7241110396034163,1.06,0.049590461714004205
S17,64.21,3.01,53.75,61.75,1.19,0.0844,0,33.36,0.0575,19.73,1,0,0.8704452031667687,1.19,0.046877426120942825
S17,76.11,2.85,47.63,62.53,0.44,0.0572,4,33.68,0.0814,17.17,1,0,0.7617142552831833,2.2,0.03744579720854064
S17,70.08,3.1,31.31,61.15,1.06,0.0511,0,33.91,0.0496,16.73,1,0,0.5120195401439835,1.06,0.04423515350525778
S17,67.12,3.83,56.12,51.26,1.08,0.0565,1,33.96,0.046,17.05,1,0,1.0948105550506135,2.16,0.05706197004440255
S17,75.4,5.46,33.92,63.78,1.22,0.0758,1,33.61,0.0027,13.98,1,0,0.5318280759128134,2.44,0.0724137834994982
S17,71.27,2.09,39.97,59.51,1.2,0.0193,2,34.07,0.0301,18.41,1,0,0.671651710359316,3.5999999999999996,0.02932509761118316
S17,65.66,2.4,38.2,58.97,1.7,0.0501,2,33.55,0.0373,13.34,1,0,0.6477869004939969,5.1,0.03655192863966972
S17,67.68,3.23,39.08,48.98,1.11,0.1078,1,33.79,0.0674,16.51,1,0,0.7978765214625313,2.22,0.04772457923691204
S17,68.33,2.38,46.65,49.12,1.16,0.0328,3,34.08,0.0636,14.96,1,0,0.94971479036751,4.64,0.03483096226679902
S17,70.65,3.16,45.17,50.75,1.19,0.0525,1,33.67,0.07,17.19,1,0,0.8900490857046136,2.38,0.04472752374698885
S17,72.64,4.63,33.26,51.17,1.11,0.0436,1,33.25,0.0225,17.98,1,0,0.6499901016239785,2.22,0.06373897800950191
S17,56.69,2.19,37.9,49.72,0.76,0.0301,3,33.9,0.059,10.83,1,0,0.7622685514343218,3.04,0.03863114506418326
S17,70.65,1.36,32.22,66.9,0.48,0.0745,2,33.85,0.0523,16.35,1,0,0.4816142777856086,1.44,0.01924982034680533
S17,70.76,3.42,47.32,63.09,1.5,0.0714,2,33.27,0.0617,13.33,1,0,0.7500395070471537,4.5,0.048332384350991464
S17,77.01,1.28,52.87,64.56,0.99,0.0519,0,33.58,0.0575,14.29,1,0,0.8189280020247828,0.99,0.01662121586531413
S17,66.3,2.89,56.38,57.69,1.74,0.0353,2,34.19,0.0516,14.92,1,0,0.9772922556262341,5.22,0.04358973701512262
S17,73.04,2.59,42.45,62.29,1.15,0.0833,0,33.14,0.0472,16.61,1,0,0.6814896963413556,1.15,0.035460017050928654
S17,61.5,2.67,35.79,51.31,1.12,0.031,2,33.44,0.0871,17.4,1,0,0.6975247130140881,3.3600000000000003,0.0434146270870525
S17,69.66,4.07,37.74,54.1,1.23,0.0135,3,33.98,0.0259,18.91,1,0,0.6975969135680381,4.92,0.05842663531056054
S17,70.28,3.86,43.69,73.13,0.62,0.0299,0,33.7,0.0664,15.61,1,0,0.5974291539136942,0.62,0.05492315667001185
S17,61.36,4.08,48.24,54.68,1.08,0.0516,1,33.91,0.0387,16.04,1,0,0.88222368649896,2.16,0.06649281836818476
S17,68.07,3.17,54.96,52.92,1.5,0.035,4,33.6,0.0209,16.77,1,0,1.0385485565856847,7.5,0.04656970081244296
S17,71.47,3.22,50.86,40.04,2.3,0.0357,0,33.37,0.0411,15.32,1,0,1.270229452989647,2.3,0.04505386245223696
S17,73.16,0.93,43.97,52.88,1.52,0.0384,2,33.82,0.0452,14.56,1,0,0.8315051377637787,4.5600000000000005,0.012711862669236924
S17,64.37,3.21,43.61,41.39,0.64,0.0361,1,33.99,0.0644,17.36,1,0,1.053635889433223,1.28,0.04986794316173012
S17,73.91,3.41,64.59,30.56,0.83,0.0827,1,33.51,0.0625,13.1,1,0,2.1135464288133416,1.66,0.04613718764210694
S17,68.93,3.66,53.36,61.26,1.61,0.0296,1,33.98,0.0653,16.27,1,0,0.8710413204307345,3.22,0.05309733742966234
S17,70.27,3.57,32.5,51.66,1.44,0.0684,2,33.49,0.0362,17.4,1,0,0.6291133122119024,4.32,0.05080403432417328
S17,70.84,1.6,39.42,68.87,0.81,0.0173,0,33.72,0.0357,15.75,1,0,0.5723826669983059,0.81,0.02258610635430458
S17,56.73,3.95,30.31,64.27,1.51,0.0376,3,33.55,0.043,14.95,1,0,0.47160409652962554,6.04,0.06962805047980777
S17,74.55,2.13,48.67,63.7,1.1,0.0458,2,33.47,0.0516,13.52,1,0,0.7640501155337338,3.3000000000000003,0.02857142473891016
S17,60.24,4.39,51.82,56.32,1.3,0.0138,0,33.62,0.0353,13.89,1,0,0.9200992684482833,1.3,0.07287515390518692
S17,71.09,1.82,45.89,67.49,1.87,0.0277,5,34.46,0.0392,18.13,1,0,0.6799524848196051,11.22,0.02560134679964175
S17,70.59,1.63,50.25,50.51,0.76,0.0219,1,33.29,0.0529,17.28,1,0,0.9948523074931088,1.52,0.023091086118276507
S17,68.12,2.71,35.56,72.51,1.03,0.0551,1,33.46,0.0734,17.08,1,0,0.4904150475224041,2.06,0.03978273050752634
S17,76.94,1.83,50.08,45.75,1.49,0.0485,2,33.38,0.0385,17.08,1,0,1.0946445694765967,4.47,0.02378476425984348
S17,74.35,5.2,42.71,59.56,1.88,0.0599,4,34.04,0.0827,15.96,1,0,0.7170918876608651,9.399999999999999,0.06993946604714647
S17,72.65,3.26,38.85,82.98,2.33,0.0493,1,33.84,0.0333,14.1,1,0,0.46818504842310815,4.66,0.0448726710429909
S17,78.02,4.7,43.08,45.46,1.36,0.0452,1,33.42,0.0258,15.59,1,0,0.9476460739889849,2.72,0.06024095613420199
S17,67.86,2.76,41.91,46.47,1.25,0.0448,0,33.99,0.0571,14.54,1,0,0.9018719815209851,1.25,0.04067196571294345
S17,69.16,6.23,41.05,63.69,1.71,0.0461,2,33.67,0.0279,18.07,1,0,0.6445280821905978,5.13,0.09008095863491056
S17,69.79,3.22,46.66,63.89,1.5,0.0322,3,33.78,0.0487,12.45,1,0,0.730317619296037,6.0,0.04613840863470287
S17,72.55,4.28,44.74,51.45,1.36,0.0101,4,33.51,0.0364,16.98,1,0,0.8695819495467542,6.800000000000001,0.05899378924965
S17,70.99,2.94,44.26,39.25,1.91,0.0425,2,33.84,0.0537,15.36,1,0,1.1276430248043248,5.7299999999999995,0.041414277868111304
S17,71.8,3.91,53.09,62.99,1.72,0.0618,0,33.91,0.0614,17.67,1,0,0.8428320617824954,1.72,0.05445681692801993
S17,67.32,2.29,31.48,49.72,1.16,0.0902,1,33.48,0.044,15.4,1,0,0.6331454881042864,2.32,0.03401663190483781
S17,64.1,3.59,44.09,55.7,1.47,0.0515,2,33.7,0.0467,17.45,1,0,0.7915617968470742,4.41,0.056006231512288375
S17,64.17,3.94,50.4,58.52,0.85,0.019,1,34.05,0.0611,12.71,1,0,0.861243871967896,1.7,0.06139939825472989
S17,69.93,1.78,50.48,62.4,0.82,0.0551,1,33.83,0.0762,16.36,1,0,0.8089742293310529,1.64,0.025454021814096693
S17,68.32,4.57,44.51,58.59,0.39,0.0332,1,33.5,0.0058,17.52,1,0,0.7596858235729946,0.78,0.06689109091172557
S17,66.27,2.89,57.02,57.43,1.67,0.0533,2,33.28,0.0533,14.58,1,0,0.992860701225718,5.01,0.043609469803912816
S17,76.15,3.47,55.61,31.01,0.86,0.05,0,33.99,0.0107,15.91,1,0,1.7932919080000296,0.86,0.045567951993702956
S17,76.16,2.2,50.89,67.99,1.64,0.0566,1,34.34,0.0412,13.72,1,0,0.7484923152680814,3.28,0.028886550828971794
S17,77.26,3.67,31.71,58.66,1.24,0.0579,0,33.84,0.0385,14.24,1,0,0.5405727002092227,1.24,0.04750193534792449
S17,72.33,2.87,34.36,41.41,1.37,0.0775,1,34.18,0.0394,12.12,1,0,0.8297510674351443,2.74,0.03967924240574555
S17,63.23,2.32,48.71,44.82,1.64,0.0354,1,33.78,0.0586,17.12,1,0,1.086791368408887,3.28,0.036691438131988274
S17,67.5,3.62,63.55,58.15,0.71,0.0627,2,33.89,0.0728,13.18,1,0,1.0928630966701467,2.13,0.05362962168450049
S17,68.84,4.54,33.01,53.57,1.64,0.0393,2,33.58,0.0262,15.3,1,0,0.6162029837216756,4.92,0.06595001947268746
S17,65.96,3.77,37.73,69.11,2.0,0.0455,3,33.7,0.0777,14.93,1,0,0.5459411740788346,8.0,0.057155843366306344
S17,73.06,4.87,38.08,48.53,1.32,0.0611,1,33.93,0.0367,16.13,1,0,0.7846691150486059,2.64,0.06665753262283977
S17,77.31,3.76,54.98,72.46,1.35,0.0301,1,33.63,0.0516,14.45,1,0,0.7587633509849088,2.7,0.04863535782753099
S17,70.89,4.41,37.9,54.28,1.58,0.0373,0,33.62,0.0562,16.77,1,0,0.6982312641430979,1.58,0.062209047508950836
S17,81.54,3.42,45.72,52.2,1.67,0.0644,2,33.97,0.0528,14.29,1,0,0.8758619011758809,5.01,0.04194259971270545
S17,61.31,1.99,62.49,52.62,1.35,0.0552,0,33.95,0.0544,18.22,1,0,1.1875710399903003,1.35,0.0324579950321326
S17,72.97,3.03,51.12,65.45,0.68,0.0851,0,33.88,0.034,15.47,1,0,0.7810541205417691,0.68,0.041523908246689285
S17,59.03,3.38,43.38,41.66,1.63,0.0292,0,33.84,0.0339,15.03,1,0,1.04128635590822,1.63,0.05725901113687766
S17,69.36,1.75,35.76,59.09,1.1,0.0397,0,33.84,0.072,16.03,1,0,0.6051784387919378,1.1,0.025230676869856274
S17,69.33,2.76,49.75,49.62,0.69,0.0145,1,33.4,0.0597,20.42,1,0,1.0026197092664835,1.38,0.03980960048902343
S17,70.25,3.85,71.04,61.15,1.24,0.0601,0,33.67,0.0392,13.4,1,0,1.1617332523739572,1.24,0.054804262661314926
S17,71.67,3.19,52.31,44.1,0.95,0.047,0,33.93,0.0494,17.45,1,0,1.1861675314812854,0.95,0.04450955148464469
S17,73.65,2.84,37.98,56.96,0.82,0.0478,1,33.92,0.0077,13.19,1,0,0.6667835908034425,1.64,0.03856075511734485
S17,74.54,3.22,45.21,34.49,0.72,0.0391,1,33.62,0.0554,17.03,1,0,1.3108143488505801,1.44,0.043198277005865704
S17,70.25,3.41,47.06,53.35,1.0,0.0267,2,33.79,0.0522,18.41,1,0,0.8820991786130874,3.0,0.04854091835716465
S17,67.47,1.3,33.88,58.05,1.9,0.056,4,33.42,0.0185,16.99,1,0,0.5836346970482865,9.5,0.01926781988026977
S17,74.2,3.08,49.16,48.32,1.55,0.0586,2,33.87,0.0506,17.06,1,0,1.0173838954089618,4.65,0.04150942836800157
S17,91.67,6.66,23.42,27.02,5.03,0.277,2,32.52,0.1201,18.3,2,1,0.8667650382068698,15.09,0.07265189564176987
S17,104.98,7.29,17.72,23.98,6.05,0.3323,8,32.99,0.0644,22.02,2,1,0.7389488161180916,54.449999999999996,0.06944179182303373
S17,99.44,5.92,13.62,20.51,3.72,0.4419,3,32.86,0.1149,17.64,2,1,0.6640659853408164,14.88,0.05953338098015074
S17,84.53,5.98,32.75,29.17,4.86,0.2756,5,33.28,0.113,28.45,2,1,1.1227284460992641,29.160000000000004,0.07074410614644433
S17,101.07,7.4,11.88,27.29,5.15,0.2276,5,32.59,0.0862,21.23,2,1,0.43532413509559,30.900000000000002,0.07321657532239287
S17,96.91,6.8,18.25,30.64,2.84,0.2792,5,32.6,0.0362,20.05,2,1,0.5956264374587346,17.04,0.07016819005590856
S17,92.73,4.96,20.07,19.65,6.04,0.3325,6,33.5,0.1029,20.24,2,1,1.021373526018562,42.28,0.05348861711543005
S17,77.28,7.52,26.08,27.37,2.46,0.4699,6,33.55,0.0817,19.64,2,1,0.9528677556201112,17.22,0.09730847602115993
S17,91.69,7.63,23.13,25.08,4.23,0.1363,3,32.74,0.0569,14.55,2,1,0.9222484361050893,16.92,0.08321517251443206
S17,88.16,7.73,21.69,29.03,4.52,0.1744,6,32.5,0.1061,19.54,2,1,0.747157854923233,31.639999999999997,0.08768147825754558
S17,95.52,5.75,13.19,23.66,2.83,0.3514,11,33.12,0.0781,19.77,2,1,0.557480744936287,33.96,0.060196811118424294
S17,95.26,5.8,11.62,39.49,2.73,0.3988,4,32.53,0.0915,22.86,2,1,0.29425163478054317,13.65,0.060885989829310316
S17,84.75,7.4,14.57,29.26,5.5,0.2717,9,33.65,0.0953,20.91,2,1,0.49794924882117264,55.0,0.0873156239155606
S17,92.56,7.09,28.08,41.22,6.15,0.2286,10,33.73,0.0656,19.42,2,1,0.6812225421585293,67.65,0.07659895455931778
S17,90.12,5.64,20.63,20.86,5.86,0.2926,5,32.56,0.0764,23.82,2,1,0.9889736390346888,35.160000000000004,0.06258321542574173
S17,87.77,11.17,18.85,31.42,3.4,0.5045,8,33.56,0.1082,23.48,2,1,0.5999361553354057,30.599999999999998,0.12726442665324977
S17,86.13,3.36,11.55,32.37,5.74,0.1848,5,32.78,0.1162,24.64,2,1,0.3568117526068111,34.44,0.03901079310219516
S17,67.83,8.94,29.08,31.99,5.41,0.3828,7,33.33,0.0966,23.86,2,1,0.9090337889859991,43.28,0.13180006902549476
S17,94.42,11.01,24.27,33.62,5.26,0.2578,8,33.22,0.0868,23.59,2,1,0.7218915163915774,47.339999999999996,0.11660663878345277
S17,93.36,10.51,21.74,42.51,8.0,0.3785,7,33.24,0.1098,20.52,2,1,0.5114089599132062,64.0,0.1125749665193909
S17,72.98,6.32,21.93,22.66,5.13,0.1378,4,32.45,0.046,22.68,2,1,0.9677842154526851,25.65,0.08659905637173795
S17,96.61,6.58,16.32,21.81,4.92,0.3195,1,33.15,0.0883,22.02,2,1,0.7482802621365144,9.84,0.0681088843692284
S17,78.0,6.43,29.06,36.42,6.75,0.4497,11,32.05,0.0545,19.04,2,1,0.7979130154000506,81.0,0.08243588686719398
S17,92.48,6.98,26.28,34.47,5.88,0.0999,1,32.92,0.0917,21.7,2,1,0.7624018675944684,11.76,0.07547577038540546
S17,86.97,5.06,27.9,16.66,7.46,0.3116,3,33.09,0.0346,22.82,2,1,1.6746688627437798,29.84,0.05818097525802285
S17,86.4,3.67,17.68,38.03,5.66,0.3679,7,33.16,0.0836,17.86,2,1,0.46489601238600775,45.28,0.042476846935550115
S17,76.7,8.09,22.3,31.85,6.89,0.6201,2,32.11,0.1335,21.46,2,1,0.7001567660418317,20.669999999999998,0.10547586630040856
S17,85.08,4.55,20.44,34.22,4.63,0.129,4,33.02,0.0109,20.67,2,1,0.597311339184296,23.15,0.05347907222859988
S17,101.84,5.23,25.04,23.44,5.13,0.2775,1,33.02,0.0842,22.13,2,1,1.0682589299236647,10.26,0.05135506172868601
S17,87.02,5.44,15.57,32.76,6.17,0.394,5,33.39,0.1426,22.5,2,1,0.4752745801970146,37.019999999999996,0.06251435732999801
S17,85.31,6.46,37.25,28.35,5.43,0.4498,7,32.62,0.0645,21.74,2,1,1.3139325171313871,43.44,0.0757238218586541
S17,98.78,6.1,20.12,33.28,5.18,0.192,4,32.91,0.1259,23.42,2,1,0.6045671260315125,25.9,0.061753385123164084
S17,95.27,7.99,18.73,33.88,5.8,0.3286,11,32.88,0.1025,22.79,2,1,0.5528333669323001,69.6,0.08386689578388834
S17,83.27,9.27,8.89,35.26,4.96,0.1242,3,33.34,0.0984,20.03,2,1,0.2521269846491819,19.84,0.1113245933319811
S17,77.95,3.3,7.88,25.01,6.66,0.2804,3,32.73,0.0383,23.5,2,1,0.31507384443268915,26.64,0.04233482458822006
S17,89.16,2.9,25.08,29.8,5.7,0.3067,6,33.11,0.0755,21.06,2,1,0.8416104558354175,39.9,0.03252579267319508
S17,80.65,4.54,20.91,17.44,5.12,0.2036,5,32.3,0.0852,26.81,2,1,1.1989672024270628,30.72,0.05629261546278791
S17,89.93,4.47,26.26,42.98,8.57,0.2189,6,33.32,0.1168,21.76,2,1,0.610981709869309,59.99,0.04970532083783822
S17,85.48,4.4,16.39,26.44,6.14,0.4862,6,33.25,0.0478,17.73,2,1,0.6198938653956636,42.98,0.05147402299087237
S17,77.66,8.98,17.74,20.87,5.67,0.2914,4,33.31,0.0734,24.78,2,1,0.8500235505397457,28.35,0.11563222822144886
S17,71.69,6.23,14.45,32.67,6.09,0.2232,4,32.37,0.0746,18.36,2,1,0.44230167055351366,30.45,0.0869019267817092
S17,96.28,7.7,18.43,16.03,4.79,0.3763,4,33.21,0.0201,26.44,2,1,1.1497185591275363,23.95,0.079975064398103
S17,85.87,9.7,20.78,22.94,6.9,0.0643,11,32.98,0.0309,20.27,2,1,0.9058409303221752,82.80000000000001,0.11296144020479325
S17,74.74,5.2,20.17,36.42,6.61,0.4486,6,34.4,0.1302,21.01,2,1,0.5538164322305238,46.27,0.06957451571119673
S17,88.45,5.84,17.79,22.78,5.25,0.4063,7,33.05,0.0576,20.48,2,1,0.7809478573538817,42.0,0.06602599592696484
S17,83.57,2.75,25.35,50.92,5.67,0.1052,10,33.35,0.0881,24.87,2,1,0.49783965085631365,62.37,0.03290654147343048
S17,85.27,6.9,16.88,18.94,6.32,0.4731,13,32.88,0.0226,18.38,2,1,0.8912350099075976,88.48,0.0809194229014398
S17,86.08,6.0,12.16,16.97,7.17,0.3591,5,33.29,0.0629,25.71,2,1,0.716558210631579,43.019999999999996,0.06970259413306294
S17,81.48,11.45,16.75,33.67,4.9,0.5546,8,33.11,0.0075,18.27,2,1,0.49747534972517077,44.1,0.14052526503126347
S17,90.83,6.16,12.69,22.23,6.48,0.1931,4,33.44,0.0739,20.6,2,1,0.5708499456365517,32.400000000000006,0.06781899506561763
S17,89.09,6.65,22.17,35.93,4.46,0.1432,4,33.12,0.0701,24.26,2,1,0.6170329482235045,22.3,0.07464361043398693
S17,82.96,6.43,28.07,26.01,4.59,0.3237,1,33.2,0.0435,24.24,2,1,1.0791998926567117,9.18,0.07750722305843502
S17,88.49,2.96,6.67,26.72,3.92,0.2785,7,33.18,0.1642,23.34,2,1,0.24962565508021892,31.36,0.03345010357666363
S17,85.31,7.27,15.51,21.02,4.3,0.2665,7,33.12,0.0867,23.21,2,1,0.7378683454479803,34.4,0.08521860447560607
S17,83.53,5.18,24.11,39.24,4.52,0.2774,10,33.29,0.136,23.24,2,1,0.6144239005035931,49.72,0.0620136403670968
S17,82.49,7.58,8.02,26.58,7.66,0.3466,6,33.14,0.0503,19.87,2,1,0.3017305110118469,53.620000000000005,0.09188991491212088
S17,94.61,4.3,16.56,28.84,6.21,0.2191,6,33.66,0.1112,25.28,2,1,0.5742022974333226,43.47,0.045449736238269076
S17,86.63,4.58,15.12,21.26,5.62,0.4598,6,32.6,0.1103,24.82,2,1,0.7111943973685807,39.34,0.052868515194676766
S17,79.96,7.96,21.7,31.04,4.5,0.2407,8,33.33,0.0542,23.95,2,1,0.6990977129195513,40.5,0.09954976243749845
S17,87.9,7.69,29.18,24.91,5.12,0.1645,4,32.79,0.0831,20.69,2,1,1.1714166313060492,25.6,0.08748576934177822
S17,87.28,2.19,23.84,23.9,5.67,0.1952,5,32.84,0.0619,25.11,2,1,0.9974891223894886,34.019999999999996,0.025091656153568266
S17,90.92,6.34,26.09,23.38,0.22,0.3173,5,32.52,0.1115,22.8,2,1,1.1159105577799155,1.32,0.06973162453457715
S17,74.63,8.14,24.15,30.95,5.16,0.4871,11,32.83,0.0939,23.22,2,1,0.7802905394860938,61.92,0.10907140438544763
S17,95.69,7.53,20.9,31.73,7.0,0.4386,6,33.54,0.1932,21.47,2,1,0.6586824271407414,49.0,0.07869160009493154
S17,84.69,12.01,23.59,49.99,2.92,0.4282,8,33.02,0.1964,25.09,2,1,0.47189428447803866,26.28,0.14181129509844195
S17,67.58,6.13,21.69,20.13,4.38,0.3526,9,33.59,0.0882,21.79,2,1,1.0774957389489623,43.8,0.09070729643277649
S17,96.07,10.65,14.26,27.28,5.6,0.3093,2,32.88,0.0806,19.59,2,1,0.5227270811117738,16.799999999999997,0.11085665547448159
S17,78.72,7.93,19.02,42.35,4.71,0.4139,8,33.09,0.0625,21.55,2,1,0.44911441579352634,42.39,0.10073677582103965
S17,87.68,4.37,12.15,29.92,3.94,0.3645,5,32.91,0.0331,18.72,2,1,0.40608275197768984,23.64,0.0498403227828099
S17,92.81,8.64,20.13,21.78,7.23,0.4303,6,33.25,0.0401,27.16,2,1,0.9242419998888889,50.61,0.09309340662715153
S17,80.46,2.56,34.77,34.97,6.63,0.1917,3,33.14,0.0604,27.33,2,1,0.9942805278008213,26.52,0.0318170479968869
S17,84.89,8.83,16.72,25.17,5.05,0.287,3,33.34,0.0627,22.07,2,1,0.6642826125218066,20.2,0.10401695087560951
S17,90.08,7.13,20.54,35.65,5.67,0.1572,4,33.33,0.1186,20.57,2,1,0.5761569211341034,28.35,0.07915185622204082
S17,83.89,11.07,20.8,28.88,6.29,0.5084,4,33.2,0.0168,19.68,2,1,0.720221357264073,31.45,0.13195850137578957
S17,89.13,7.56,7.5,20.29,6.15,0.1441,4,33.59,0.099,16.12,2,1,0.36964003467716383,30.75,0.084819916434431
S17,93.42,9.74,20.31,30.57,3.61,0.4013,5,32.6,0.1145,20.33,2,1,0.6643766227096425,21.66,0.10426031853347051
S17,87.81,3.92,25.79,36.64,6.32,0.4538,2,32.71,0.111,24.25,2,1,0.7038753537458095,18.96,0.04464183525317899
S17,98.28,6.03,13.55,26.73,4.59,0.608,8,33.37,0.1401,19.72,2,1,0.5069208728316974,41.31,0.061355305112402815
S17,85.15,6.2,31.28,28.63,5.83,0.5418,7,32.64,0.0954,22.51,2,1,1.0925598698708106,46.64,0.07281267494859953
S17,91.17,7.35,20.65,29.55,5.35,0.2287,7,32.76,0.1,20.28,2,1,0.698815330350142,42.8,0.08061861570487926
S17,76.86,5.64,42.45,44.56,1.66,0.0695,2,33.93,0.0792,15.37,3,0,0.9526479011113327,4.9799999999999995,0.07338016219357764
S17,66.06,4.19,54.29,47.73,2.95,0.1146,2,34.35,0.0618,24.23,3,0,1.1374395270396969,8.850000000000001,0.06342717780393918
S17,79.09,2.74,28.25,49.39,2.18,0.1744,3,34.06,0.0412,15.41,3,0,0.5719780174168825,8.72,0.03464407198835858
S17,69.3,4.06,36.97,33.28,2.98,0.1249,1,34.03,0.0767,18.76,3,0,1.1108770700489572,5.96,0.058585850131911955
S17,70.9,4.63,35.12,43.94,2.3,0.0966,2,33.74,0.0793,18.13,3,0,0.7992715522823048,6.8999999999999995,0.06530323479503035
S17,78.78,4.89,31.36,47.3,2.49,0.0134,2,33.79,0.0484,17.92,3,0,0.6630019739953543,7.470000000000001,0.062071583895457735
S17,74.91,6.31,38.43,37.65,2.06,0.1141,3,33.62,0.0625,16.07,3,0,1.0207168603673678,8.24,0.08423440338614291
S17,75.01,3.73,48.84,42.16,1.59,0.0864,2,33.42,0.0833,16.32,3,0,1.1584437479972136,4.7700000000000005,0.04972669647691021
S17,62.29,4.2,32.1,48.85,1.98,0.0596,2,33.87,0.0429,18.47,3,0,0.6571134785847536,5.9399999999999995,0.06742654239419772
S17,76.1,1.45,32.91,47.89,1.71,0.0511,2,34.12,0.0655,20.5,3,0,0.6871996894550657,5.13,0.019053873974523787
S17,72.31,2.23,45.8,50.67,2.96,0.1475,2,34.7,0.073,15.36,3,0,0.9038877237245462,8.879999999999999,0.03083943702953436
S17,81.75,6.42,33.81,37.12,2.1,0.1084,5,33.75,0.0502,14.36,3,0,0.910829496004985,12.600000000000001,0.07853210048536997
S17,71.22,4.76,32.07,34.45,1.34,0.1274,5,33.59,0.0688,14.3,3,0,0.9309140984284183,8.040000000000001,0.0668351492789737
S17,78.09,5.58,31.62,37.86,3.36,0.1511,3,33.29,0.0805,17.46,3,0,0.8351820297987242,13.44,0.07145600314303967
S17,68.79,4.38,42.09,51.69,2.47,0.0961,4,34.31,0.0389,19.05,3,0,0.8142772655683371,12.350000000000001,0.0636720360994278
S17,69.67,3.56,40.68,57.86,2.11,0.0405,2,34.09,0.0528,15.97,3,0,0.7030762697759644,6.33,0.05109802625261572
S17,77.71,2.67,31.74,58.53,2.3,0.0701,3,34.0,0.0658,15.54,3,0,0.5422859145248736,9.2,0.034358507996588857
S17,57.76,4.66,37.16,30.93,2.25,0.1453,2,33.57,0.0698,16.99,3,0,1.201422178654323,6.75,0.08067865639219939
S17,75.76,4.57,40.72,50.62,1.83,0.0879,2,33.91,0.0731,12.38,3,0,0.8044249694932892,5.49,0.06032206173151244
S17,70.78,2.85,25.42,52.35,2.51,0.1175,1,33.97,0.0523,19.85,3,0,0.48557774869575,5.02,0.04026560606589346
S17,78.13,5.11,37.3,59.01,2.17,0.1508,1,33.73,0.0548,15.68,3,0,0.6320961477552706,4.34,0.06540380578474264
S17,80.6,3.96,20.03,52.4,3.38,0.1504,1,33.45,0.0835,24.53,3,0,0.382251835448123,6.76,0.04913150755192214
S17,70.74,5.01,36.6,49.07,1.91,0.169,1,33.25,0.071,19.22,3,0,0.745873090305056,3.82,0.07082272111638095
S17,71.82,7.82,44.6,40.84,1.43,0.0893,1,34.13,0.0389,16.2,3,0,1.0920663339700454,2.86,0.10888330424905261
S17,81.38,7.08,47.42,48.49,3.17,0.1046,3,34.18,0.0474,21.49,3,0,0.9779333928782443,12.68,0.0869992520276171
S17,74.22,4.98,38.78,37.99,2.09,0.1502,4,34.67,0.06,16.62,3,0,1.020794677337542,10.45,0.06709780825952462
S17,71.95,4.19,42.93,47.78,2.31,0.042,5,33.73,0.0644,20.09,3,0,0.8984929052965873,13.86,0.05823487724324152
S17,73.69,2.62,31.91,36.77,2.28,0.149,4,33.22,0.0527,16.48,3,0,0.8678267968923586,11.399999999999999,0.035554344476272974
S17,69.87,4.58,33.19,48.01,2.89,0.0925,4,34.11,0.0641,17.59,3,0,0.6913141655250644,14.450000000000001,0.06555029833257502
S17,68.47,3.42,34.11,50.96,2.82,0.104,4,33.91,0.0627,19.77,3,0,0.6693483772864252,14.1,0.04994887542735863
S17,82.11,5.33,37.92,60.45,2.49,0.0552,2,33.99,0.0461,19.85,3,0,0.6272951815888864,7.470000000000001,0.06491291378481137
S17,72.03,3.18,41.86,54.05,3.31,0.1323,4,33.45,0.0456,17.64,3,0,0.7744679418190672,16.55,0.04414826542436965
S17,69.62,2.28,41.52,35.8,2.17,0.0952,2,33.87,0.052,18.25,3,0,1.1597762123530133,6.51,0.03274920529313339
S17,72.08,5.37,32.33,46.17,2.42,0.1558,0,33.41,0.0558,15.42,3,0,0.7002380982806804,2.42,0.07450054460314309
S17,71.62,2.83,42.06,49.92,2.32,0.0972,4,33.99,0.0189,17.83,3,0,0.8425479081434478,11.6,0.039514096688900206
S17,70.53,5.17,35.18,45.64,2.02,0.1231,1,34.15,0.055,18.64,3,0,0.7708149056058489,4.04,0.07330213053989358
S17,78.5,2.98,35.38,27.53,2.62,0.052,2,33.51,0.0558,20.82,3,0,1.2851430130246957,7.86,0.03796177860359508
S17,63.75,3.32,30.75,41.93,2.89,0.0872,2,33.98,0.0597,16.67,3,0,0.7333649574612551,8.67,0.05207842320338459
S17,73.82,1.81,30.48,45.05,2.15,0.0736,2,33.74,0.043,13.41,3,0,0.6765814258420808,6.449999999999999,0.024519097193294884
S17,79.96,4.84,41.02,48.38,2.53,0.0781,3,33.79,0.0529,17.25,3,0,0.847870845830747,10.12,0.06053025756249905
